E80AB9	Cisco Systems, Inc
F01B24	zte corporation
E00630	HUAWEI TECHNOLOGIES CO.,LTD
9CE330	Cisco Meraki
0CB983	Honor Device Co., Ltd.
2CB301	Honor Device Co., Ltd.
E4C767	Intel Corporate
B4DF91	Cisco Meraki
98EE8C	zte corporation
90C710	zte corporation
CCEB5E	Xiaomi Communications Co Ltd
DC5193	zte corporation
F42E48	zte corporation
481BA4	Cisco Systems, Inc
F0EE7A	Apple, Inc.
203AEB	zte corporation
D8DAF1	HUAWEI TECHNOLOGIES CO.,LTD
54443B	HUAWEI TECHNOLOGIES CO.,LTD
5C7075	HUAWEI TECHNOLOGIES CO.,LTD
58AD12	Apple, Inc.
60FDA6	Apple, Inc.
80A997	Apple, Inc.
348C5E	Apple, Inc.
0C75D2	Hangzhou Hikvision Digital Technology Co.,Ltd.
6C03B5	Cisco Systems, Inc
F43A7B	zte corporation
689E29	zte corporation
E44097	GUANGDONG OPPO MOBILE TELECOMMUNICATIONS CORP.,LTD
DCB4CA	GUANGDONG OPPO MOBILE TELECOMMUNICATIONS CORP.,LTD
A002A5	Intel Corporate
5016F4	Motorola Mobility LLC, a Lenovo Company
887B2C	zte corporation
641B2F	Samsung Electronics Co.,Ltd
9C73B1	Samsung Electronics Co.,Ltd
388A06	Samsung Electronics Co.,Ltd
40D4F6	Honor Device Co., Ltd.
B8AB61	Cisco Meraki
782DAD	HUAWEI TECHNOLOGIES CO.,LTD
D06158	HUAWEI TECHNOLOGIES CO.,LTD
244BF1	HUAWEI TECHNOLOGIES CO.,LTD
908855	Cisco Systems, Inc
687161	Cisco Systems, Inc
C4EBFF	zte corporation
D4BAFA	GUANGDONG OPPO MOBILE TELECOMMUNICATIONS CORP.,LTD
4CEC0F	Cisco Systems, Inc
201582	Apple, Inc.
40921A	Apple, Inc.
10E2C9	Apple, Inc.
D0431E	Dell Inc.
F0A0B1	HUAWEI TECHNOLOGIES CO.,LTD
404F42	HUAWEI TECHNOLOGIES CO.,LTD
00C04F	Dell Inc.
00B0D0	Dell Inc.
0019B9	Dell Inc.
001AA0	Dell Inc.
002564	Dell Inc.
A4BADB	Dell Inc.
782BCB	Dell Inc.
14FEB5	Dell Inc.
180373	Dell Inc.
74867A	Dell Inc.
204747	Dell Inc.
000BDB	Dell Inc.
00123F	Dell Inc.
A41F72	Dell Inc.
001C23	Dell Inc.
847BEB	Dell Inc.
989096	Dell Inc.
801844	Dell Inc.
9840BB	Dell Inc.
D481D7	Dell Inc.
54BF64	Dell Inc.
CCC5E5	Dell Inc.
4CD98F	Dell Inc.
DCF401	Dell Inc.
6C2B59	Dell Inc.
C8F750	Dell Inc.
98E743	Dell Inc.
185A58	Dell Inc.
D08E79	Dell Inc.
B44506	Dell Inc.
E0D848	Dell Inc.
04BF1B	Dell Inc.
7066B9	Huawei Device Co., Ltd.
C4A1AE	Huawei Device Co., Ltd.
548C81	Hangzhou Hikvision Digital Technology Co.,Ltd.
244845	Hangzhou Hikvision Digital Technology Co.,Ltd.
74EE8D	Apollo Intelligent Connectivity (Beijing) Technology Co., Ltd.
ECC89C	Hangzhou Hikvision Digital Technology Co.,Ltd.
8CE748	Hangzhou Hikvision Digital Technology Co.,Ltd.
2428FD	Hangzhou Hikvision Digital Technology Co.,Ltd.
ACB92F	Hangzhou Hikvision Digital Technology Co.,Ltd.
D4E853	Hangzhou Hikvision Digital Technology Co.,Ltd.
240F9B	Hangzhou Hikvision Digital Technology Co.,Ltd.
C06DED	Hangzhou Hikvision Digital Technology Co.,Ltd.
2432AE	Hangzhou Hikvision Digital Technology Co.,Ltd.
E0BAAD	Hangzhou Hikvision Digital Technology Co.,Ltd.
E0CA3C	Hangzhou Hikvision Digital Technology Co.,Ltd.
DC07F8	Hangzhou Hikvision Digital Technology Co.,Ltd.
64DB8B	Hangzhou Hikvision Digital Technology Co.,Ltd.
94E1AC	Hangzhou Hikvision Digital Technology Co.,Ltd.
5803FB	Hangzhou Hikvision Digital Technology Co.,Ltd.
4447CC	Hangzhou Hikvision Digital Technology Co.,Ltd.
98DF82	Hangzhou Hikvision Digital Technology Co.,Ltd.
C056E3	Hangzhou Hikvision Digital Technology Co.,Ltd.
BCAD28	Hangzhou Hikvision Digital Technology Co.,Ltd.
9497AE	GUANGDONG OPPO MOBILE TELECOMMUNICATIONS CORP.,LTD
0CBD75	GUANGDONG OPPO MOBILE TELECOMMUNICATIONS CORP.,LTD
AC9073	HUAWEI TECHNOLOGIES CO.,LTD
F09FC2	Ubiquiti Inc
802AA8	Ubiquiti Inc
FC1D3A	HUAWEI TECHNOLOGIES CO.,LTD
E4BEFB	HUAWEI TECHNOLOGIES CO.,LTD
58F8D7	HUAWEI TECHNOLOGIES CO.,LTD
788A20	Ubiquiti Inc
7483C2	Ubiquiti Inc
E063DA	Ubiquiti Inc
245A4C	Ubiquiti Inc
602232	Ubiquiti Inc
E43883	Ubiquiti Inc
B8EA98	Xiaomi Communications Co Ltd
74D558	GUANGDONG OPPO MOBILE TELECOMMUNICATIONS CORP.,LTD
3CF9F0	zte corporation
6877DA	zte corporation
5C64F1	Cisco Systems, Inc
9CDBAF	HUAWEI TECHNOLOGIES CO.,LTD
0C2E57	HUAWEI TECHNOLOGIES CO.,LTD
E8D775	HUAWEI TECHNOLOGIES CO.,LTD
48BCE1	Samsung Electronics Co.,Ltd
D0D003	Samsung Electronics Co.,Ltd
A4FC14	Apple, Inc.
A81AF1	Apple, Inc.
CC08FA	Apple, Inc.
909B6F	Apple, Inc.
7473B4	Apple, Inc.
BC64D9	GUANGDONG OPPO MOBILE TELECOMMUNICATIONS CORP.,LTD
301F48	zte corporation
38FC34	Huawei Device Co., Ltd.
3CF692	Huawei Device Co., Ltd.
940EE7	HUAWEI TECHNOLOGIES CO.,LTD
A8B271	HUAWEI TECHNOLOGIES CO.,LTD
08F1B3	Cisco Meraki
BCE8FA	GUANGDONG OPPO MOBILE TELECOMMUNICATIONS CORP.,LTD
308216	Apple, Inc.
8CD0B2	Beijing Xiaomi Mobile Software Co., Ltd
C4A052	Motorola Mobility LLC, a Lenovo Company
F41A9C	Xiaomi Communications Co Ltd
5C3E06	Cisco Systems, Inc
C828E5	Cisco Systems, Inc
0CFC18	HUAWEI TECHNOLOGIES CO.,LTD
ACAD4B	zte corporation
444988	Intel Corporate
7C296F	Apple, Inc.
40EDCF	Apple, Inc.
8C986B	Apple, Inc.
1C8682	Apple, Inc.
8054E3	Apple, Inc.
102E00	Intel Corporate
203A43	Intel Corporate
F8DE73	HUAWEI TECHNOLOGIES CO.,LTD
EC1A02	HUAWEI TECHNOLOGIES CO.,LTD
D009C8	Cisco Systems, Inc
5CA06C	Realme Chongqing Mobile Telecommunications Corp.,Ltd.
44643C	Cisco Systems, Inc
24161B	Cisco Systems, Inc
3CB07E	Arounds Intelligent Equipment Co., Ltd.
C04E8A	HUAWEI TECHNOLOGIES CO.,LTD
081AFD	Huawei Device Co., Ltd.
C0BFAC	Huawei Device Co., Ltd.
44272E	Huawei Device Co., Ltd.
48C35A	LENOVO(BEIJING)CO., LTD.
240935	Samsung Electronics Co.,Ltd
C0A5E8	Intel Corporate
906584	Intel Corporate
28C5D2	Intel Corporate
E48C73	Realme Chongqing Mobile Telecommunications Corp.,Ltd.
842289	Samsung Electronics Co.,Ltd
E8FF98	Huawei Device Co., Ltd.
241551	Huawei Device Co., Ltd.
58957E	Huawei Device Co., Ltd.
2C9452	HUAWEI TECHNOLOGIES CO.,LTD
6001B1	HUAWEI TECHNOLOGIES CO.,LTD
B8144D	Apple, Inc.
EC28D3	Apple, Inc.
5CBBEE	zte corporation
086518	Apple, Inc.
2C57CE	Apple, Inc.
80398C	Samsung Electronics Co.,Ltd
980D6F	Samsung Electronics Co.,Ltd
1C90FF	Tuya Smart Inc.
D8A0E8	zte corporation
DC6AE7	Xiaomi Communications Co Ltd
7CA449	Xiaomi Communications Co Ltd
E0EF02	Chengdu Quanjing Intelligent Technology Co.,Ltd
B067B5	Apple, Inc.
5C5284	Apple, Inc.
C0956D	Apple, Inc.
3C39C8	Apple, Inc.
A8ABB5	Apple, Inc.
5864C4	Apple, Inc.
BCF88B	zte corporation
3CA7AE	zte corporation
AC3184	Huawei Device Co., Ltd.
503F50	Huawei Device Co., Ltd.
CC29BD	zte corporation
C43D1A	Intel Corporate
04E8B9	Intel Corporate
E02E0B	Intel Corporate
581CF8	Intel Corporate
AC198E	Intel Corporate
C85EA9	Intel Corporate
C8BF4C	Beijing Xiaomi Mobile Software Co., Ltd
ECA62F	HUAWEI TECHNOLOGIES CO.,LTD
0CBEF1	Huawei Device Co., Ltd.
AC936A	Huawei Device Co., Ltd.
38A44B	Huawei Device Co., Ltd.
801970	Samsung Electronics Co.,Ltd
3822F4	Huawei Device Co., Ltd.
149BF3	GUANGDONG OPPO MOBILE TELECOMMUNICATIONS CORP.,LTD
B850D8	Beijing Xiaomi Mobile Software Co., Ltd
10B232	Qingdao Intelligent&Precise Electronics Co.,Ltd.
30D587	Samsung Electronics Co.,Ltd
A042D1	Huawei Device Co., Ltd.
58879F	Huawei Device Co., Ltd.
68A7B4	Honor Device Co., Ltd.
803C20	HUAWEI TECHNOLOGIES CO.,LTD
A4DD58	HUAWEI TECHNOLOGIES CO.,LTD
F8AB82	Xiaomi Communications Co Ltd
EC30B3	Xiaomi Communications Co Ltd
08E63B	zte corporation
88C174	zte corporation
1CAF4A	Samsung Electronics Co.,Ltd
C8120B	Samsung Electronics Co.,Ltd
E8DC6C	Cisco Systems, Inc
B03F64	Apple, Inc.
2C8217	Apple, Inc.
142D4D	Apple, Inc.
EC42CC	Apple, Inc.
B8211C	Apple, Inc.
2CFC8B	GUANGDONG OPPO MOBILE TELECOMMUNICATIONS CORP.,LTD
F8AD24	Realme Chongqing Mobile Telecommunications Corp.,Ltd.
AC51AB	HUAWEI TECHNOLOGIES CO.,LTD
48CDD3	HUAWEI TECHNOLOGIES CO.,LTD
24EBED	HUAWEI TECHNOLOGIES CO.,LTD
A04466	Intellics
388F30	Samsung Electronics Co.,Ltd
504289	zte corporation
B0A4F0	HUAWEI TECHNOLOGIES CO.,LTD
24753A	GUANGDONG OPPO MOBILE TELECOMMUNICATIONS CORP.,LTD
C85895	Motorola Mobility LLC, a Lenovo Company
C0060C	HUAWEI TECHNOLOGIES CO.,LTD
08E021	Honor Device Co., Ltd.
7426FF	zte corporation
C42728	zte corporation
E8D322	Cisco Systems, Inc
DC8084	Apple, Inc.
34B883	Cisco Systems, Inc
80657C	Apple, Inc.
F828C9	HUAWEI TECHNOLOGIES CO.,LTD
FC1193	HUAWEI TECHNOLOGIES CO.,LTD
50874D	GUANGDONG OPPO MOBILE TELECOMMUNICATIONS CORP.,LTD
DCCCE6	Samsung Electronics Co.,Ltd
F065AE	Samsung Electronics Co.,Ltd
5089D1	Huawei Device Co., Ltd.
BCD074	Apple, Inc.
E85177	Qingdao Intelligent&Precise Electronics Co.,Ltd.
8CF8C5	Intel Corporate
A05950	Intel Corporate
40E99B	SAMSUNG ELECTRO-MECHANICS(THAILAND)
90FFD6	Honor Device Co., Ltd.
C0280B	Honor Device Co., Ltd.
9CEA97	Honor Device Co., Ltd.
C89BAD	Honor Device Co., Ltd.
BC455B	Samsung Electronics Co.,Ltd
B03CDC	Intel Corporate
8415D3	HUAWEI TECHNOLOGIES CO.,LTD
D49400	HUAWEI TECHNOLOGIES CO.,LTD
F0AE66	Cosonic Intelligent Technologies Co., Ltd.
3CA916	Huawei Device Co., Ltd.
806A00	Cisco Systems, Inc
C41C07	Samsung Electronics Co.,Ltd
4011C3	Samsung Electronics Co.,Ltd
C47D9F	Samsung Electronics Co.,Ltd
604DE1	HUAWEI TECHNOLOGIES CO.,LTD
704E6B	HUAWEI TECHNOLOGIES CO.,LTD
603D29	HUAWEI TECHNOLOGIES CO.,LTD
10A51D	Intel Corporate
507C6F	Intel Corporate
98DD60	Apple, Inc.
C04442	Apple, Inc.
D468AA	Apple, Inc.
F8C3CC	Apple, Inc.
54C480	HUAWEI TECHNOLOGIES CO.,LTD
088E90	Intel Corporate
E8F9D4	HUAWEI TECHNOLOGIES CO.,LTD
B0C787	HUAWEI TECHNOLOGIES CO.,LTD
0C4F9B	HUAWEI TECHNOLOGIES CO.,LTD
482FD7	HUAWEI TECHNOLOGIES CO.,LTD
7C214A	Intel Corporate
508492	Intel Corporate
A0D7F3	Samsung Electronics Co.,Ltd
7890A2	zte corporation
ACBCD9	Cisco Systems, Inc
D8B053	Xiaomi Communications Co Ltd
6CF784	Xiaomi Communications Co Ltd
546CEB	Intel Corporate
009337	Intel Corporate
58CE2A	Intel Corporate
847B57	Intel Corporate
4006D5	Cisco Systems, Inc
AC5E14	HUAWEI TECHNOLOGIES CO.,LTD
20DF73	HUAWEI TECHNOLOGIES CO.,LTD
48128F	HUAWEI TECHNOLOGIES CO.,LTD
BC2228	D-Link International
103C59	zte corporation
9C5636	Huawei Device Co., Ltd.
B4205B	GUANGDONG OPPO MOBILE TELECOMMUNICATIONS CORP.,LTD
A4C69A	Samsung Electronics Co.,Ltd
8CB87E	Intel Corporate
701AB8	Intel Corporate
5444A3	Samsung Electronics Co.,Ltd
089E84	HUAWEI TECHNOLOGIES CO.,LTD
1082D7	Realme Chongqing Mobile Telecommunications Corp.,Ltd.
D8BE1F	Apple, Inc.
98502E	Apple, Inc.
580AD4	Apple, Inc.
A477F3	Apple, Inc.
CCBCE3	HUAWEI TECHNOLOGIES CO.,LTD
088EDC	Apple, Inc.
A84A28	Apple, Inc.
BC6AD1	Xiaomi Communications Co Ltd
0845D1	Cisco Systems, Inc
3C93F4	HUAWEI TECHNOLOGIES CO.,LTD
504B9E	Huawei Device Co., Ltd.
047AAE	Huawei Device Co., Ltd.
6887C6	Cisco Systems, Inc
80248F	Cisco Systems, Inc
4C50F1	GUANGDONG OPPO MOBILE TELECOMMUNICATIONS CORP.,LTD
84AC16	Apple, Inc.
2CBC87	Apple, Inc.
5078B0	Huawei Device Co., Ltd.
E4072B	Huawei Device Co., Ltd.
2446E4	HUAWEI TECHNOLOGIES CO.,LTD
F42679	Intel Corporate
081C6E	Xiaomi Communications Co Ltd
34243E	zte corporation
F44637	Intel Corporate
505D7A	zte corporation
C41234	Apple, Inc.
3CA6F6	Apple, Inc.
681BEF	HUAWEI TECHNOLOGIES CO.,LTD
4CAB4F	Apple, Inc.
9C583C	Apple, Inc.
7806C9	Huawei Device Co., Ltd.
E8A6CA	Huawei Device Co., Ltd.
CCFA66	Huawei Device Co., Ltd.
A0E70B	Intel Corporate
1C3CD4	HUAWEI TECHNOLOGIES CO.,LTD
F4E451	HUAWEI TECHNOLOGIES CO.,LTD
E40CFD	GUANGDONG OPPO MOBILE TELECOMMUNICATIONS CORP.,LTD
58D697	GUANGDONG OPPO MOBILE TELECOMMUNICATIONS CORP.,LTD
AC74B1	Intel Corporate
A4D73C	Seiko Epson Corporation
24A799	Huawei Device Co., Ltd.
7C3E74	Huawei Device Co., Ltd.
A45590	Xiaomi Communications Co Ltd
B8A377	Cisco Systems, Inc
E44E2D	Cisco Systems, Inc
DC215C	Intel Corporate
C42360	Intel Corporate
103D1C	Intel Corporate
3887D5	Intel Corporate
1CD107	Realme Chongqing Mobile Telecommunications Corp.,Ltd.
F89753	Huawei Device Co., Ltd.
5894AE	Huawei Device Co., Ltd.
B03ACE	Huawei Device Co., Ltd.
F84CDA	HUAWEI TECHNOLOGIES CO.,LTD
FC4EA4	Apple, Inc.
F4BEEC	Apple, Inc.
54E61B	Apple, Inc.
64644A	Beijing Xiaomi Mobile Software Co., Ltd
F4FBB8	HUAWEI TECHNOLOGIES CO.,LTD
A070B7	HUAWEI TECHNOLOGIES CO.,LTD
78B554	Huawei Device Co., Ltd.
689E6A	Huawei Device Co., Ltd.
282B96	Huawei Device Co., Ltd.
002618	ASUSTek COMPUTER INC.
08F606	zte corporation
1CD1E0	Cisco Systems, Inc
E8FD35	Huawei Device Co., Ltd.
ECC5D2	Huawei Device Co., Ltd.
4044FD	Realme Chongqing Mobile Telecommunications Corp.,Ltd.
646EE0	Intel Corporate
0456E5	Intel Corporate
884604	Xiaomi Communications Co Ltd
24456B	Huawei Device Co., Ltd.
483871	Huawei Device Co., Ltd.
6479F0	Intel Corporate
4CF202	Xiaomi Communications Co Ltd
10A4DA	HUAWEI TECHNOLOGIES CO.,LTD
28D3EA	Huawei Device Co., Ltd.
A8F266	Huawei Device Co., Ltd.
CC9C3E	Cisco Meraki
3C9BC6	Huawei Device Co., Ltd.
7C5079	Intel Corporate
8038FB	Intel Corporate
501FC6	Apple, Inc.
CC69FA	Apple, Inc.
10CEE9	Apple, Inc.
AC8247	Intel Corporate
F0258E	HUAWEI TECHNOLOGIES CO.,LTD
9C746F	HUAWEI TECHNOLOGIES CO.,LTD
540910	Apple, Inc.
9CFC28	Apple, Inc.
B485E1	Apple, Inc.
0C19F8	Apple, Inc.
382028	HUAWEI TECHNOLOGIES CO.,LTD
E47727	HUAWEI TECHNOLOGIES CO.,LTD
105107	Intel Corporate
145E69	GUANGDONG OPPO MOBILE TELECOMMUNICATIONS CORP.,LTD
C4E287	HUAWEI TECHNOLOGIES CO.,LTD
54F607	Huawei Device Co., Ltd.
A0A3F0	D-Link International
9C823F	Huawei Device Co., Ltd.
34F716	TP-LINK TECHNOLOGIES CO.,LTD.
F4B301	Intel Corporate
18CE94	Samsung Electronics Co.,Ltd
783716	Samsung Electronics Co.,Ltd
78CF2F	HUAWEI TECHNOLOGIES CO.,LTD
A83B5C	HUAWEI TECHNOLOGIES CO.,LTD
045FB9	Cisco Systems, Inc
04495D	Huawei Device Co., Ltd.
F0FEE7	Huawei Device Co., Ltd.
E8F408	Intel Corporate
484C29	HUAWEI TECHNOLOGIES CO.,LTD
C4D438	HUAWEI TECHNOLOGIES CO.,LTD
54211D	Huawei Device Co., Ltd.
2406AA	GUANGDONG OPPO MOBILE TELECOMMUNICATIONS CORP.,LTD
24649F	Huawei Device Co., Ltd.
0C1773	Huawei Device Co., Ltd.
E81E92	Huawei Device Co., Ltd.
888E68	Huawei Device Co., Ltd.
A4CCB9	Realme Chongqing Mobile Telecommunications Corp.,Ltd.
6CB881	zte corporation
989AB9	zte corporation
008A55	Huawei Device Co., Ltd.
64A28A	Huawei Device Co., Ltd.
AC471B	Huawei Device Co., Ltd.
14AB02	HUAWEI TECHNOLOGIES CO.,LTD
B456E3	Apple, Inc.
4C20B8	Apple, Inc.
1488E6	Apple, Inc.
B0C53C	Cisco Systems, Inc
ECCE13	Cisco Systems, Inc
C418E9	Samsung Electronics Co.,Ltd
1CE57F	Samsung Electronics Co.,Ltd
241145	Xiaomi Communications Co Ltd
D44F67	HUAWEI TECHNOLOGIES CO.,LTD
107100	Huawei Device Co., Ltd.
B4FF98	HUAWEI TECHNOLOGIES CO.,LTD
90808F	Huawei Device Co., Ltd.
F0F7E7	HUAWEI TECHNOLOGIES CO.,LTD
E433AE	GUANGDONG OPPO MOBILE TELECOMMUNICATIONS CORP.,LTD
40B5C1	Cisco Systems, Inc
8454DF	Huawei Device Co., Ltd.
E884A5	Intel Corporate
FC66CF	Apple, Inc.
AC1D06	Apple, Inc.
44A8FC	Apple, Inc.
F81093	Apple, Inc.
5CD89E	Huawei Device Co., Ltd.
D8F883	Intel Corporate
DC774C	Cisco Systems, Inc
FC4482	Intel Corporate
006151	HUAWEI TECHNOLOGIES CO.,LTD
BC76C5	HUAWEI TECHNOLOGIES CO.,LTD
B88035	Shenzhen Qihu Intelligent Technology Company Limited
E4D373	HUAWEI TECHNOLOGIES CO.,LTD
C0BC9A	HUAWEI TECHNOLOGIES CO.,LTD
FC1999	Xiaomi Communications Co Ltd
B8DD71	zte corporation
3C9C0F	Intel Corporate
A802DB	zte corporation
241AE6	Huawei Device Co., Ltd.
FC73FB	HUAWEI TECHNOLOGIES CO.,LTD
94AEF0	Cisco Systems, Inc
58B623	Beijing Xiaomi Mobile Software Co., Ltd
14007D	zte corporation
24E9CA	Huawei Device Co., Ltd.
98B8BC	Samsung Electronics Co.,Ltd
9408C7	Huawei Device Co., Ltd.
C8CA63	Huawei Device Co., Ltd.
9437F7	Huawei Device Co., Ltd.
184E16	Samsung Electronics Co.,Ltd
C03D03	Samsung Electronics Co.,Ltd
D0C637	Intel Corporate
386893	Intel Corporate
903FEA	HUAWEI TECHNOLOGIES CO.,LTD
20AB48	HUAWEI TECHNOLOGIES CO.,LTD
CCD73C	HUAWEI TECHNOLOGIES CO.,LTD
94E70B	Intel Corporate
046C59	Intel Corporate
A0CAA5	INTELLIGENCE TECHNOLOGY OF CEC CO., LTD
E8854B	Apple, Inc.
28EC95	Apple, Inc.
E02B96	Apple, Inc.
105DDC	Huawei Device Co., Ltd.
DC7385	Huawei Device Co., Ltd.
5455D5	Huawei Device Co., Ltd.
54219D	Samsung Electronics Co.,Ltd
3C306F	HUAWEI TECHNOLOGIES CO.,LTD
80E1BF	HUAWEI TECHNOLOGIES CO.,LTD
482CD0	HUAWEI TECHNOLOGIES CO.,LTD
709F2D	zte corporation
A0DE0F	Huawei Device Co., Ltd.
F487C5	Huawei Device Co., Ltd.
3CF652	zte corporation
08AA55	Motorola Mobility LLC, a Lenovo Company
68E209	HUAWEI TECHNOLOGIES CO.,LTD
F4308B	Xiaomi Communications Co Ltd
AC4A56	Cisco Systems, Inc
B0B5C3	GUANGDONG OPPO MOBILE TELECOMMUNICATIONS CORP.,LTD
D0ABD5	Intel Corporate
D4C1C8	zte corporation
88D274	zte corporation
BC5A56	Cisco Systems, Inc
BC0F9A	D-Link International
F4B78D	HUAWEI TECHNOLOGIES CO.,LTD
A416E7	HUAWEI TECHNOLOGIES CO.,LTD
B40931	HUAWEI TECHNOLOGIES CO.,LTD
94E7EA	HUAWEI TECHNOLOGIES CO.,LTD
94E4BA	Huawei Device Co., Ltd.
347146	Huawei Device Co., Ltd.
2CC546	Huawei Device Co., Ltd.
0C839A	Huawei Device Co., Ltd.
E0E0FC	Huawei Device Co., Ltd.
88C397	Beijing Xiaomi Mobile Software Co., Ltd
E0D4E8	Intel Corporate
B440A4	Apple, Inc.
48B8A3	Apple, Inc.
F4DBE3	Apple, Inc.
04BDBF	Samsung Electronics Co.,Ltd
BC7ABF	Samsung Electronics Co.,Ltd
60684E	Samsung Electronics Co.,Ltd
8020FD	Samsung Electronics Co.,Ltd
B4CE40	Samsung Electronics Co.,Ltd
D45EEC	Beijing Xiaomi Electronics Co., Ltd.
74C929	Zhejiang Dahua Technology Co., Ltd.
347839	zte corporation
2C1A01	HUAWEI TECHNOLOGIES CO.,LTD
24169D	Cisco Systems, Inc
6C1632	HUAWEI TECHNOLOGIES CO.,LTD
7422BB	Huawei Device Co., Ltd.
4C6371	Xiaomi Communications Co Ltd
30AB6A	SAMSUNG ELECTRO-MECHANICS(THAILAND)
F80DF0	zte corporation
9CE91C	zte corporation
102959	Apple, Inc.
F06728	GUANGDONG OPPO MOBILE TELECOMMUNICATIONS CORP.,LTD
14F6D8	Intel Corporate
9CE176	Cisco Systems, Inc
B41A1D	Samsung Electronics Co.,Ltd
E47684	Apple, Inc.
F05CD5	Apple, Inc.
70EA5A	Apple, Inc.
4CE176	Cisco Systems, Inc
D028BA	Realme Chongqing MobileTelecommunications Corp Ltd
702F35	HUAWEI TECHNOLOGIES CO.,LTD
8C53C3	Beijing Xiaomi Mobile Software Co., Ltd
D83BBF	Intel Corporate
F4FEFB	Samsung Electronics Co.,Ltd
3C410E	Cisco Systems, Inc
B8C9B5	GUANGDONG OPPO MOBILE TELECOMMUNICATIONS CORP.,LTD
0CE4A0	Huawei Device Co., Ltd.
BC1AE4	Huawei Device Co., Ltd.
740AE1	Huawei Device Co., Ltd.
B4A898	Huawei Device Co., Ltd.
0027E3	Cisco Systems, Inc
7817BE	HUAWEI TECHNOLOGIES CO.,LTD
E04007	Huawei Device Co., Ltd.
90FD73	zte corporation
90812A	Apple, Inc.
B87BC5	Apple, Inc.
4070F5	Apple, Inc.
B035B5	Apple, Inc.
800C67	Apple, Inc.
6CD2BA	zte corporation
70CE8C	Samsung Electronics Co.,Ltd
D88ADC	Huawei Device Co., Ltd.
10E953	Huawei Device Co., Ltd.
6C1C71	Zhejiang Dahua Technology Co., Ltd.
0C2FB0	Samsung Electronics Co.,Ltd
F03F95	HUAWEI TECHNOLOGIES CO.,LTD
185644	HUAWEI TECHNOLOGIES CO.,LTD
9C69D1	HUAWEI TECHNOLOGIES CO.,LTD
B40216	Cisco Systems, Inc
30FBB8	HUAWEI TECHNOLOGIES CO.,LTD
F4BD9E	Cisco Systems, Inc
5885E9	Realme Chongqing MobileTelecommunications Corp Ltd
A44519	Xiaomi Communications Co Ltd
8446FE	HUAWEI TECHNOLOGIES CO.,LTD
D82918	HUAWEI TECHNOLOGIES CO.,LTD
4C1D96	Intel Corporate
94E6F7	Intel Corporate
086083	zte corporation
E01954	zte corporation
10327E	Huawei Device Co., Ltd.
084FA9	Cisco Systems, Inc
084FF9	Cisco Systems, Inc
8CB84A	SAMSUNG ELECTRO-MECHANICS(THAILAND)
2446C8	Motorola Mobility LLC, a Lenovo Company
44D791	HUAWEI TECHNOLOGIES CO.,LTD
D46BA6	HUAWEI TECHNOLOGIES CO.,LTD
CC0577	HUAWEI TECHNOLOGIES CO.,LTD
308BB2	Cisco Systems, Inc
608B0E	Apple, Inc.
001A83	Pegasus Technologies Inc.
50E085	Intel Corporate
6C5E3B	Cisco Systems, Inc
D462EA	HUAWEI TECHNOLOGIES CO.,LTD
54BAD6	HUAWEI TECHNOLOGIES CO.,LTD
24166D	HUAWEI TECHNOLOGIES CO.,LTD
940B19	HUAWEI TECHNOLOGIES CO.,LTD
70C7F2	HUAWEI TECHNOLOGIES CO.,LTD
88F56E	HUAWEI TECHNOLOGIES CO.,LTD
C8C2FA	HUAWEI TECHNOLOGIES CO.,LTD
CC64A6	HUAWEI TECHNOLOGIES CO.,LTD
50AF4D	zte corporation
C8EAF8	zte corporation
08EDED	Zhejiang Dahua Technology Co., Ltd.
9C7BEF	Hewlett Packard
88299C	Samsung Electronics Co.,Ltd
7C8956	Samsung Electronics Co.,Ltd
D09C7A	Xiaomi Communications Co Ltd
DC7196	Intel Corporate
D46A35	Cisco Systems, Inc
C4E39F	GUANGDONG OPPO MOBILE TELECOMMUNICATIONS CORP.,LTD
2479F3	GUANGDONG OPPO MOBILE TELECOMMUNICATIONS CORP.,LTD
F89A78	HUAWEI TECHNOLOGIES CO.,LTD
88F872	HUAWEI TECHNOLOGIES CO.,LTD
EC5623	HUAWEI TECHNOLOGIES CO.,LTD
5486BC	Cisco Systems, Inc
B808CF	Intel Corporate
003085	Cisco Systems, Inc
C4B36A	Cisco Systems, Inc
6C8BD3	Cisco Systems, Inc
50EC50	Beijing Xiaomi Mobile Software Co., Ltd
18022D	HUAWEI TECHNOLOGIES CO.,LTD
8C79F5	Samsung Electronics Co.,Ltd
48F8DB	HUAWEI TECHNOLOGIES CO.,LTD
D81EDD	GUANGDONG OPPO MOBILE TELECOMMUNICATIONS CORP.,LTD
681729	Intel Corporate
88B291	Apple, Inc.
C42AD0	Apple, Inc.
CCD281	Apple, Inc.
C02E25	GUANGDONG OPPO MOBILE TELECOMMUNICATIONS CORP.,LTD
00EEAB	Cisco Systems, Inc
54A703	TP-LINK TECHNOLOGIES CO.,LTD.
58C6F0	GUANGDONG OPPO MOBILE TELECOMMUNICATIONS CORP.,LTD
D43B04	Intel Corporate
84139F	zte corporation
705E55	Realme Chongqing MobileTelecommunications Corp Ltd
04EA56	Intel Corporate
703509	Cisco Systems, Inc
A8B456	Cisco Systems, Inc
2CA9F0	GUANGDONG OPPO MOBILE TELECOMMUNICATIONS CORP.,LTD
6899CD	Cisco Systems, Inc
1040F3	Apple, Inc.
10C595	Lenovo
44E66E	Apple, Inc.
C0E862	Apple, Inc.
F40616	Apple, Inc.
586B14	Apple, Inc.
BCB863	Apple, Inc.
601D91	Motorola Mobility LLC, a Lenovo Company
D4C94B	Motorola Mobility LLC, a Lenovo Company
70BBE9	Xiaomi Communications Co Ltd
64F81C	Huawei Technologies Co., Ltd.
10C753	Qingdao Intelligent&Precise Electronics Co.,Ltd.
00B1E3	Cisco Systems, Inc
A41194	Lenovo
049226	ASUSTek COMPUTER INC.
E4B2FB	Apple, Inc.
04CF8C	XIAOMI Electronics,CO.,LTD
00B771	Cisco Systems, Inc
807D14	HUAWEI TECHNOLOGIES CO.,LTD
20283E	HUAWEI TECHNOLOGIES CO.,LTD
F83880	Apple, Inc.
4C569D	Apple, Inc.
38539C	Apple, Inc.
402619	Apple, Inc.
6CE85C	Apple, Inc.
983B8F	Intel Corporate
B0BE76	TP-LINK TECHNOLOGIES CO.,LTD.
D003DF	Samsung Electronics Co.,Ltd
50579C	Seiko Epson Corporation
B4CB57	GUANGDONG OPPO MOBILE TELECOMMUNICATIONS CORP.,LTD
FC039F	Samsung Electronics Co.,Ltd
88108F	HUAWEI TECHNOLOGIES CO.,LTD
F4631F	HUAWEI TECHNOLOGIES CO.,LTD
A49B4F	HUAWEI TECHNOLOGIES CO.,LTD
18D717	GUANGDONG OPPO MOBILE TELECOMMUNICATIONS CORP.,LTD
1C1BB5	Intel Corporate
A4D990	Samsung Electronics Co.,Ltd
DCF719	Cisco Systems, Inc
342EB6	HUAWEI TECHNOLOGIES CO.,LTD
AC9232	HUAWEI TECHNOLOGIES CO.,LTD
DC8B28	Intel Corporate
40313C	XIAOMI Electronics,CO.,LTD
24D3F2	zte corporation
A0CF5B	Cisco Systems, Inc
8C6D77	HUAWEI TECHNOLOGIES CO.,LTD
302432	Intel Corporate
780CF0	Cisco Systems, Inc
20A60C	Xiaomi Communications Co Ltd
14579F	HUAWEI TECHNOLOGIES CO.,LTD
B44326	HUAWEI TECHNOLOGIES CO.,LTD
3C576C	Samsung Electronics Co.,Ltd
08C5E1	SAMSUNG ELECTRO-MECHANICS(THAILAND)
B0EB57	HUAWEI TECHNOLOGIES CO.,LTD
74C14F	HUAWEI TECHNOLOGIES CO.,LTD
7079B3	Cisco Systems, Inc
149B2F	JiangSu ZhongXie Intelligent Technology co., LTD
00FCBA	Cisco Systems, Inc
68CAE4	Cisco Systems, Inc
781D4A	zte corporation
E4B021	Samsung Electronics Co.,Ltd
F898EF	HUAWEI TECHNOLOGIES CO.,LTD
58F987	HUAWEI TECHNOLOGIES CO.,LTD
A8F5AC	HUAWEI TECHNOLOGIES CO.,LTD
58BAD4	HUAWEI TECHNOLOGIES CO.,LTD
00BE3B	HUAWEI TECHNOLOGIES CO.,LTD
7CA177	HUAWEI TECHNOLOGIES CO.,LTD
242E02	HUAWEI TECHNOLOGIES CO.,LTD
8035C1	Xiaomi Communications Co Ltd
1094BB	Apple, Inc.
A4933F	HUAWEI TECHNOLOGIES CO.,LTD
34E894	TP-LINK TECHNOLOGIES CO.,LTD.
28AC9E	Cisco Systems, Inc
F86FC1	Apple, Inc.
28FF3C	Apple, Inc.
F099B6	Apple, Inc.
88E9FE	Apple, Inc.
38892C	Apple, Inc.
749EAF	Apple, Inc.
94BF2D	Apple, Inc.
2047DA	Xiaomi Communications Co Ltd
7C49EB	XIAOMI Electronics,CO.,LTD
10E7C6	Hewlett Packard
B0ACD2	zte corporation
00BE75	Cisco Systems, Inc
E4C483	GUANGDONG OPPO MOBILE TELECOMMUNICATIONS CORP.,LTD
1831BF	ASUSTek COMPUTER INC.
C048E6	Samsung Electronics Co.,Ltd
F00FEC	HUAWEI TECHNOLOGIES CO.,LTD
AC075F	HUAWEI TECHNOLOGIES CO.,LTD
B8AF67	Hewlett Packard
80CE62	Hewlett Packard
247E12	Cisco Systems, Inc
501CB0	Cisco Systems, Inc
0C5415	Intel Corporate
B4A8B9	Cisco Systems, Inc
40CBC0	Apple, Inc.
38E60A	Xiaomi Communications Co Ltd
08AED6	Samsung Electronics Co.,Ltd
005D73	Cisco Systems, Inc
002790	Cisco Systems, Inc
5C5F67	Intel Corporate
DCBFE9	Motorola Mobility LLC, a Lenovo Company
CC6EA4	Samsung Electronics Co.,Ltd
A816D0	Samsung Electronics Co.,Ltd
A46CF1	Samsung Electronics Co.,Ltd
C4618B	Apple, Inc.
08E689	Apple, Inc.
DC56E7	Apple, Inc.
6CB2AE	Cisco Systems, Inc
3408BC	Apple, Inc.
1C36BB	Apple, Inc.
3C2EFF	Apple, Inc.
24F677	Apple, Inc.
B0CA68	Apple, Inc.
C83C85	Apple, Inc.
5433CB	Apple, Inc.
001530	Dell EMC
9CE063	Samsung Electronics Co.,Ltd
D03169	Samsung Electronics Co.,Ltd
3CC079	Shenzhen One-Nine Intelligent Electronic Science and Technology Co., Ltd
149F3C	Samsung Electronics Co.,Ltd
888279	Shenzhen RB-LINK Intelligent Technology Co.Ltd
104400	HUAWEI TECHNOLOGIES CO.,LTD
B0E17E	HUAWEI TECHNOLOGIES CO.,LTD
E4A7C5	HUAWEI TECHNOLOGIES CO.,LTD
7C6456	Samsung Electronics Co.,Ltd
CC5A53	Cisco Systems, Inc
706BB9	Cisco Systems, Inc
084ACF	GUANGDONG OPPO MOBILE TELECOMMUNICATIONS CORP.,LTD
9C63ED	zte corporation
AC1F74	Apple, Inc.
A85C2C	Apple, Inc.
00DB70	Apple, Inc.
B8634D	Apple, Inc.
A4E975	Apple, Inc.
3035AD	Apple, Inc.
844167	Apple, Inc.
9800C6	Apple, Inc.
E470B8	Intel Corporate
F86EEE	HUAWEI TECHNOLOGIES CO.,LTD
84802D	Cisco Systems, Inc
94D9B3	TP-LINK TECHNOLOGIES CO.,LTD.
4C49E3	Xiaomi Communications Co Ltd
7802B1	Cisco Systems, Inc
F83441	Intel Corporate
A89675	Motorola Mobility LLC, a Lenovo Company
389AF6	Samsung Electronics Co.,Ltd
E0AA96	Samsung Electronics Co.,Ltd
507705	Samsung Electronics Co.,Ltd
188090	Cisco Systems, Inc
B40F3B	Tenda Technology Co.,Ltd.Dongguan branch
786256	HUAWEI TECHNOLOGIES CO.,LTD
B05508	HUAWEI TECHNOLOGIES CO.,LTD
70DF2F	Cisco Systems, Inc
ACED5C	Intel Corporate
9061AE	Intel Corporate
00EC0A	Xiaomi Communications Co Ltd
34F64B	Intel Corporate
74DADA	D-Link International
9097F3	Samsung Electronics Co.,Ltd
7C1C68	Samsung Electronics Co.,Ltd
C087EB	Samsung Electronics Co.,Ltd
C8D7B0	Samsung Electronics Co.,Ltd
88D7F6	ASUSTek COMPUTER INC.
00E18C	Intel Corporate
881544	Cisco Meraki
6045CB	ASUSTek COMPUTER INC.
D4503F	GUANGDONG OPPO MOBILE TELECOMMUNICATIONS CORP.,LTD
E442A6	Intel Corporate
3C678C	HUAWEI TECHNOLOGIES CO.,LTD
28A6DB	HUAWEI TECHNOLOGIES CO.,LTD
14A0F8	HUAWEI TECHNOLOGIES CO.,LTD
70F087	Apple, Inc.
245BA7	Apple, Inc.
28395E	Samsung Electronics Co.,Ltd
38295A	GUANGDONG OPPO MOBILE TELECOMMUNICATIONS CORP.,LTD
049573	zte corporation
F0D7AA	Motorola Mobility LLC, a Lenovo Company
3096FB	Samsung Electronics Co.,Ltd
4827EA	Samsung Electronics Co.,Ltd
7C787E	Samsung Electronics Co.,Ltd
40B034	Hewlett Packard
8CF5A3	SAMSUNG ELECTRO-MECHANICS(THAILAND)
D47AE2	Samsung Electronics Co.,Ltd
3CBD3E	Beijing Xiaomi Electronics Co., Ltd.
407D0F	HUAWEI TECHNOLOGIES CO.,LTD
68CC6E	HUAWEI TECHNOLOGIES CO.,LTD
78C1A7	zte corporation
D8E0E1	Samsung Electronics Co.,Ltd
D8C771	HUAWEI TECHNOLOGIES CO.,LTD
E44790	GUANGDONG OPPO MOBILE TELECOMMUNICATIONS CORP.,LTD
6C19C0	Apple, Inc.
B0702D	Apple, Inc.
8CE117	zte corporation
688AF0	zte corporation
00DBDF	Intel Corporate
80D4A5	HUAWEI TECHNOLOGIES CO.,LTD
04B0E7	HUAWEI TECHNOLOGIES CO.,LTD
446A2E	HUAWEI TECHNOLOGIES CO.,LTD
0026AB	Seiko Epson Corporation
1062EB	D-Link International
D058A8	zte corporation
D071C4	zte corporation
F83F51	Samsung Electronics Co.,Ltd
5001D9	HUAWEI TECHNOLOGIES CO.,LTD
60A4D0	Samsung Electronics Co.,Ltd
24C44A	zte corporation
98541B	Intel Corporate
008701	Samsung Electronics Co.,Ltd
5C9960	Samsung Electronics Co.,Ltd
B0958E	TP-LINK TECHNOLOGIES CO.,LTD.
C025E9	TP-LINK TECHNOLOGIES CO.,LTD.
2C3361	Apple, Inc.
101DC0	Samsung Electronics Co.,Ltd
487B6B	HUAWEI TECHNOLOGIES CO.,LTD
883FD3	HUAWEI TECHNOLOGIES CO.,LTD
78471D	Samsung Electronics Co.,Ltd
A07591	Samsung Electronics Co.,Ltd
0CDFA4	Samsung Electronics Co.,Ltd
68EBAE	Samsung Electronics Co.,Ltd
444E1A	Samsung Electronics Co.,Ltd
E47CF9	Samsung Electronics Co.,Ltd
4844F7	Samsung Electronics Co.,Ltd
001377	Samsung Electronics Co.,Ltd
002454	Samsung Electronics Co.,Ltd
E81132	Samsung Electronics Co.,Ltd
50B7C3	Samsung Electronics Co.,Ltd
1C5A3E	Samsung Electronics Co.,Ltd
A02195	Samsung Electronics Co.,Ltd
5CA39D	SAMSUNG ELECTRO MECHANICS CO., LTD.
90187C	SAMSUNG ELECTRO MECHANICS CO., LTD.
50CCF8	SAMSUNG ELECTRO MECHANICS CO., LTD.
002637	SAMSUNG ELECTRO MECHANICS CO., LTD.
002119	SAMSUNG ELECTRO MECHANICS CO., LTD.
F4D9FB	Samsung Electronics Co.,Ltd
3C6200	Samsung Electronics Co.,Ltd
0017D5	Samsung Electronics Co.,Ltd
001E7D	Samsung Electronics Co.,Ltd
001DF6	Samsung Electronics Co.,Ltd
001D25	Samsung Electronics Co.,Ltd
F06BCA	Samsung Electronics Co.,Ltd
AC3613	Samsung Electronics Co.,Ltd
BC8CCD	SAMSUNG ELECTRO-MECHANICS(THAILAND)
D022BE	SAMSUNG ELECTRO-MECHANICS(THAILAND)
EC9BF3	SAMSUNG ELECTRO-MECHANICS(THAILAND)
343111	Samsung Electronics Co.,Ltd
08FD0E	Samsung Electronics Co.,Ltd
041BBA	Samsung Electronics Co.,Ltd
889B39	Samsung Electronics Co.,Ltd
E432CB	Samsung Electronics Co.,Ltd
10D542	Samsung Electronics Co.,Ltd
A0821F	Samsung Electronics Co.,Ltd
F409D8	SAMSUNG ELECTRO-MECHANICS(THAILAND)
18D276	HUAWEI TECHNOLOGIES CO.,LTD
C06599	Samsung Electronics Co.,Ltd
BC79AD	Samsung Electronics Co.,Ltd
4C3C16	Samsung Electronics Co.,Ltd
0073E0	Samsung Electronics Co.,Ltd
F0E77E	Samsung Electronics Co.,Ltd
F008F1	Samsung Electronics Co.,Ltd
58C38B	Samsung Electronics Co.,Ltd
00E3B2	Samsung Electronics Co.,Ltd
301966	Samsung Electronics Co.,Ltd
94350A	Samsung Electronics Co.,Ltd
84EF18	Intel Corporate
AC6175	HUAWEI TECHNOLOGIES CO.,LTD
244427	HUAWEI TECHNOLOGIES CO.,LTD
48FD8E	HUAWEI TECHNOLOGIES CO.,LTD
A098ED	Shandong Intelligent Optical Communication Development Co., Ltd.
4849C7	Samsung Electronics Co.,Ltd
849866	Samsung Electronics Co.,Ltd
286C07	XIAOMI Electronics,CO.,LTD
001925	Intelicis Corporation
9476B7	Samsung Electronics Co.,Ltd
F0421C	Intel Corporate
4C6641	SAMSUNG ELECTRO-MECHANICS(THAILAND)
E0ACF1	Cisco Systems, Inc
5CA86A	HUAWEI TECHNOLOGIES CO.,LTD
001D7E	Cisco-Linksys, LLC
3876CA	Shenzhen Smart Intelligent Technology Co.Ltd
FC2D5E	zte corporation
B8BBAF	Samsung Electronics Co.,Ltd
60C5AD	Samsung Electronics Co.,Ltd
042758	HUAWEI TECHNOLOGIES CO.,LTD
9CE374	HUAWEI TECHNOLOGIES CO.,LTD
24F094	Apple, Inc.
086D41	Apple, Inc.
ECADB8	Apple, Inc.
9801A7	Apple, Inc.
B4D5BD	Intel Corporate
28E31F	Xiaomi Communications Co Ltd
DCD916	HUAWEI TECHNOLOGIES CO.,LTD
0060B0	Hewlett Packard
083FBC	zte corporation
30E37A	Intel Corporate
9C741A	HUAWEI TECHNOLOGIES CO.,LTD
E4A8B6	HUAWEI TECHNOLOGIES CO.,LTD
244C07	HUAWEI TECHNOLOGIES CO.,LTD
00C164	Cisco Systems, Inc
CCB11A	Samsung Electronics Co.,Ltd
1C5F2B	D-Link International
E4FAED	Samsung Electronics Co.,Ltd
288335	Samsung Electronics Co.,Ltd
DCCF96	Samsung Electronics Co.,Ltd
D4612E	HUAWEI TECHNOLOGIES CO.,LTD
54511B	HUAWEI TECHNOLOGIES CO.,LTD
84683E	Intel Corporate
E0C767	Apple, Inc.
80ED2C	Apple, Inc.
E4B318	Intel Corporate
9C5C8E	ASUSTek COMPUTER INC.
84BA3B	CANON INC.
AC61EA	Apple, Inc.
38B54D	Apple, Inc.
1C5CF2	Apple, Inc.
A80600	Samsung Electronics Co.,Ltd
008077	Brother industries, LTD.
C4576E	Samsung Electronics Co.,Ltd
508569	Samsung Electronics Co.,Ltd
A0B4A5	Samsung Electronics Co.,Ltd
E4F8EF	Samsung Electronics Co.,Ltd
24F5AA	Samsung Electronics Co.,Ltd
988389	Samsung Electronics Co.,Ltd
84A466	Samsung Electronics Co.,Ltd
F05A09	Samsung Electronics Co.,Ltd
503275	Samsung Electronics Co.,Ltd
08FC88	Samsung Electronics Co.,Ltd
F8D0BD	Samsung Electronics Co.,Ltd
78595E	Samsung Electronics Co.,Ltd
0C1420	Samsung Electronics Co.,Ltd
94B10A	Samsung Electronics Co.,Ltd
3CBBFD	Samsung Electronics Co.,Ltd
A48431	Samsung Electronics Co.,Ltd
002675	Aztech Electronics Pte Ltd
745AAA	HUAWEI TECHNOLOGIES CO.,LTD
04FE8D	HUAWEI TECHNOLOGIES CO.,LTD
705A0F	Hewlett Packard
001F3B	Intel Corporate
00215D	Intel Corporate
00216A	Intel Corporate
001676	Intel Corporate
0016EA	Intel Corporate
90E2BA	Intel Corporate
0026C7	Intel Corporate
0026C6	Intel Corporate
88532E	Intel Corporate
E09467	Intel Corporate
08D40C	Intel Corporate
6C8814	Intel Corporate
7CCCB8	Intel Corporate
F40669	Intel Corporate
001DE1	Intel Corporate
E09D31	Intel Corporate
8086F2	Intel Corporate
303A64	Intel Corporate
ACFDCE	Intel Corporate
C8F230	GUANGDONG OPPO MOBILE TELECOMMUNICATIONS CORP.,LTD
8C0EE3	GUANGDONG OPPO MOBILE TELECOMMUNICATIONS CORP.,LTD
001B77	Intel Corporate
001CC0	Intel Corporate
104A7D	Intel Corporate
B07994	Motorola Mobility LLC, a Lenovo Company
A470D6	Motorola Mobility LLC, a Lenovo Company
B499BA	Hewlett Packard
0050BA	D-Link Corporation
00179A	D-Link Corporation
001CF0	D-Link Corporation
001E58	D-Link Corporation
0022B0	D-Link Corporation
002401	D-Link Corporation
1CAFF7	D-Link International
14D64D	D-Link International
9094E4	D-Link International
0014BF	Cisco-Linksys, LLC
CCB255	D-Link International
28107B	D-Link International
FC7516	D-Link International
84C9B2	D-Link International
C8D3A3	D-Link International
48AD08	HUAWEI TECHNOLOGIES CO.,LTD
4CFB45	HUAWEI TECHNOLOGIES CO.,LTD
009ACD	HUAWEI TECHNOLOGIES CO.,LTD
28ED6A	Apple, Inc.
E4F89C	Intel Corporate
2C4138	Hewlett Packard
441EA1	Hewlett Packard
78E7D1	Hewlett Packard
001CC4	Hewlett Packard
001E0B	Hewlett Packard
6CA100	Intel Corporate
A402B9	Intel Corporate
DC5360	Intel Corporate
000CF1	Intel Corporation
0012F0	Intel Corporate
5CB901	Hewlett Packard
DC4A3E	Hewlett Packard
9CB654	Hewlett Packard
6C3BE5	Hewlett Packard
A0B3CC	Hewlett Packard
ECB1D7	Hewlett Packard
784859	Hewlett Packard
3464A9	Hewlett Packard
3863BB	Hewlett Packard
002264	Hewlett Packard
0025B3	Hewlett Packard
643150	Hewlett Packard
7CB15D	HUAWEI TECHNOLOGIES CO.,LTD
88CF98	HUAWEI TECHNOLOGIES CO.,LTD
B05ADA	Hewlett Packard
001083	Hewlett Packard
A4D18C	Apple, Inc.
241EEB	Apple, Inc.
CC25EF	Apple, Inc.
002719	TP-LINK TECHNOLOGIES CO.,LTD.
40169F	TP-LINK TECHNOLOGIES CO.,LTD.
F4EC38	TP-LINK TECHNOLOGIES CO.,LTD.
808917	TP-LINK TECHNOLOGIES CO.,LTD.
A09347	GUANGDONG OPPO MOBILE TELECOMMUNICATIONS CORP.,LTD
E8BBA8	GUANGDONG OPPO MOBILE TELECOMMUNICATIONS CORP.,LTD
B0AA36	GUANGDONG OPPO MOBILE TELECOMMUNICATIONS CORP.,LTD
9CD24B	zte corporation
C87B5B	zte corporation
0019C6	zte corporation
90F652	TP-LINK TECHNOLOGIES CO.,LTD.
14CF92	TP-LINK TECHNOLOGIES CO.,LTD.
20DCE6	TP-LINK TECHNOLOGIES CO.,LTD.
14CC20	TP-LINK TECHNOLOGIES CO.,LTD.
84742A	zte corporation
38F889	HUAWEI TECHNOLOGIES CO.,LTD
D07AB5	HUAWEI TECHNOLOGIES CO.,LTD
904E2B	HUAWEI TECHNOLOGIES CO.,LTD
2008ED	HUAWEI TECHNOLOGIES CO.,LTD
B43052	HUAWEI TECHNOLOGIES CO.,LTD
80D09B	HUAWEI TECHNOLOGIES CO.,LTD
1C8E5C	HUAWEI TECHNOLOGIES CO.,LTD
002568	HUAWEI TECHNOLOGIES CO.,LTD
781DBA	HUAWEI TECHNOLOGIES CO.,LTD
00259E	HUAWEI TECHNOLOGIES CO.,LTD
FC48EF	HUAWEI TECHNOLOGIES CO.,LTD
707BE8	HUAWEI TECHNOLOGIES CO.,LTD
4C1FCC	HUAWEI TECHNOLOGIES CO.,LTD
D4B110	HUAWEI TECHNOLOGIES CO.,LTD
E468A3	HUAWEI TECHNOLOGIES CO.,LTD
8853D4	HUAWEI TECHNOLOGIES CO.,LTD
04C06F	HUAWEI TECHNOLOGIES CO.,LTD
202BC1	HUAWEI TECHNOLOGIES CO.,LTD
54A51B	HUAWEI TECHNOLOGIES CO.,LTD
D46AA8	HUAWEI TECHNOLOGIES CO.,LTD
B8BC1B	HUAWEI TECHNOLOGIES CO.,LTD
582AF7	HUAWEI TECHNOLOGIES CO.,LTD
0034FE	HUAWEI TECHNOLOGIES CO.,LTD
C85195	HUAWEI TECHNOLOGIES CO.,LTD
40CBA8	HUAWEI TECHNOLOGIES CO.,LTD
D46E5C	HUAWEI TECHNOLOGIES CO.,LTD
4C8BEF	HUAWEI TECHNOLOGIES CO.,LTD
3400A3	HUAWEI TECHNOLOGIES CO.,LTD
00E08F	Cisco Systems, Inc
001868	Cisco SPVTG
887556	Cisco Systems, Inc
FC9947	Cisco Systems, Inc
6C2056	Cisco Systems, Inc
ACF2C5	Cisco Systems, Inc
005053	Cisco Systems, Inc
005050	Cisco Systems, Inc
00906D	Cisco Systems, Inc
0090AB	Cisco Systems, Inc
005054	Cisco Systems, Inc
00500B	Cisco Systems, Inc
2401C7	Cisco Systems, Inc
6886A7	Cisco Systems, Inc
08CC68	Cisco Systems, Inc
5006AB	Cisco Systems, Inc
00E0A3	Cisco Systems, Inc
00902B	Cisco Systems, Inc
3C0E23	Cisco Systems, Inc
00E018	ASUSTek COMPUTER INC.
000C6E	ASUSTek COMPUTER INC.
000EA6	ASUSTek COMPUTER INC.
001D60	ASUSTek COMPUTER INC.
0015F2	ASUSTek COMPUTER INC.
90E6BA	ASUSTek COMPUTER INC.
0C2724	Cisco Systems, Inc
6C416A	Cisco Systems, Inc
ECE1A9	Cisco Systems, Inc
1CE85D	Cisco Systems, Inc
A89D21	Cisco Systems, Inc
689CE2	Cisco Systems, Inc
C067AF	Cisco Systems, Inc
C0255C	Cisco Systems, Inc
F44E05	Cisco Systems, Inc
881DFC	Cisco Systems, Inc
A0F849	Cisco Systems, Inc
6CFA89	Cisco Systems, Inc
F46D04	ASUSTek COMPUTER INC.
001011	Cisco Systems, Inc
00000C	Cisco Systems, Inc
046273	Cisco Systems, Inc
28CFE9	Apple, Inc.
002608	Apple, Inc.
0026B0	Apple, Inc.
0026BB	Apple, Inc.
D49A20	Apple, Inc.
F81EDF	Apple, Inc.
D8B190	Cisco Systems, Inc
80E86F	Cisco Systems, Inc
AC7E8A	Cisco Systems, Inc
185933	Cisco SPVTG
445829	Cisco SPVTG
602AD0	Cisco SPVTG
001451	Apple, Inc.
001E52	Apple, Inc.
0021E9	Apple, Inc.
CC08E0	Apple, Inc.
F0B479	Apple, Inc.
00A040	Apple, Inc.
003065	Apple, Inc.
0023BE	Cisco SPVTG
3CD0F8	Apple, Inc.
680927	Apple, Inc.
6CC26B	Apple, Inc.
44D884	Apple, Inc.
64200C	Apple, Inc.
40B395	Apple, Inc.
44FB42	Apple, Inc.
E88D28	Apple, Inc.
949426	Apple, Inc.
207D74	Apple, Inc.
F4F15A	Apple, Inc.
C86F1D	Apple, Inc.
B065BD	Apple, Inc.
8C2DAA	Apple, Inc.
848506	Apple, Inc.
98FE94	Apple, Inc.
D8004D	Apple, Inc.
1093E9	Apple, Inc.
442A60	Apple, Inc.
C82A14	Apple, Inc.
3C0754	Apple, Inc.
C8334B	Apple, Inc.
64E682	Apple, Inc.
9C207B	Apple, Inc.
A4B197	Apple, Inc.
A4D1D2	Apple, Inc.
28CFDA	Apple, Inc.
542696	Apple, Inc.
64A3CB	Apple, Inc.
30F7C5	Apple, Inc.
3090AB	Apple, Inc.
045453	Apple, Inc.
F4F951	Apple, Inc.
C06394	Apple, Inc.
18AF8F	Apple, Inc.
C8B5B7	Apple, Inc.
90B21F	Apple, Inc.
B8E856	Apple, Inc.
2078F0	Apple, Inc.
E0ACCB	Apple, Inc.
A0999B	Apple, Inc.
24240E	Apple, Inc.
903C92	Apple, Inc.
AC87A3	Apple, Inc.
D8BB2C	Apple, Inc.
D04F7E	Apple, Inc.
9CF387	Apple, Inc.
B418D1	Apple, Inc.
F0DBF8	Apple, Inc.
48746E	Apple, Inc.
34363B	Apple, Inc.
D0A637	Apple, Inc.
789F70	Apple, Inc.
A85B78	Apple, Inc.
FCE998	Apple, Inc.
0CBC9F	Apple, Inc.
D89695	Apple, Inc.
1499E2	Apple, Inc.
A88E24	Apple, Inc.
68AE20	Apple, Inc.
54AE27	Apple, Inc.
C8F650	Apple, Inc.
D81D72	Apple, Inc.
341298	Apple, Inc.
70E72C	Apple, Inc.
70ECE4	Apple, Inc.
68A828	HUAWEI TECHNOLOGIES CO.,LTD
CC20E8	Apple, Inc.
BC9C31	HUAWEI TECHNOLOGIES CO.,LTD
70480F	Apple, Inc.
F0B0E7	Apple, Inc.
E4C2D1	HUAWEI TECHNOLOGIES CO.,LTD
0469F8	Apple, Inc.
845B12	HUAWEI TECHNOLOGIES CO.,LTD
205531	Samsung Electronics Co.,Ltd
E8B4C8	Samsung Electronics Co.,Ltd
D087E2	Samsung Electronics Co.,Ltd
F05B7B	Samsung Electronics Co.,Ltd
B047BF	Samsung Electronics Co.,Ltd
7C0BC6	Samsung Electronics Co.,Ltd
C412F5	D-Link International
E02CB2	Lenovo Mobile Communication (Wuhan) Company Limited
5440AD	Samsung Electronics Co.,Ltd
E89120	Motorola Mobility LLC, a Lenovo Company
D4F9A1	HUAWEI TECHNOLOGIES CO.,LTD
FC8F90	Samsung Electronics Co.,Ltd
804E81	Samsung Electronics Co.,Ltd
74042B	Lenovo Mobile Communication (Wuhan) Company Limited
4480EB	Motorola Mobility LLC, a Lenovo Company
94F19E	HUIZHOU MAORONG INTELLIGENT TECHNOLOGY CO.,LTD
60128B	CANON INC.
9CD35B	Samsung Electronics Co.,Ltd
A89FBA	Samsung Electronics Co.,Ltd
BCD165	Cisco SPVTG
D05BA8	zte corporation
74547D	Cisco SPVTG
54A050	ASUSTek COMPUTER INC.
6099D1	Vuzix / Lenovo
58108C	Intelbras
D437D7	zte corporation
10C37B	ASUSTek COMPUTER INC.
D059E4	Samsung Electronics Co.,Ltd
14A364	Samsung Electronics Co.,Ltd
DC663A	Apacer Technology Inc.
54C80F	TP-LINK TECHNOLOGIES CO.,LTD.
E4D332	TP-LINK TECHNOLOGIES CO.,LTD.
E03F49	ASUSTek COMPUTER INC.
B0C554	D-Link International
C4E984	TP-LINK TECHNOLOGIES CO.,LTD.
5422F8	zte corporation
CC7B35	zte corporation
C8DDC9	Lenovo Mobile Communication Technology Ltd.
282CB2	TP-LINK TECHNOLOGIES CO.,LTD.
E8DE27	TP-LINK TECHNOLOGIES CO.,LTD.
BCD177	TP-LINK TECHNOLOGIES CO.,LTD.
901D27	zte corporation
9C3178	Foshan Huadian Intelligent Communications Teachnologies Co.,Ltd
8CE081	zte corporation
48F8B3	Cisco-Linksys, LLC
604616	XIAMEN VANN INTELLIGENT CO., LTD
48282F	zte corporation
A4934C	Cisco Systems, Inc
5057A8	Cisco Systems, Inc
00DEFB	Cisco Systems, Inc
442B03	Cisco Systems, Inc
C40ACB	Cisco Systems, Inc
D4A02A	Cisco Systems, Inc
649EF3	Cisco Systems, Inc
64A0E7	Cisco Systems, Inc
CCEF48	Cisco Systems, Inc
64AE0C	Cisco Systems, Inc
B8621F	Cisco Systems, Inc
D0C282	Cisco Systems, Inc
5835D9	Cisco Systems, Inc
88F077	Cisco Systems, Inc
40F4EC	Cisco Systems, Inc
E05FB9	Cisco Systems, Inc
F02572	Cisco Systems, Inc
588D09	Cisco Systems, Inc
C0C1C0	Cisco-Linksys, LLC
5CD998	D-Link Corporation
58BC27	Cisco Systems, Inc
18EF63	Cisco Systems, Inc
A8B1D4	Cisco Systems, Inc
C84C75	Cisco Systems, Inc
1C17D3	Cisco Systems, Inc
A40CC3	Cisco Systems, Inc
C08B6F	S I Sistemas Inteligentes Eletrônicos Ltda
ECC882	Cisco Systems, Inc
003A99	Cisco Systems, Inc
003A9A	Cisco Systems, Inc
003A98	Cisco Systems, Inc
006440	Cisco Systems, Inc
8843E1	Cisco Systems, Inc
C47D4F	Cisco Systems, Inc
3CDF1E	Cisco Systems, Inc
9CAFCA	Cisco Systems, Inc
EC3091	Cisco Systems, Inc
F4ACC1	Cisco Systems, Inc
00270C	Cisco Systems, Inc
00260B	Cisco Systems, Inc
002651	Cisco Systems, Inc
002621	InteliCloud Technology Inc.
002538	Samsung Electronics Co., Ltd., Memory Division
002583	Cisco Systems, Inc
0024F9	Cisco Systems, Inc
0024C3	Cisco Systems, Inc
0024C4	Cisco Systems, Inc
002413	Cisco Systems, Inc
0023AC	Cisco Systems, Inc
002334	Cisco Systems, Inc
0022A1	Huawei Symantec Technologies Co.,Ltd.
0022E6	Intelligent Data
002155	Cisco Systems, Inc
001F9D	Cisco Systems, Inc
001F6C	Cisco Systems, Inc
001E6B	Cisco SPVTG
001D70	Cisco Systems, Inc
001B0C	Cisco Systems, Inc
001AE2	Cisco Systems, Inc
001AE7	Aztek Networks, Inc.
001A2F	Cisco Systems, Inc
0019A9	Cisco Systems, Inc
001906	Cisco Systems, Inc
001956	Cisco Systems, Inc
0017E0	Cisco Systems, Inc
00170E	Cisco Systems, Inc
001646	Cisco Systems, Inc
0016C7	Cisco Systems, Inc
0015C7	Cisco Systems, Inc
0014F1	Cisco Systems, Inc
001319	Cisco Systems, Inc
001280	Cisco Systems, Inc
00127F	Cisco Systems, Inc
001243	Cisco Systems, Inc
0011BB	Cisco Systems, Inc
000FF8	Cisco Systems, Inc
000E84	Cisco Systems, Inc
000DEC	Cisco Systems, Inc
000CC7	Intelligent Computer Solutions Inc.
000AB8	Cisco Systems, Inc
00097C	Cisco Systems, Inc
00097B	Cisco Systems, Inc
0008E3	Cisco Systems, Inc
000821	Cisco Systems, Inc
000820	Cisco Systems, Inc
0006D7	Cisco Systems, Inc
00055E	Cisco Systems, Inc
000573	Cisco Systems, Inc
0004C1	Cisco Systems, Inc
0003E4	Cisco Systems, Inc
0003A0	Cisco Systems, Inc
00027D	Cisco Systems, Inc
000217	Cisco Systems, Inc
000220	CANON FINETECH INC.
0001C7	Cisco Systems, Inc
000164	Cisco Systems, Inc
00B04A	Cisco Systems, Inc
000124	Acer Incorporated
000142	Cisco Systems, Inc
0030A3	Cisco Systems, Inc
003071	Cisco Systems, Inc
003096	Cisco Systems, Inc
00307B	Cisco Systems, Inc
00D097	Cisco Systems, Inc
00D063	Cisco Systems, Inc
0030F2	Cisco Systems, Inc
00D0BA	Cisco Systems, Inc
00D0E4	Cisco Systems, Inc
00D079	Cisco Systems, Inc
0060AA	INTELLIGENT DEVICES INC. (IDI)
006067	ACER NETXUS INC.
54DED3	zte corporation
749B89	HUAWEI TECHNOLOGIES CO.,LTD
50A6D8	Apple, Inc.
68CAC4	Apple, Inc.
80F5AE	Hangzhou Hikvision Digital Technology Co.,Ltd.
9415B2	Huawei Device Co., Ltd.
74205F	Shenzhen Zhongruixin Intelligent Technology Co., Ltd.
5CC787	Huawei Device Co., Ltd.
845075	Huawei Device Co., Ltd.
50131D	Motorola Mobility LLC, a Lenovo Company
F0F7FC	HUAWEI TECHNOLOGIES CO.,LTD
30FFFD	HUAWEI TECHNOLOGIES CO.,LTD
B0995A	HUAWEI TECHNOLOGIES CO.,LTD
00F7AD	HUAWEI TECHNOLOGIES CO.,LTD
A0D1B3	Apple, Inc.
7C4B26	Apple, Inc.
24D5E4	Cisco Systems, Inc
CC115A	Apple, Inc.
90D432	zte corporation
785333	Beijing Xiaomi Electronics Co.,Ltd
9432C1	Honor Device Co., Ltd.
CC4D75	Beijing Xiaomi Mobile Software Co., Ltd
107C61	ASUSTek COMPUTER INC.
6C7F0C	Cisco Meraki
5CB26D	Intel Corporate
E02EFE	Zhejiang Dahua Technology Co., Ltd.
CCA08F	zte corporation
E8B0C5	Intel Corporate
6C51E4	Huawei Device Co., Ltd.
B0FA8B	Huawei Device Co., Ltd.
E8288D	Huawei Device Co., Ltd.
F462DC	Huawei Device Co., Ltd.
44303F	HUAWEI TECHNOLOGIES CO.,LTD
5C07A6	HUAWEI TECHNOLOGIES CO.,LTD
CC1E56	HUAWEI TECHNOLOGIES CO.,LTD
38C6BD	Xiaomi Communications Co Ltd
A8BA69	Samsung Electronics Co.,Ltd
A83CA5	Dell Inc.
0C6AC4	Apple, Inc.
BC37D3	Apple, Inc.
20CC27	Cisco Systems, Inc
0C517E	Apple, Inc.
04E4B6	Samsung Electronics Co.,Ltd
E4A7D0	HUAWEI TECHNOLOGIES CO.,LTD
B42BB9	HUAWEI TECHNOLOGIES CO.,LTD
AC8C46	Beijing Xiaomi Mobile Software Co., Ltd
7C7B1C	Motorola Mobility LLC, a Lenovo Company
FC3CD7	Tuya Smart Inc.
B09C63	Xiaomi Communications Co Ltd
E89847	Xiaomi Communications Co Ltd
508811	Beijing Xiaomi Mobile Software Co., Ltd
F8C4FA	GUANGDONG OPPO MOBILE TELECOMMUNICATIONS CORP.,LTD
D0460C	Dell Inc.
6453E0	HUAWEI TECHNOLOGIES CO.,LTD
C0E5DA	Qingdao Intelligent&Precise Electronics Co.,Ltd.
6C483F	Xiaomi Communications Co Ltd
3CAFB7	Xiaomi Communications Co Ltd
4800B3	Cisco Systems, Inc
2CB68F	HUAWEI TECHNOLOGIES CO.,LTD
C8D1A9	HUAWEI TECHNOLOGIES CO.,LTD
DC71D0	Apple, Inc.
9CFA76	Apple, Inc.
20FA85	Apple, Inc.
9C1A25	Apple, Inc.
A0782D	Apple, Inc.
D011E5	Apple, Inc.
40DA5C	Apple, Inc.
5C9175	Apple, Inc.
44F770	Beijing Xiaomi Mobile Software Co., Ltd
D86BFC	zte corporation
A8595F	Intel Corporate
CC28AA	ASUSTek COMPUTER INC.
E8BFB8	Intel Corporate
E85497	Samsung Electronics Co.,Ltd
14E01D	Samsung Electronics Co.,Ltd
40DE24	Samsung Electronics Co.,Ltd
F0D805	Cisco Systems, Inc
787E42	zte corporation
A0FAC8	HUAWEI TECHNOLOGIES CO.,LTD
6429FF	HUAWEI TECHNOLOGIES CO.,LTD
C09B63	HUAWEI TECHNOLOGIES CO.,LTD
94E6BA	Samsung Electronics Co.,Ltd
746DFA	Samsung Electronics Co.,Ltd
980709	Huawei Device Co., Ltd.
0441A5	Apple, Inc.
1C0EC2	Apple, Inc.
E85FB4	Xiaomi Communications Co Ltd
ACEAEA	HUAWEI TECHNOLOGIES CO.,LTD
38F195	HUAWEI TECHNOLOGIES CO.,LTD
982A0A	Intelbras
1402EC	Hewlett Packard Enterprise 
1C98EC	Hewlett Packard Enterprise 
24F27F	Hewlett Packard Enterprise 
808DB7	Hewlett Packard Enterprise 
941882	Hewlett Packard Enterprise 
34FCB9	Hewlett Packard Enterprise 
484AE9	Hewlett Packard Enterprise 
4CAEA3	Hewlett Packard Enterprise 
20A6CD	Hewlett Packard Enterprise 
703A0E	Hewlett Packard Enterprise
6CC49F	Hewlett Packard Enterprise
EC50AA	Hewlett Packard Enterprise
F061C0	Hewlett Packard Enterprise
B01F8C	Hewlett Packard Enterprise
48B4C3	Hewlett Packard Enterprise
209CB4	Hewlett Packard Enterprise
4CD587	Hewlett Packard Enterprise
9C3708	Hewlett Packard Enterprise
34C515	Hewlett Packard Enterprise
6026EF	Hewlett Packard Enterprise
BCD7A5	Hewlett Packard Enterprise
187A3B	Hewlett Packard Enterprise
B86CE0	Hewlett Packard Enterprise 
204C03	Hewlett Packard Enterprise
F01AA0	Hewlett Packard Enterprise
A0A001	Hewlett Packard Enterprise
8C7909	Hewlett Packard Enterprise
000B86	Hewlett Packard Enterprise
883A30	Hewlett Packard Enterprise
7CA62A	Hewlett Packard Enterprise 
2462CE	Hewlett Packard Enterprise
68C6AC	Intel Corporate
BC3898	Intel Corporate
A04F52	Intel Corporate
84F2C1	zte corporation
D06DC8	HUAWEI TECHNOLOGIES CO.,LTD
286B5C	Cisco Systems, Inc
5879E0	Samsung Electronics Co.,Ltd
C47764	Samsung Electronics Co.,Ltd
607FCB	Samsung Electronics Co.,Ltd
BC2978	Prama Hikvision India Private Limited
1CF64C	Apple, Inc.
AC5C2C	Apple, Inc.
50F265	Apple, Inc.
C06C0C	Apple, Inc.
9CDAA8	Apple, Inc.
0C07DF	Xiaomi Communications Co Ltd
0CEA14	Ubiquiti Inc
203B34	Xiaomi Communications Co Ltd
A42902	Hangzhou Hikvision Digital Technology Co.,Ltd.
6CD008	zte corporation
508CC9	zte corporation
346E68	HUAWEI TECHNOLOGIES CO.,LTD
CC9096	Huawei Device Co., Ltd.
2CE2D9	Huawei Device Co., Ltd.
8492E5	HUAWEI TECHNOLOGIES CO.,LTD
5CEB52	zte corporation
FCABF5	zte corporation
60CF84	ASUSTek COMPUTER INC.
685134	Hewlett Packard Enterprise
CC6E2A	Cisco Meraki
0CC56C	Apple, Inc.
983FE8	Samsung Electronics Co.,Ltd
10ABC9	Samsung Electronics Co.,Ltd
CC4B04	Apple, Inc.
4409DA	Apple, Inc.
809698	Apple, Inc.
C484FC	Apple, Inc.
88F4DA	Intel Corporate
EC8E77	Intel Corporate
30E3A4	Intel Corporate
74F90F	HUAWEI TECHNOLOGIES CO.,LTD
2014C4	HUAWEI TECHNOLOGIES CO.,LTD
50056E	GUANGDONG OPPO MOBILE TELECOMMUNICATIONS CORP.,LTD
4CF475	Huawei Device Co., Ltd.
3C4AC9	Huawei Device Co., Ltd.
2C0D27	Huawei Device Co., Ltd.
94CFB0	Huawei Device Co., Ltd.
5805D9	Seiko Epson Corporation
A4A584	Cisco Systems, Inc
58ED99	zte corporation
981CA2	Apple, Inc.
E8FFF4	Apple, Inc.
0C1563	Apple, Inc.
3CDD57	Apple, Inc.
7C3B2D	Apple, Inc.
EC536F	HUAWEI TECHNOLOGIES CO.,LTD
D801D0	HUAWEI TECHNOLOGIES CO.,LTD
84EE7F	HUAWEI TECHNOLOGIES CO.,LTD
7CFAD6	Realme Chongqing Mobile Telecommunications Corp.,Ltd.
788371	HUAWEI TECHNOLOGIES CO.,LTD
3C3824	Xiaomi Communications Co Ltd
284D7D	zte corporation
B8A0B8	Samsung Electronics Co.,Ltd
DC7E1D	HUAWEI TECHNOLOGIES CO.,LTD
2CA797	HUAWEI TECHNOLOGIES CO.,LTD
905671	Cisco Systems, Inc
70BD96	Cisco Systems, Inc
BCFCE7	ASUSTek COMPUTER INC.
A809B1	Huawei Device Co., Ltd.
D820A2	HUAWEI TECHNOLOGIES CO.,LTD
AC69CF	Cisco Meraki
FC942E	Cisco Meraki
684465	Apple, Inc.
D8C7C8	Hewlett Packard Enterprise
C0B22F	Apple, Inc.
608110	Apple, Inc.
DC9009	Intel Corporate
54E4ED	Intel Corporate
4896D9	zte corporation
ACC5B4	HUAWEI TECHNOLOGIES CO.,LTD
B4D5E5	Samsung Electronics Co.,Ltd
C4EF3D	Samsung Electronics Co.,Ltd
C0D5E2	Samsung Electronics Co.,Ltd
E8CF83	Dell Inc.
244885	Huawei Device Co., Ltd.
CC8A84	Huawei Device Co., Ltd.
802EDE	Huawei Device Co., Ltd.
384DD2	Huawei Device Co., Ltd.
3486DA	Honor Device Co., Ltd.
F8CE21	TP-LINK TECHNOLOGIES CO.,LTD.
F8C903	TP-LINK TECHNOLOGIES CO.,LTD.
F43392	Cisco Systems, Inc
889E96	zte corporation
9C79E3	Apple, Inc.
8851F2	Apple, Inc.
5CADBA	Apple, Inc.
1CF9D5	Apple, Inc.
783F4D	Apple, Inc.
C8A4CD	Realme Chongqing Mobile Telecommunications Corp.,Ltd.
20F120	Cisco Systems, Inc
ECDD24	Cisco Systems, Inc
A44343	Huawei Device Co., Ltd.
44B3C5	Huawei Device Co., Ltd.
782599	Huawei Device Co., Ltd.
C4FF99	Intel Corporate
289529	Intel Corporate
643135	Apple, Inc.
E0BFB2	Apple, Inc.
086202	Apple, Inc.
A09D22	Apple, Inc.
68EFDC	Apple, Inc.
C4D7DC	Zhejiang Weilai Jingling Artificial Intelligence Technology Co., Ltd.
640864	Cisco Systems, Inc
985207	HUAWEI TECHNOLOGIES CO.,LTD
A80DE1	HUAWEI TECHNOLOGIES CO.,LTD
B4E9B8	Dell Inc.
A4BA70	Beijing Xiaomi Mobile Software Co., Ltd
9C65EB	Intel Corporate
8CA401	Shenzhen New Chip Intelligence Co.,LTD
2429B0	HUAWEI TECHNOLOGIES CO.,LTD
48FC07	Huawei Device Co., Ltd.
A8EE67	Samsung Electronics Co.,Ltd
40ED00	TP-Link Systems Inc
788CB5	TP-Link Systems Inc
94FF06	Hewlett Packard Enterprise
88263F	Zhejiang Uniview Technologies Co.,Ltd.
202351	TP-Link Systems Inc
D84489	TP-Link Systems Inc
6083E7	TP-Link Systems Inc
A86E84	TP-Link Systems Inc
003192	TP-Link Systems Inc
1C61B4	TP-Link Systems Inc
9CA2F4	TP-Link Systems Inc
CC68B6	TP-Link Systems Inc
F0A731	TP-Link Systems Inc
B0A187	Realme Chongqing Mobile Telecommunications Corp.,Ltd.
04BE58	HUAWEI TECHNOLOGIES CO.,LTD
4044CE	HUAWEI TECHNOLOGIES CO.,LTD
00F5FD	HUAWEI TECHNOLOGIES CO.,LTD
180BD0	HUAWEI TECHNOLOGIES CO.,LTD
081093	Samsung Electronics Co.,Ltd
44C63C	Samsung Electronics Co.,Ltd
B0D77E	HUAWEI TECHNOLOGIES CO.,LTD
7400E8	HUAWEI TECHNOLOGIES CO.,LTD
147AE4	Apple, Inc.
A0C1C5	Apple, Inc.
D4A2CD	Dell Inc.
407AA4	ZHEJIANG DAHUA TECHNOLOGYCO.,LTD
5C9977	Apple, Inc.
B07219	Apple, Inc.
30FE6C	Apple, Inc.
1C7754	Apple, Inc.
D40ADC	Qingdao Intelligent&Precise Electronics Co.,Ltd.
7824BE	Cisco Systems, Inc
089707	Cisco Systems, Inc
0C8DDB	Cisco Meraki
CC03D9	Cisco Meraki
88C78F	zte corporation
0C1C31	MERCUSYS TECHNOLOGIES CO., LTD.
48C381	TP-Link Systems Inc.
4024D2	Huawei Device Co., Ltd.
1C0EAF	Huawei Device Co., Ltd.
3C7787	Huawei Device Co., Ltd.
8C4E46	Motorola Mobility LLC, a Lenovo Company
A8469D	Cisco Meraki
6CDEA9	Cisco Meraki
3870F2	HUAWEI TECHNOLOGIES CO.,LTD
C4BB03	HUAWEI TECHNOLOGIES CO.,LTD
246078	HUAWEI TECHNOLOGIES CO.,LTD
8CE4DB	Shenzhen MiaoMing Intelligent Technology Co.,Ltd
4CD546	Hewlett Packard Enterprise
28CE15	Shenzhen Xinwei Intelligent Co., Ltd
849459	Hangzhou Hikvision Digital Technology Co.,Ltd.
CCBABD	TP-Link Systems Inc.
ACC9FF	Realme Chongqing Mobile Telecommunications Corp.,Ltd.
80E769	Realme Chongqing Mobile Telecommunications Corp.,Ltd.
780F81	Cisco Meraki
148F79	Apple, Inc.
104210	Apple, Inc.
B80533	Apple, Inc.
685EDD	Apple, Inc.
F8D3F0	Apple, Inc.
4409C6	HUAWEI TECHNOLOGIES CO.,LTD
3CC5C7	HUAWEI TECHNOLOGIES CO.,LTD
30C9CC	Samsung Electronics Co.,Ltd
FC4CEA	Dell Inc.
A01B9E	Samsung Electronics Co.,Ltd
D87154	Samsung Electronics Co.,Ltd
7833C6	Samsung Electronics Co.,Ltd
34FD70	Intel Corporate
B07C8E	Brother Industries, LTD.
F07A55	zte corporation
D46195	zte corporation
E0D55D	Intel Corporate
E44AE0	Intel Corporate
A08527	Intel Corporate
24B5B9	Motorola Mobility LLC, a Lenovo Company
ECBB78	Cisco Systems, Inc
68D972	Cisco Systems, Inc
D4532A	Beijing Xiaomi Mobile Software Co., Ltd
987EB5	Huawei Device Co., Ltd.
68951B	Huawei Device Co., Ltd.
78C884	Huawei Device Co., Ltd.
9C5766	HUAWEI TECHNOLOGIES CO.,LTD
5C0B3B	HUAWEI TECHNOLOGIES CO.,LTD
4C820C	Apple, Inc.
10A1DA	Apple, Inc.
54B8DB	Apple, Inc.
3C7895	TP-Link Systems Inc.
448DD5	Cisco Systems, Inc
8C91A4	Apple, Inc.
4CC5D9	Dell Inc.
98E081	Beijing Xiaomi Mobile Software Co., Ltd
04AE47	Beijing Xiaomi Mobile Software Co., Ltd
E87EEF	Xiaomi Communications Co Ltd
882F92	Xiaomi Communications Co Ltd
F4D7E4	Realme Chongqing Mobile Telecommunications Corp.,Ltd.
307A05	HUAWEI TECHNOLOGIES CO.,LTD
74FC77	HUAWEI TECHNOLOGIES CO.,LTD
2896B0	HUAWEI TECHNOLOGIES CO.,LTD
64F2FB	Hangzhou Ezviz Software Co.,Ltd.
94EC13	Hangzhou Ezviz Software Co.,Ltd.
102B1C	Motorola Mobility LLC, a Lenovo Company
DCD83B	Cisco Systems, Inc
30F65D	Hewlett Packard Enterprise
F45C42	Huawei Device Co., Ltd.
3C240A	Huawei Device Co., Ltd.
E4AEE4	Tuya Smart Inc.
0472EF	Apple, Inc.
D4FF1A	Apple, Inc.
107DC8	Apple, Inc.
C45BAC	Apple, Inc.
F4B599	Apple, Inc.
B8FBB3	TP-Link Systems Inc.
5093CE	HUAWEI TECHNOLOGIES CO.,LTD
683045	HUAWEI TECHNOLOGIES CO.,LTD
246D10	Apple, Inc.
20463A	Apple, Inc.
2C658D	Cisco Systems, Inc
F49AB1	Hewlett Packard Enterprise
FC9E53	Intel Corporate
D494A9	Intel Corporate
84083A	Intel Corporate
EC79C0	zte corporation
6C11BA	zte corporation
1016B1	GUANGDONG OPPO MOBILE TELECOMMUNICATIONS CORP.,LTD
400877	Xiaomi Communications Co Ltd
08B339	Xiaomi Communications Co Ltd
B85384	Xiaomi Communications Co Ltd
00BC99	Hangzhou Hikvision Digital Technology Co.,Ltd.
A09A0C	Honor Device Co., Ltd.
C05724	Honor Device Co., Ltd.
808F97	Xiaomi Communications Co Ltd
4CE20F	Xiaomi Communications Co Ltd
AC8AC7	HUAWEI TECHNOLOGIES CO.,LTD
18B657	HUAWEI TECHNOLOGIES CO.,LTD
A0552E	zte corporation
ECE9D2	Apple, Inc.
48E1CA	Apple, Inc.
C8806D	Apple, Inc.
98CF7D	Apple, Inc.
742959	Apple, Inc.
80B82A	Realme Chongqing Mobile Telecommunications Corp.,Ltd.
04EECD	Hangzhou Hikvision Digital Technology Co.,Ltd.
64BC43	HUAWEI TECHNOLOGIES CO.,LTD
08711C	Cisco Meraki
704EE0	Samsung Electronics Co.,Ltd
885E54	Samsung Electronics Co.,Ltd
8CA3EC	Samsung Electronics Co.,Ltd
D02C39	Cisco Systems, Inc
642F1C	HUAWEI TECHNOLOGIES CO.,LTD
186945	TP-Link Systems Inc.
5CFFA9	zte corporation
D0B324	Apple, Inc.
7483A0	Shenzhen MiaoMing Intelligent Technology Co.,Ltd
6025ED	Hewlett Packard Enterprise
50617E	Shenzhen MiaoMing Intelligent Technology Co.,Ltd
0464FA	Dell Inc.
0CC98A	Intel Corporate
ECF33C	Intel Corporate
40ECBD	Intel Corporate
98045F	Huawei Device Co., Ltd.
E406E0	HUAWEI TECHNOLOGIES CO.,LTD
14907A	Beijing Xiaomi Mobile Software Co., Ltd
9C9774	HUAWEI TECHNOLOGIES CO.,LTD
C05BBD	HUAWEI TECHNOLOGIES CO.,LTD
440C4B	HUAWEI TECHNOLOGIES CO.,LTD
94105A	Dell Inc.
24C013	zte corporation
E09D1E	zte corporation
C02FCD	GUANGDONG OPPO MOBILE TELECOMMUNICATIONS CORP.,LTD
04DBD9	GUANGDONG OPPO MOBILE TELECOMMUNICATIONS CORP.,LTD
0C6F8B	Apple, Inc.
10C197	Xiaomi Communications Co Ltd
3CB922	HUAWEI TECHNOLOGIES CO.,LTD
7070D5	HUAWEI TECHNOLOGIES CO.,LTD
605355	HUAWEI TECHNOLOGIES CO.,LTD
B02B64	Cisco Systems, Inc
10E676	Cisco Systems, Inc
74136A	Motorola Mobility LLC, a Lenovo Company
609578	Samsung Electronics Co.,Ltd
B83865	Hewlett Packard Enterprise
9006DB	HUAWEI TECHNOLOGIES CO.,LTD
787826	HUAWEI TECHNOLOGIES CO.,LTD
5C6117	HUAWEI TECHNOLOGIES CO.,LTD
348A3B	Huawei Device Co., Ltd.
20E525	Huawei Device Co., Ltd.
AC5322	Samsung Electronics Co.,Ltd
D860C5	GUANGDONG OPPO MOBILE TELECOMMUNICATIONS CORP.,LTD
1438FA	Motorola Mobility LLC, a Lenovo Company
D8BF42	Intel Corporate
8C1801	zte corporation
74A981	HUAWEI TECHNOLOGIES CO.,LTD
40A654	HUAWEI TECHNOLOGIES CO.,LTD
90BA09	HUAWEI TECHNOLOGIES CO.,LTD
E8EA34	HUAWEI TECHNOLOGIES CO.,LTD
7834B4	HUAWEI TECHNOLOGIES CO.,LTD
F400A2	Samsung Electronics Co.,Ltd
3C2983	Samsung Electronics Co.,Ltd
1C42C2	Huawei Device Co., Ltd.
34F084	Samsung Electronics Co.,Ltd
FC6E83	Samsung Electronics Co.,Ltd
BCBF2E	ASUSTek COMPUTER INC.
D8B1DE	Hewlett Packard Enterprise
C4AA43	Cisco Systems, Inc
1CE587	Cisco Meraki
B83446	Motorola Mobility LLC, a Lenovo Company
D807B6	TP-LINK TECHNOLOGIES CO.,LTD.
646E97	TP-LINK TECHNOLOGIES CO.,LTD.
D03745	TP-LINK TECHNOLOGIES CO.,LTD.
603A7C	TP-LINK TECHNOLOGIES CO.,LTD.
68DDB7	TP-LINK TECHNOLOGIES CO.,LTD.
14D864	TP-LINK TECHNOLOGIES CO.,LTD.
AC84C6	TP-LINK TECHNOLOGIES CO.,LTD.
6CB158	TP-LINK TECHNOLOGIES CO.,LTD.
246968	TP-LINK TECHNOLOGIES CO.,LTD.
2C79BE	TP-LINK TECHNOLOGIES CO.,LTD.
2CE5BD	Ubiquiti Inc
C46940	Xiaomi Communications Co Ltd
B0EC69	Apple, Inc.
20845F	Apple, Inc.
B0BBA9	Apple, Inc.
CC38E1	HUAWEI TECHNOLOGIES CO.,LTD
509546	HUAWEI TECHNOLOGIES CO.,LTD
14B6EB	 CJ intelligent technology LTD.
18120C	Zhouhai Intelligence(Shenzhen).,Ltd
0CE623	Huawei Device Co., Ltd.
A0C926	Huawei Device Co., Ltd.
94AD05	Huawei Device Co., Ltd.
940E5F	Apple, Inc.
380484	Apple, Inc.
4089C2	Apple, Inc.
0C2D71	Apple, Inc.
787462	Intel Corporate
A426CA	Intel Corporate
7C8A3C	Qingdao Intelligent&Precise Electronics Co.,Ltd.
18D3CF	Hewlett Packard Enterprise
90B141	Motorola Mobility LLC, a Lenovo Company
BCC8CC	Seiko Epson Corporation
5CE753	Shenzhen Intellirocks Tech. Co. Ltd.
D8EDA8	Xiaomi Communications Co Ltd
1C2575	Xiaomi Communications Co Ltd
CCC253	zte corporation
601F56	HUAWEI TECHNOLOGIES CO.,LTD
90C97E	HUAWEI TECHNOLOGIES CO.,LTD
FC2640	Huawei Device Co., Ltd.
14D1D4	Huawei Device Co., Ltd.
B8005B	Huawei Device Co., Ltd.
8C2114	Huawei Device Co., Ltd.
18B83D	Samsung Electronics Co.,Ltd
D42CA6	Samsung Electronics Co.,Ltd
808943	Samsung Electronics Co.,Ltd
6456B5	Samsung Electronics Co.,Ltd
B01BFC	Cisco Systems, Inc
504472	Motorola Mobility LLC, a Lenovo Company
C44B31	Cisco Systems, Inc
DC3052	zte corporation
781A32	Huawei Device Co., Ltd.
64A963	Huawei Device Co., Ltd.
9851FC	Huawei Device Co., Ltd.
6C028C	HUAWEI TECHNOLOGIES CO.,LTD
40EE6D	HUAWEI TECHNOLOGIES CO.,LTD
1C3576	Samsung Electronics Co.,Ltd
F4A9A7	Honor Device Co., Ltd.
202680	Samsung Electronics Co.,Ltd
A84021	zte corporation
2CA2E5	Cisco Systems, Inc
BC36F7	HUAWEI TECHNOLOGIES CO.,LTD
E0150B	HUAWEI TECHNOLOGIES CO.,LTD
C4550D	HUAWEI TECHNOLOGIES CO.,LTD
54D299	TP-Link Systems Inc.
14B653	Apple, Inc.
98076A	Apple, Inc.
98CAB5	Apple, Inc.
348296	Apple, Inc.
1832DE	Apple, Inc.
04EF61	Dell Inc.
ACD400	Cisco Systems, Inc
0C12AD	Hewlett Packard Enterprise
8CA229	Huawei Device Co., Ltd.
E0C0B4	Huawei Device Co., Ltd.
0C2FD1	Huawei Device Co., Ltd.
3007EB	Xiaomi Communications Co Ltd
D02791	TP-Link Systems Inc.
34B126	TP-Link Systems Inc.
18DB88	Hewlett Packard Enterprise
6815E4	Cisco Systems, Inc
4086CB	D-Link Corporation
60452E	Intel Corporate
CCD342	Cisco Systems, Inc
8CE9EE	Intel Corporate
2831F8	HUAWEI TECHNOLOGIES CO.,LTD
C4AA99	HUAWEI TECHNOLOGIES CO.,LTD
BC1896	HUAWEI TECHNOLOGIES CO.,LTD
E0D3B4	Cisco Meraki
188025	Hangzhou Hikvision Digital Technology Co.,Ltd.
A4A930	Beijing Xiaomi Mobile Software Co., Ltd
FC936B	Samsung Electronics Co.,Ltd
7C752D	Samsung Electronics Co.,Ltd
84EEE4	Samsung Electronics Co.,Ltd
18A788	Shenzhen MEK Intellisys Pte Ltd
28FF5F	HG Genuine Intelligent Terminal (Xiaogan) Co.,Ltd.
D40F9E	Apple, Inc.
48C461	GUANGDONG OPPO MOBILE TELECOMMUNICATIONS CORP.,LTD
9064AD	HUAWEI TECHNOLOGIES CO.,LTD
D4D892	HUAWEI TECHNOLOGIES CO.,LTD
98D3D7	HUAWEI TECHNOLOGIES CO.,LTD
886EEB	HUAWEI TECHNOLOGIES CO.,LTD
980DAF	Apple, Inc.
DC6DBC	Apple, Inc.
A4D23E	Apple, Inc.
30E04F	Apple, Inc.
EC5382	Honor Device Co., Ltd.
A4CCB3	Xiaomi Communications Co Ltd
4C496C	Intel Corporate
18F935	Cisco Systems, Inc
588B1C	Cisco Systems, Inc
C8154E	Intel Corporate
FCB9DF	Motorola Mobility LLC, a Lenovo Company
5C101E	zte corporation
208810	Dell Inc.
E44519	Beijing Xiaomi Electronics Co.,Ltd
C05B44	Beijing Xiaomi Mobile Software Co., Ltd
E4B224	HUAWEI TECHNOLOGIES CO.,LTD
A83ED3	HUAWEI TECHNOLOGIES CO.,LTD
6467CD	HUAWEI TECHNOLOGIES CO.,LTD
F42B8C	Samsung Electronics Co.,Ltd
84F175	Jiangxi Xunte Intelligent Terminal Co., Ltd
C89828	zte corporation
DC3642	zte corporation
608246	Apple, Inc.
98B379	Apple, Inc.
BCB1D3	Cisco Meraki
049D05	Apple, Inc.
54EF43	HUAWEI TECHNOLOGIES CO.,LTD
D81BB5	HUAWEI TECHNOLOGIES CO.,LTD
8464DD	HUAWEI TECHNOLOGIES CO.,LTD
68A46A	HUAWEI TECHNOLOGIES CO.,LTD
F48E38	Dell Inc.
28F10E	Dell Inc.
90B11C	Dell Inc.
64006A	Dell Inc.
109836	Dell Inc.
C81F66	Dell Inc.
F8DB88	Dell Inc.
001422	Dell Inc.
0015C5	Dell Inc.
7845C4	Dell Inc.
5C260A	Dell Inc.
001E4F	Dell Inc.
0026B9	Dell Inc.
D067E5	Dell Inc.
2CFE4F	Xiaomi Communications Co Ltd
907E43	zte corporation
6C3C8C	Dell Inc.
C45AB1	Dell Inc.
2CEA7F	Dell Inc.
F0D4E2	Dell Inc.
CC483A	Dell Inc.
30D042	Dell Inc.
8C04BA	Dell Inc.
E454E8	Dell Inc.
A4BB6D	Dell Inc.
E4434B	Dell Inc.
E01F6A	Huawei Device Co., Ltd.
00566D	Huawei Device Co., Ltd.
90CC7A	Huawei Device Co., Ltd.
2C704F	zte corporation
6C29D2	Cisco Systems, Inc
08CC81	Hangzhou Hikvision Digital Technology Co.,Ltd.
D80AE6	zte corporation
A41437	Hangzhou Hikvision Digital Technology Co.,Ltd.
F84DFC	Hangzhou Hikvision Digital Technology Co.,Ltd.
849A40	Hangzhou Hikvision Digital Technology Co.,Ltd.
C0517E	Hangzhou Hikvision Digital Technology Co.,Ltd.
2CA59C	Hangzhou Hikvision Digital Technology Co.,Ltd.
40ACBF	Hangzhou Hikvision Digital Technology Co.,Ltd.
98F112	Hangzhou Hikvision Digital Technology Co.,Ltd.
989DE5	Hangzhou Hikvision Digital Technology Co.,Ltd.
3C1BF8	Hangzhou Hikvision Digital Technology Co.,Ltd.
9C5416	Cisco Systems, Inc
48BDA7	Honor Device Co., Ltd.
A0AF12	HUAWEI TECHNOLOGIES CO.,LTD
6096A4	HUAWEI TECHNOLOGIES CO.,LTD
784558	Ubiquiti Inc
AC8BA9	Ubiquiti Inc
9C05D6	Ubiquiti Inc
28704E	Ubiquiti Inc
F4EE31	Cisco Systems, Inc
4045C4	HUAWEI TECHNOLOGIES CO.,LTD
74872E	HUAWEI TECHNOLOGIES CO.,LTD
3C1EB5	Apple, Inc.
AC86A3	Apple, Inc.
BC32B2	Samsung Electronics Co.,Ltd
141A97	Apple, Inc.
88CE3F	HUAWEI TECHNOLOGIES CO.,LTD
ECF8D0	HUAWEI TECHNOLOGIES CO.,LTD
B83C28	Apple, Inc.
3C6D89	Apple, Inc.
AC4500	Apple, Inc.
242A04	Cisco Systems, Inc
748669	GUANGDONG OPPO MOBILE TELECOMMUNICATIONS CORP.,LTD
886D2D	Huawei Device Co., Ltd.
84B1E4	Apple, Inc.
54EBE9	Apple, Inc.
AC1615	Apple, Inc.
EC7379	Apple, Inc.
FC2A46	Realme Chongqing Mobile Telecommunications Corp.,Ltd.
64C6D2	Seiko Epson Corporation
40B607	GUANGDONG OPPO MOBILE TELECOMMUNICATIONS CORP.,LTD
1C8BEF	Beijing Xiaomi Electronics Co.,Ltd
ECC3B0	zte corporation
BCBD84	zte corporation
5CB12E	Cisco Systems, Inc
B457E6	GUANGDONG OPPO MOBILE TELECOMMUNICATIONS CORP.,LTD
80F1A4	HUAWEI TECHNOLOGIES CO.,LTD
A46C24	HUAWEI TECHNOLOGIES CO.,LTD
301984	HUAWEI TECHNOLOGIES CO.,LTD
744D6D	HUAWEI TECHNOLOGIES CO.,LTD
C435D9	Apple, Inc.
ACC906	Apple, Inc.
04BC6D	Apple, Inc.
642943	D-Link Corporation
8CFADD	HUAWEI TECHNOLOGIES CO.,LTD
F89A25	HUAWEI TECHNOLOGIES CO.,LTD
386504	Honor Device Co., Ltd.
F8710C	Xiaomi Communications Co Ltd
3C135A	Xiaomi Communications Co Ltd
C084E0	HUAWEI TECHNOLOGIES CO.,LTD
900117	HUAWEI TECHNOLOGIES CO.,LTD
E0B668	zte corporation
A49DDD	Samsung Electronics Co.,Ltd
6C5563	Samsung Electronics Co.,Ltd
109F4F	New H3C Intelligence Terminal Co., Ltd.
389E80	zte corporation
68B8BB	Beijing Xiaomi Electronics Co.,Ltd
589351	Huawei Device Co., Ltd.
D0F4F7	Huawei Device Co., Ltd.
D4E98A	Intel Corporate
40B15C	HUAWEI TECHNOLOGIES CO.,LTD
28808A	HUAWEI TECHNOLOGIES CO.,LTD
346679	HUAWEI TECHNOLOGIES CO.,LTD
D0DAD7	Apple, Inc.
C4ACAA	Apple, Inc.
2C326A	Apple, Inc.
6CB133	Apple, Inc.
78F1C6	Cisco Systems, Inc
341B2D	Cisco Systems, Inc
086E9C	Huawei Device Co., Ltd.
4416FA	Samsung Electronics Co.,Ltd
FC671F	Tuya Smart Inc.
A0465A	Motorola Mobility LLC, a Lenovo Company
64B5F2	Samsung Electronics Co.,Ltd
447147	Beijing Xiaomi Electronics Co.,Ltd
986610	zte corporation
A0FB83	Honor Device Co., Ltd.
DC0B09	Cisco Systems, Inc
08F3FB	Cisco Systems, Inc
A036BC	ASUSTek COMPUTER INC.
300505	Intel Corporate
B0DCEF	Intel Corporate
7413EA	Intel Corporate
70B306	Apple, Inc.
B8496D	Apple, Inc.
9C924F	Apple, Inc.
200E2B	Apple, Inc.
F0D793	Apple, Inc.
BC7B72	Huawei Device Co., Ltd.
F82B7F	Huawei Device Co., Ltd.
40C3BC	Huawei Device Co., Ltd.
2853E0	Sintela Ltd
D868A0	Samsung Electronics Co.,Ltd
04292E	Samsung Electronics Co.,Ltd
345DA8	Cisco Systems, Inc
E0806B	Xiaomi Communications Co Ltd
3C26E4	Cisco Systems, Inc
3891B7	Cisco Systems, Inc
B0E45C	Samsung Electronics Co.,Ltd
BC4CA0	HUAWEI TECHNOLOGIES CO.,LTD
74342B	HUAWEI TECHNOLOGIES CO.,LTD
C412EC	HUAWEI TECHNOLOGIES CO.,LTD
200889	zte corporation
ACC4BD	GUANGDONG OPPO MOBILE TELECOMMUNICATIONS CORP.,LTD
085104	Huawei Device Co., Ltd.
785B64	Huawei Device Co., Ltd.
54E15B	Huawei Device Co., Ltd.
2426D6	HUAWEI TECHNOLOGIES CO.,LTD
EC819C	HUAWEI TECHNOLOGIES CO.,LTD
70A6BD	Honor Device Co., Ltd.
746F88	zte corporation
74718B	Apple, Inc.
70317F	Apple, Inc.
A4CF99	Apple, Inc.
4C2EB4	Apple, Inc.
B41974	Apple, Inc.
6095BD	Apple, Inc.
ACD31D	Cisco Meraki
EC551C	HUAWEI TECHNOLOGIES CO.,LTD
B48351	Intel Corporate
AC2AA1	Cisco Systems, Inc
F8E94F	Cisco Systems, Inc
30894A	Intel Corporate
E06CC5	Huawei Device Co., Ltd.
30963B	Huawei Device Co., Ltd.
8C6BDB	Huawei Device Co., Ltd.
10DA49	Huawei Device Co., Ltd.
60183A	Huawei Device Co., Ltd.
18C007	Huawei Device Co., Ltd.
98597A	Intel Corporate
64497D	Intel Corporate
00D49E	Intel Corporate
8C1759	Intel Corporate
6C67EF	HUAWEI TECHNOLOGIES CO.,LTD
88693D	HUAWEI TECHNOLOGIES CO.,LTD
00991D	HUAWEI TECHNOLOGIES CO.,LTD
B04A6A	Samsung Electronics Co.,Ltd
A8798D	Samsung Electronics Co.,Ltd
5CEDF4	Samsung Electronics Co.,Ltd
283DC2	Samsung Electronics Co.,Ltd
4851D0	Jiangsu Xinsheng Intelligent Technology Co., Ltd. 
00C30A	Xiaomi Communications Co Ltd
8852EB	Xiaomi Communications Co Ltd
B0DE28	Apple, Inc.
D49FDD	Huawei Device Co., Ltd.
00D8A2	Huawei Device Co., Ltd.
DC6B1B	Huawei Device Co., Ltd.
342840	Apple, Inc.
18E7B0	Apple, Inc.
50578A	Apple, Inc.
D4FB8E	Apple, Inc.
488759	Xiaomi Communications Co Ltd
AC1E9E	Xiaomi Communications Co Ltd
E0AEA2	HUAWEI TECHNOLOGIES CO.,LTD
04CF4B	Intel Corporate
5CF51A	Zhejiang Dahua Technology Co., Ltd.
6C6C0F	HUAWEI TECHNOLOGIES CO.,LTD
CC8CBF	Tuya Smart Inc.
44EA30	Samsung Electronics Co.,Ltd
845F04	Samsung Electronics Co.,Ltd
A4F33B	zte corporation
30E7BC	GUANGDONG OPPO MOBILE TELECOMMUNICATIONS CORP.,LTD
7CB566	Intel Corporate
E8FA23	Huawei Device Co., Ltd.
EC3A52	Huawei Device Co., Ltd.
441B88	Apple, Inc.
80045F	Apple, Inc.
9C3E53	Apple, Inc.
C889F3	Apple, Inc.
10B9C4	Apple, Inc.
60109E	HUAWEI TECHNOLOGIES CO.,LTD
480286	Realme Chongqing Mobile Telecommunications Corp.,Ltd.
9C7403	GUANGDONG OPPO MOBILE TELECOMMUNICATIONS CORP.,LTD
D43538	Beijing Xiaomi Mobile Software Co., Ltd
D84A2B	zte corporation
D0F99B	zte corporation
6026AA	Cisco Systems, Inc
5C3192	Cisco Systems, Inc
88C227	HUAWEI TECHNOLOGIES CO.,LTD
8054D9	HUAWEI TECHNOLOGIES CO.,LTD
7CC225	Samsung Electronics Co.,Ltd
9CEC61	Huawei Device Co., Ltd.
747069	Huawei Device Co., Ltd.
14FB70	Huawei Device Co., Ltd.
84D3D5	Huawei Device Co., Ltd.
A0A309	Apple, Inc.
5C50D9	Apple, Inc.
64BF6B	HUAWEI TECHNOLOGIES CO.,LTD
30499E	HUAWEI TECHNOLOGIES CO.,LTD
884D7C	Apple, Inc.
A8FE9D	Apple, Inc.
C475AB	Intel Corporate
C8418A	Samsung Electronics.,LTD
F89E94	Intel Corporate
C403A8	Intel Corporate
48BD4A	HUAWEI TECHNOLOGIES CO.,LTD
A8D4E0	HUAWEI TECHNOLOGIES CO.,LTD
A0406F	HUAWEI TECHNOLOGIES CO.,LTD
004F1A	HUAWEI TECHNOLOGIES CO.,LTD
2C0DA7	Intel Corporate
0C9043	Realme Chongqing Mobile Telecommunications Corp.,Ltd.
541F8D	zte corporation
2CF1BB	zte corporation
BC2CE6	Cisco Systems, Inc
CCED4D	Cisco Systems, Inc
4C8D53	HUAWEI TECHNOLOGIES CO.,LTD
C4BDE5	Intel Corporate
700971	Samsung Electronics Co.,Ltd
D01B49	Samsung Electronics Co.,Ltd
FC5F49	Zhejiang Dahua Technology Co., Ltd.
3035C5	Huawei Device Co., Ltd.
F820A9	Huawei Device Co., Ltd.
649E31	Beijing Xiaomi Mobile Software Co., Ltd
5C0214	Beijing Xiaomi Mobile Software Co., Ltd
381F8D	Tuya Smart Inc.
B0BE83	Apple, Inc.
10321D	HUAWEI TECHNOLOGIES CO.,LTD
E4936A	GUANGDONG OPPO MOBILE TELECOMMUNICATIONS CORP.,LTD
4877BD	GUANGDONG OPPO MOBILE TELECOMMUNICATIONS CORP.,LTD
F856C3	zte corporation
38FDF8	Cisco Systems, Inc
DCF4CA	Apple, Inc.
7CFC16	Apple, Inc.
88B945	Apple, Inc.
18E1DE	Chengdu ChipIntelli Technology Co., Ltd
C89F1A	HUAWEI TECHNOLOGIES CO.,LTD
D86852	HUAWEI TECHNOLOGIES CO.,LTD
AC6490	HUAWEI TECHNOLOGIES CO.,LTD
243FAA	Huawei Device Co., Ltd.
D867D3	Huawei Device Co., Ltd.
48474B	Huawei Device Co., Ltd.
806F1C	Huawei Device Co., Ltd.
30B930	zte corporation
949869	zte corporation
2C1A05	Cisco Systems, Inc
2C3A91	Huawei Device Co., Ltd.
64F705	Huawei Device Co., Ltd.
F0B61E	Intel Corporate
00919E	Intel Corporate
60CE41	HUAWEI TECHNOLOGIES CO.,LTD
281709	HUAWEI TECHNOLOGIES CO.,LTD
606EE8	Xiaomi Communications Co Ltd
3009C0	Motorola Mobility LLC, a Lenovo Company
B04692	GUANGDONG OPPO MOBILE TELECOMMUNICATIONS CORP.,LTD
AC764C	GUANGDONG OPPO MOBILE TELECOMMUNICATIONS CORP.,LTD
C884CF	HUAWEI TECHNOLOGIES CO.,LTD
287777	zte corporation
60E32B	Intel Corporate
28DEA8	zte corporation
808ABD	Samsung Electronics Co.,Ltd
3CCD57	Beijing Xiaomi Mobile Software Co., Ltd
245E48	Apple, Inc.
08C729	Apple, Inc.
C4C36B	Apple, Inc.
E8A730	Apple, Inc.
6006E3	Apple, Inc.
A864F1	Intel Corporate
B8DAE8	Huawei Device Co., Ltd.
D4548B	Intel Corporate
60A5E2	Intel Corporate
7C70DB	Intel Corporate
84EBEF	Cisco Systems, Inc
38E39F	Motorola Mobility LLC, a Lenovo Company
70A6CC	Intel Corporate
C4FF22	Huawei Device Co., Ltd.
A0A0DC	Huawei Device Co., Ltd.
0C8DCA	Samsung Electronics Co.,Ltd
C85142	Samsung Electronics Co.,Ltd
10E4C2	Samsung Electronics Co.,Ltd
5C625A	CANON INC.
7C0A3F	Samsung Electronics Co.,Ltd
08AA89	zte corporation
B0C952	GUANGDONG OPPO MOBILE TELECOMMUNICATIONS CORP.,LTD
D0E042	Cisco Systems, Inc
C8BB81	Huawei Device Co., Ltd.
1C472F	Huawei Device Co., Ltd.
205E64	Huawei Device Co., Ltd.
F4419E	Huawei Device Co., Ltd.
90F9B7	HUAWEI TECHNOLOGIES CO.,LTD
F44588	HUAWEI TECHNOLOGIES CO.,LTD
80B655	Intel Corporate
F44EE3	Intel Corporate
082FE9	HUAWEI TECHNOLOGIES CO.,LTD
984874	HUAWEI TECHNOLOGIES CO.,LTD
1CA681	HUAWEI TECHNOLOGIES CO.,LTD
E8A660	HUAWEI TECHNOLOGIES CO.,LTD
F04A02	Cisco Systems, Inc
B881FA	Apple, Inc.
9C760E	Apple, Inc.
94EA32	Apple, Inc.
50F4EB	Apple, Inc.
28C709	Apple, Inc.
082E36	Huawei Device Co., Ltd.
C8BFFE	Huawei Device Co., Ltd.
FC4DA6	HUAWEI TECHNOLOGIES CO.,LTD
B414E6	HUAWEI TECHNOLOGIES CO.,LTD
AC9929	HUAWEI TECHNOLOGIES CO.,LTD
04BA1C	Huawei Device Co., Ltd.
7C3D2B	Huawei Device Co., Ltd.
10D561	Tuya Smart Inc.
C0D46B	Huawei Device Co., Ltd.
9C9567	Huawei Device Co., Ltd.
A47B1A	Huawei Device Co., Ltd.
D85982	HUAWEI TECHNOLOGIES CO.,LTD
48B25D	HUAWEI TECHNOLOGIES CO.,LTD
641759	Intellivision Holdings, LLC
8045DD	Intel Corporate
E4FD45	Intel Corporate
C4D0E3	Intel Corporate
28C87C	zte corporation
307C4A	Huawei Device Co., Ltd.
408C1F	GUANGDONG OPPO MOBILE TELECOMMUNICATIONS CORP.,LTD
04F03E	Huawei Device Co., Ltd.
E8D765	HUAWEI TECHNOLOGIES CO.,LTD
6C0309	Cisco Systems, Inc
BCD295	Cisco Systems, Inc
14D19E	Apple, Inc.
40C711	Apple, Inc.
5C7017	Apple, Inc.
8CEC7B	Apple, Inc.
78E22C	Huawei Device Co., Ltd.
C0D026	Huawei Device Co., Ltd.
A4423B	Intel Corporate
70CF49	Intel Corporate
4851C5	Intel Corporate
F42A7D	TP-LINK TECHNOLOGIES CO.,LTD.
C0E018	HUAWEI TECHNOLOGIES CO.,LTD
5CE747	HUAWEI TECHNOLOGIES CO.,LTD
A8FFBA	HUAWEI TECHNOLOGIES CO.,LTD
F03965	Samsung Electronics Co.,Ltd
EC7CB6	Samsung Electronics Co.,Ltd
58A639	Samsung Electronics Co.,Ltd
8C0FC9	Huawei Device Co., Ltd.
304E1B	Huawei Device Co., Ltd.
089AC7	zte corporation
389052	HUAWEI TECHNOLOGIES CO.,LTD
C0F6EC	HUAWEI TECHNOLOGIES CO.,LTD
CC208C	HUAWEI TECHNOLOGIES CO.,LTD
70617B	Cisco Systems, Inc
146B9A	zte corporation
9C28B3	Apple, Inc.
A07817	Apple, Inc.
5C8730	Apple, Inc.
A4AAFE	Huawei Device Co., Ltd.
F83B7E	Huawei Device Co., Ltd.
8815C5	Huawei Device Co., Ltd.
B41BB0	Apple, Inc.
58D349	Apple, Inc.
F434F0	Apple, Inc.
B08C75	Apple, Inc.
7040FF	Huawei Device Co., Ltd.
34D693	Huawei Device Co., Ltd.
E8EB34	Cisco Systems, Inc
5C10C5	Samsung Electronics Co.,Ltd
F85329	HUAWEI TECHNOLOGIES CO.,LTD
C4DE7B	Huawei Device Co., Ltd.
6C1A75	Huawei Device Co., Ltd.
841B77	Intel Corporate
7CC294	Beijing Xiaomi Mobile Software Co., Ltd
6C7637	Huawei Device Co., Ltd.
9C7370	HUAWEI TECHNOLOGIES CO.,LTD
983F60	HUAWEI TECHNOLOGIES CO.,LTD
C03FDD	HUAWEI TECHNOLOGIES CO.,LTD
303235	Qingdao Intelligent&Precise Electronics Co.,Ltd.
7C73EB	Huawei Device Co., Ltd.
E48F1D	Huawei Device Co., Ltd.
A4178B	HUAWEI TECHNOLOGIES CO.,LTD
94B271	HUAWEI TECHNOLOGIES CO.,LTD
808FE8	Intelbras
18CC18	Intel Corporate
C0C9E3	TP-LINK TECHNOLOGIES CO.,LTD.
F88C21	TP-LINK TECHNOLOGIES CO.,LTD.
C4278C	Huawei Device Co., Ltd.
D05919	zte corporation
B098BC	Huawei Device Co., Ltd.
24016F	Huawei Device Co., Ltd.
84E342	Tuya Smart Inc.
C03C59	Intel Corporate
B43161	Realme Chongqing Mobile Telecommunications Corp.,Ltd.
188740	Xiaomi Communications Co Ltd
341CF0	Xiaomi Communications Co Ltd
445943	zte corporation
343654	zte corporation
C8E600	HUAWEI TECHNOLOGIES CO.,LTD
D4D51B	HUAWEI TECHNOLOGIES CO.,LTD
2491BB	HUAWEI TECHNOLOGIES CO.,LTD
645E10	HUAWEI TECHNOLOGIES CO.,LTD
309610	Huawei Device Co., Ltd.
FCB3BC	Intel Corporate
C816DA	Realme Chongqing Mobile Telecommunications Corp.,Ltd.
748F3C	Apple, Inc.
40F946	Apple, Inc.
9C9D7E	Beijing Xiaomi Mobile Software Co., Ltd
A4AC0F	Huawei Device Co., Ltd.
CCFF90	Huawei Device Co., Ltd.
6C442A	HUAWEI TECHNOLOGIES CO.,LTD
A47CC9	HUAWEI TECHNOLOGIES CO.,LTD
C40D96	HUAWEI TECHNOLOGIES CO.,LTD
44AF28	Intel Corporate
D4A651	Tuya Smart Inc.
90F644	Huawei Device Co., Ltd.
A83512	Huawei Device Co., Ltd.
DC41A9	Intel Corporate
8C941F	Cisco Systems, Inc
687DB4	Cisco Systems, Inc
B460ED	Beijing Xiaomi Mobile Software Co., Ltd
30CC21	zte corporation
BC7F7B	Huawei Device Co., Ltd.
F0FAC7	Huawei Device Co., Ltd.
8803E9	GUANGDONG OPPO MOBILE TELECOMMUNICATIONS CORP.,LTD
182649	Intel Corporate
A0CFF5	zte corporation
98B3EF	Huawei Device Co., Ltd.
50F958	Huawei Device Co., Ltd.
34C93D	Intel Corporate
E41F7B	Cisco Systems, Inc
7CFD6B	Xiaomi Communications Co Ltd
345840	HUAWEI TECHNOLOGIES CO.,LTD
5C647A	HUAWEI TECHNOLOGIES CO.,LTD
DCEF80	HUAWEI TECHNOLOGIES CO.,LTD
E86DCB	Samsung Electronics Co.,Ltd
C0FFA8	HUAWEI TECHNOLOGIES CO.,LTD
3066D0	Huawei Device Co., Ltd.
3CB233	Huawei Device Co., Ltd.
640BD7	Apple, Inc.
A8913D	Apple, Inc.
0C3B50	Apple, Inc.
4CC95E	Samsung Electronics Co.,Ltd
5C9157	HUAWEI TECHNOLOGIES CO.,LTD
FCA5D0	GUANGDONG OPPO MOBILE TELECOMMUNICATIONS CORP.,LTD
347DF6	Intel Corporate
C85BA0	Shenzhen Qihu Intelligent Technology Company Limited
A48873	Cisco Systems, Inc
B46293	Samsung Electronics Co.,Ltd
CCD9AC	Intel Corporate
183CB7	Huawei Device Co., Ltd.
A4BDC4	HUAWEI TECHNOLOGIES CO.,LTD
9C2976	Intel Corporate
CC0DF2	Motorola Mobility LLC, a Lenovo Company
A027B6	Samsung Electronics Co.,Ltd
103917	Samsung Electronics Co.,Ltd
9880EE	Samsung Electronics Co.,Ltd
90EEC7	Samsung Electronics Co.,Ltd
1029AB	Samsung Electronics Co.,Ltd
184ECB	Samsung Electronics Co.,Ltd
64E172	Shenzhen Qihoo Intelligent Technology Co.,Ltd
782B46	Intel Corporate
785773	HUAWEI TECHNOLOGIES CO.,LTD
AC6089	HUAWEI TECHNOLOGIES CO.,LTD
843E92	HUAWEI TECHNOLOGIES CO.,LTD
708CB6	HUAWEI TECHNOLOGIES CO.,LTD
50464A	HUAWEI TECHNOLOGIES CO.,LTD
C4A402	HUAWEI TECHNOLOGIES CO.,LTD
DC333D	Huawei Device Co., Ltd.
285471	Huawei Device Co., Ltd.
B88E82	Huawei Device Co., Ltd.
AC3A67	Cisco Systems, Inc
34CFF6	Intel Corporate
B8E3B1	HUAWEI TECHNOLOGIES CO.,LTD
980D51	Huawei Device Co., Ltd.
00ADD5	Huawei Device Co., Ltd.
AC4A67	Cisco Systems, Inc
4CA64D	Cisco Systems, Inc
BC1695	zte corporation
5CA62D	Cisco Systems, Inc
BC542F	Intel Corporate
08F458	Huawei Device Co., Ltd.
CC7F75	Cisco Systems, Inc
20E874	Apple, Inc.
D03FAA	Apple, Inc.
7CAB60	Apple, Inc.
44C65D	Apple, Inc.
40EC99	Intel Corporate
F4A4D6	HUAWEI TECHNOLOGIES CO.,LTD
187EB9	Apple, Inc.
5CC1D7	Samsung Electronics Co.,Ltd
2C5741	Cisco Systems, Inc
F81F32	Motorola Mobility LLC, a Lenovo Company
A87EEA	Intel Corporate
B00AD5	zte corporation
98006A	zte corporation
5C27D4	Shenzhen Qihu Intelligent Technology Company Limited
74D83E	Intel Corporate
5050A4	Samsung Electronics Co.,Ltd
08F8BC	Apple, Inc.
90A25B	Apple, Inc.
88A479	Apple, Inc.
047295	Apple, Inc.
D446E1	Apple, Inc.
08D23E	Intel Corporate
3CBF60	Apple, Inc.
AC15F4	Apple, Inc.
78D162	Apple, Inc.
44C7FC	Huawei Device Co., Ltd.
7885F4	Huawei Device Co., Ltd.
8086D9	Samsung Electronics Co.,Ltd
386A77	Samsung Electronics Co.,Ltd
A4B239	Cisco Systems, Inc
548D5A	Intel Corporate
58961D	Intel Corporate
041DC7	zte corporation
B89A2A	Intel Corporate
DC21E2	HUAWEI TECHNOLOGIES CO.,LTD
FC1BD1	HUAWEI TECHNOLOGIES CO.,LTD
582575	HUAWEI TECHNOLOGIES CO.,LTD
28DEE5	HUAWEI TECHNOLOGIES CO.,LTD
C49878	SHANGHAI MOAAN INTELLIGENT TECHNOLOGY CO.,LTD
6C06D6	Huawei Device Co., Ltd.
0C7A15	Intel Corporate
78B46A	HUAWEI TECHNOLOGIES CO.,LTD
6CEBB6	HUAWEI TECHNOLOGIES CO.,LTD
4CF55B	HUAWEI TECHNOLOGIES CO.,LTD
A44BD5	Xiaomi Communications Co Ltd
14876A	Apple, Inc.
E0B55F	Apple, Inc.
F8FFC2	Apple, Inc.
E0EB40	Apple, Inc.
40A6B7	Intel Corporate
E83F67	Huawei Device Co., Ltd.
3446EC	Huawei Device Co., Ltd.
18703B	Huawei Device Co., Ltd.
E85A8B	Xiaomi Communications Co Ltd
D89E61	Huawei Device Co., Ltd.
347E00	Huawei Device Co., Ltd.
5CE50C	Beijing Xiaomi Mobile Software Co., Ltd
5C710D	Cisco Systems, Inc
98AF65	Intel Corporate
749EF5	Samsung Electronics Co.,Ltd
68BFC4	Samsung Electronics Co.,Ltd
A0DF15	HUAWEI TECHNOLOGIES CO.,LTD
A85E45	ASUSTek COMPUTER INC.
5CCD5B	Intel Corporate
10B3C6	Cisco Systems, Inc
10B3D6	Cisco Systems, Inc
04B1A1	Samsung Electronics Co.,Ltd
CC464E	Samsung Electronics Co.,Ltd
F4D620	GUANGDONG OPPO MOBILE TELECOMMUNICATIONS CORP.,LTD
A0D807	Huawei Device Co., Ltd.
2C780E	Huawei Device Co., Ltd.
34B20A	Huawei Device Co., Ltd.
B00875	HUAWEI TECHNOLOGIES CO.,LTD
8CF112	Motorola Mobility LLC, a Lenovo Company
B899AE	Shenzhen MiaoMing  Intelligent Technology Co.,Ltd
5885A2	Realme Chongqing MobileTelecommunications Corp Ltd
44AEAB	GUANGDONG OPPO MOBILE TELECOMMUNICATIONS CORP.,LTD
A4F05E	GUANGDONG OPPO MOBILE TELECOMMUNICATIONS CORP.,LTD
847637	HUAWEI TECHNOLOGIES CO.,LTD
FC9435	HUAWEI TECHNOLOGIES CO.,LTD
E02481	HUAWEI TECHNOLOGIES CO.,LTD
2CF89B	Cisco Systems, Inc
80B07B	zte corporation
C85A9F	zte corporation
100177	HUAWEI TECHNOLOGIES CO.,LTD
44A191	HUAWEI TECHNOLOGIES CO.,LTD
24526A	Zhejiang Dahua Technology Co., Ltd.
50D2F5	Beijing Xiaomi Mobile Software Co., Ltd
1C687E	Shenzhen Qihu Intelligent Technology Company Limited
28167F	Xiaomi Communications Co Ltd
087190	Intel Corporate
5CE883	HUAWEI TECHNOLOGIES CO.,LTD
A4530E	Cisco Systems, Inc
C8B1CD	Apple, Inc.
1460CB	Apple, Inc.
B8F12A	Apple, Inc.
F887F1	Apple, Inc.
4074E0	Intel Corporate
44FB5A	zte corporation
305714	Apple, Inc.
04C807	Xiaomi Communications Co Ltd
4459E3	HUAWEI TECHNOLOGIES CO.,LTD
44D3CA	Cisco Systems, Inc
9835ED	HUAWEI TECHNOLOGIES CO.,LTD
084F0A	HUAWEI TECHNOLOGIES CO.,LTD
A8494D	HUAWEI TECHNOLOGIES CO.,LTD
44004D	HUAWEI TECHNOLOGIES CO.,LTD
18CF24	HUAWEI TECHNOLOGIES CO.,LTD
D89B3B	HUAWEI TECHNOLOGIES CO.,LTD
88403B	HUAWEI TECHNOLOGIES CO.,LTD
FC8743	HUAWEI TECHNOLOGIES CO.,LTD
04885F	HUAWEI TECHNOLOGIES CO.,LTD
C850CE	HUAWEI TECHNOLOGIES CO.,LTD
4413D0	zte corporation
20F478	Xiaomi Communications Co Ltd
7438B7	CANON INC.
90735A	Motorola Mobility LLC, a Lenovo Company
00FA21	Samsung Electronics Co.,Ltd
7C2302	Samsung Electronics Co.,Ltd
6CAB05	Cisco Systems, Inc
C09FE1	zte corporation
D49DC0	Samsung Electronics Co.,Ltd
84FDD1	Intel Corporate
20DA22	HUAWEI TECHNOLOGIES CO.,LTD
20658E	HUAWEI TECHNOLOGIES CO.,LTD
183D5E	HUAWEI TECHNOLOGIES CO.,LTD
E0DCFF	Xiaomi Communications Co Ltd
00778D	Cisco Systems, Inc
008764	Cisco Systems, Inc
846FCE	GUANGDONG OPPO MOBILE TELECOMMUNICATIONS CORP.,LTD
E0B655	Beijing Xiaomi Electronics Co., Ltd.
DCFB48	Intel Corporate
DC7137	zte corporation
04D4C4	ASUSTek COMPUTER INC.
A0510B	Intel Corporate
7488BB	Cisco Systems, Inc
804A14	Apple, Inc.
703C69	Apple, Inc.
489DD1	Samsung Electronics Co.,Ltd
C08C71	Motorola Mobility LLC, a Lenovo Company
B06FE0	Samsung Electronics Co.,Ltd
002F5C	Cisco Systems, Inc
F07D68	D-Link Corporation
EC4118	XIAOMI Electronics,CO.,LTD
08ECF5	Cisco Systems, Inc
60D0A9	Samsung Electronics Co.,Ltd
88CEFA	HUAWEI TECHNOLOGIES CO.,LTD
70C9C6	Cisco Systems, Inc
180D2C	Intelbras
98DAC4	TP-LINK TECHNOLOGIES CO.,LTD.
C82832	Beijing Xiaomi Electronics Co., Ltd.
C4346B	Hewlett Packard
48F17F	Intel Corporate
48FDA3	Xiaomi Communications Co Ltd
90869B	zte corporation
FC94CE	zte corporation
0CD0F8	Cisco Systems, Inc
F80F6F	Cisco Systems, Inc
D8F2CA	Intel Corporate
00B8B3	Cisco Systems, Inc
A45046	Xiaomi Communications Co Ltd
70D313	HUAWEI TECHNOLOGIES CO.,LTD
9C1D36	HUAWEI TECHNOLOGIES CO.,LTD
CCBBFE	HUAWEI TECHNOLOGIES CO.,LTD
007C2D	Samsung Electronics Co.,Ltd
5029F5	GUANGDONG OPPO MOBILE TELECOMMUNICATIONS CORP.,LTD
00D6FE	Cisco Systems, Inc
14C213	Apple, Inc.
A4D931	Apple, Inc.
BCFED9	Apple, Inc.
808223	Apple, Inc.
CC08FB	TP-LINK TECHNOLOGIES CO.,LTD.
00AA6E	Cisco Systems, Inc
007204	Samsung Electronics Co., Ltd. ARTIK
E43493	HUAWEI TECHNOLOGIES CO.,LTD
342912	HUAWEI TECHNOLOGIES CO.,LTD
48A472	Intel Corporate
BCA58B	Samsung Electronics Co.,Ltd
80CEB9	Samsung Electronics Co.,Ltd
6C6CD3	Cisco Systems, Inc
1062E5	Hewlett Packard
14D169	HUAWEI TECHNOLOGIES CO.,LTD
1CC3EB	GUANGDONG OPPO MOBILE TELECOMMUNICATIONS CORP.,LTD
F460E2	Xiaomi Communications Co Ltd
60F18A	HUAWEI TECHNOLOGIES CO.,LTD
848A8D	Cisco Systems, Inc
E06267	Xiaomi Communications Co Ltd
082525	Xiaomi Communications Co Ltd
10C172	HUAWEI TECHNOLOGIES CO.,LTD
8C14B4	zte corporation
C0B6F9	Intel Corporate
144F8A	Intel Corporate
00C3F4	Samsung Electronics Co.,Ltd
78725D	Cisco Systems, Inc
B46BFC	Intel Corporate
EC8C9A	HUAWEI TECHNOLOGIES CO.,LTD
B48655	HUAWEI TECHNOLOGIES CO.,LTD
D0D783	HUAWEI TECHNOLOGIES CO.,LTD
7836CC	GUANGDONG OPPO MOBILE TELECOMMUNICATIONS CORP.,LTD
0CF5A4	Cisco Systems, Inc
501D93	HUAWEI TECHNOLOGIES CO.,LTD
F09CD7	Guangzhou Blue Cheetah Intelligent Technology Co., Ltd.
BCE143	Apple, Inc.
30D9D9	Apple, Inc.
6030D4	Apple, Inc.
F895EA	Apple, Inc.
18F1D8	Apple, Inc.
647033	Apple, Inc.
846878	Apple, Inc.
C8D083	Apple, Inc.
9C2EA1	Xiaomi Communications Co Ltd
3CCD5D	HUAWEI TECHNOLOGIES CO.,LTD
7C7668	HUAWEI TECHNOLOGIES CO.,LTD
003C10	Cisco Systems, Inc
4CABFC	zte corporation
7C2A31	Intel Corporate
0CF346	Xiaomi Communications Co Ltd
7470FD	Intel Corporate
5065F3	Hewlett Packard
80AD16	Xiaomi Communications Co Ltd
C49F4C	HUAWEI TECHNOLOGIES CO.,LTD
0C704A	HUAWEI TECHNOLOGIES CO.,LTD
FC643A	Samsung Electronics Co.,Ltd
CC8E71	Cisco Systems, Inc
A8515B	Samsung Electronics Co.,Ltd
3CE824	HUAWEI TECHNOLOGIES CO.,LTD
B4FBF9	HUAWEI TECHNOLOGIES CO.,LTD
506F77	HUAWEI TECHNOLOGIES CO.,LTD
0C41E9	HUAWEI TECHNOLOGIES CO.,LTD
88BD45	Samsung Electronics Co.,Ltd
54FCF0	Samsung Electronics Co.,Ltd
306A85	Samsung Electronics Co.,Ltd
4CDD31	Samsung Electronics Co.,Ltd
B4DE31	Cisco Systems, Inc
A44027	zte corporation
70EF00	Apple, Inc.
D0817A	Apple, Inc.
98CA33	Apple, Inc.
68AB1E	Apple, Inc.
BCFFEB	Motorola Mobility LLC, a Lenovo Company
2C37C5	Qingdao Haier Intelligent Home Appliance Technology Co.,Ltd
7C7635	Intel Corporate
CC2D21	Tenda Technology Co.,Ltd.Dongguan branch
0C1539	Apple, Inc.
645106	Hewlett Packard
F87B20	Cisco Systems, Inc
D88F76	Apple, Inc.
409C28	Apple, Inc.
609BC8	Hipad Intelligent Technology Co., Ltd.
88B4A6	Motorola Mobility LLC, a Lenovo Company
B06EBF	ASUSTek COMPUTER INC.
74860B	Cisco Systems, Inc
78321B	D-Link International
EC51BC	GUANGDONG OPPO MOBILE TELECOMMUNICATIONS CORP.,LTD
F079E8	GUANGDONG OPPO MOBILE TELECOMMUNICATIONS CORP.,LTD
D0B128	Samsung Electronics Co.,Ltd
BC5451	Samsung Electronics Co.,Ltd
940E6B	HUAWEI TECHNOLOGIES CO.,LTD
38E2DD	zte corporation
885DFB	zte corporation
68ECC5	Intel Corporate
288CB8	zte corporation
78BC1A	Cisco Systems, Inc
5C546D	HUAWEI TECHNOLOGIES CO.,LTD
0021A1	Cisco Systems, Inc
58E28F	Apple, Inc.
787B8A	Apple, Inc.
2C4053	Samsung Electronics Co.,Ltd
0C8FFF	HUAWEI TECHNOLOGIES CO.,LTD
54B121	HUAWEI TECHNOLOGIES CO.,LTD
A80C63	HUAWEI TECHNOLOGIES CO.,LTD
5CC307	HUAWEI TECHNOLOGIES CO.,LTD
101B54	HUAWEI TECHNOLOGIES CO.,LTD
3CF591	GUANGDONG OPPO MOBILE TELECOMMUNICATIONS CORP.,LTD
602101	GUANGDONG OPPO MOBILE TELECOMMUNICATIONS CORP.,LTD
287B09	zte corporation
88B111	Intel Corporate
ECF342	GUANGDONG OPPO MOBILE TELECOMMUNICATIONS CORP.,LTD
D4258B	Intel Corporate
00F82C	Cisco Systems, Inc
00C1B1	Cisco Systems, Inc
ACAFB9	Samsung Electronics Co.,Ltd
B83A08	Tenda Technology Co.,Ltd.Dongguan branch
F894C2	Intel Corporate
70D379	Cisco Systems, Inc
28B448	HUAWEI TECHNOLOGIES CO.,LTD
70DB98	Cisco Systems, Inc
30D386	zte corporation
2C5A0F	Cisco Systems, Inc
2C3124	Cisco Systems, Inc
B0359F	Intel Corporate
F80BCB	Cisco Systems, Inc
503DA1	Samsung Electronics Co.,Ltd
503237	Apple, Inc.
B0481A	Apple, Inc.
B49CDF	Apple, Inc.
48BF6B	Apple, Inc.
3C0518	Samsung Electronics Co.,Ltd
900628	Samsung Electronics Co.,Ltd
9C84BF	Apple, Inc.
4C1A3D	GUANGDONG OPPO MOBILE TELECOMMUNICATIONS CORP.,LTD
BC3F8F	HUAWEI TECHNOLOGIES CO.,LTD
143004	HUAWEI TECHNOLOGIES CO.,LTD
38AA3C	SAMSUNG ELECTRO MECHANICS CO., LTD.
14ABC5	Intel Corporate
5004B8	HUAWEI TECHNOLOGIES CO.,LTD
00B362	Apple, Inc.
E4E4AB	Apple, Inc.
60334B	Apple, Inc.
BCA8A6	Intel Corporate
F48C50	Intel Corporate
64EB8C	Seiko Epson Corporation
44C346	HUAWEI TECHNOLOGIES CO.,LTD
307496	HUAWEI TECHNOLOGIES CO.,LTD
708A09	HUAWEI TECHNOLOGIES CO.,LTD
180675	Dilax Intelcom GmbH
9002A9	Zhejiang Dahua Technology Co., Ltd.
E0508B	Zhejiang Dahua Technology Co., Ltd.
681AB2	zte corporation
00A2EE	Cisco Systems, Inc
0059DC	Cisco Systems, Inc
C8D3FF	Hewlett Packard
F4F524	Motorola Mobility LLC, a Lenovo Company
00BBC1	CANON INC.
0038DF	Cisco Systems, Inc
EC107B	Samsung Electronics Co.,Ltd
CC2D83	GUANGDONG OPPO MOBILE TELECOMMUNICATIONS CORP.,LTD
D46E0E	TP-LINK TECHNOLOGIES CO.,LTD.
38D547	ASUSTek COMPUTER INC.
F02FA7	HUAWEI TECHNOLOGIES CO.,LTD
18DED7	HUAWEI TECHNOLOGIES CO.,LTD
1C232C	Samsung Electronics Co.,Ltd
FCD848	Apple, Inc.
0021D2	Samsung Electronics Co.,Ltd
0021D1	Samsung Electronics Co.,Ltd
001FCC	Samsung Electronics Co.,Ltd
EC8892	Motorola Mobility LLC, a Lenovo Company
00A6CA	Cisco Systems, Inc
008731	Cisco Systems, Inc
004A77	zte corporation
60A10A	Samsung Electronics Co.,Ltd
8C71F8	Samsung Electronics Co.,Ltd
CC051B	Samsung Electronics Co.,Ltd
8C7712	Samsung Electronics Co.,Ltd
9463D1	Samsung Electronics Co.,Ltd
5C497D	Samsung Electronics Co.,Ltd
78D6F0	SAMSUNG ELECTRO MECHANICS CO., LTD.
7825AD	Samsung Electronics Co.,Ltd
ECE09B	Samsung Electronics Co.,Ltd
001632	Samsung Electronics Co.,Ltd
E4E0C5	Samsung Electronics Co.,Ltd
20D5BF	Samsung Electronics Co.,Ltd
0016DB	Samsung Electronics Co.,Ltd
001EE2	Samsung Electronics Co.,Ltd
C0BDD1	SAMSUNG ELECTRO-MECHANICS(THAILAND)
B479A7	SAMSUNG ELECTRO-MECHANICS(THAILAND)
7C11CB	HUAWEI TECHNOLOGIES CO.,LTD
BC20A4	Samsung Electronics Co.,Ltd
08D42B	Samsung Electronics Co.,Ltd
789ED0	Samsung Electronics Co.,Ltd
B0C4E7	Samsung Electronics Co.,Ltd
C81479	Samsung Electronics Co.,Ltd
002490	Samsung Electronics Co.,Ltd
0023D7	Samsung Electronics Co.,Ltd
549B12	Samsung Electronics Co.,Ltd
FCA13E	Samsung Electronics Co.,Ltd
A00798	Samsung Electronics Co.,Ltd
1CAF05	Samsung Electronics Co.,Ltd
24C696	Samsung Electronics Co.,Ltd
94D771	Samsung Electronics Co.,Ltd
E84E84	Samsung Electronics Co.,Ltd
B0DF3A	Samsung Electronics Co.,Ltd
805719	Samsung Electronics Co.,Ltd
34BE00	Samsung Electronics Co.,Ltd
78521A	Samsung Electronics Co.,Ltd
001FCD	Samsung Electronics Co.,Ltd
38ECE4	Samsung Electronics Co.,Ltd
945103	Samsung Electronics Co.,Ltd
5CE8EB	Samsung Electronics Co.,Ltd
049FCA	HUAWEI TECHNOLOGIES CO.,LTD
50016B	HUAWEI TECHNOLOGIES CO.,LTD
205EF7	Samsung Electronics Co.,Ltd
141F78	Samsung Electronics Co.,Ltd
001478	TP-LINK TECHNOLOGIES CO.,LTD.
0028F8	Intel Corporate
74B57E	zte corporation
B47443	Samsung Electronics Co.,Ltd
18686A	zte corporation
A47174	HUAWEI TECHNOLOGIES CO.,LTD
F4CB52	HUAWEI TECHNOLOGIES CO.,LTD
B808D7	HUAWEI TECHNOLOGIES CO.,LTD
680715	Intel Corporate
C46413	Cisco Systems, Inc
ECD68A	Shenzhen JMicron Intelligent Technology Developmen
00FEC8	Cisco Systems, Inc
009E1E	Cisco Systems, Inc
10BEF5	D-Link International
A860B6	Apple, Inc.
C4B301	Apple, Inc.
E05F45	Apple, Inc.
483B38	Apple, Inc.
1C9148	Apple, Inc.
34A2A2	HUAWEI TECHNOLOGIES CO.,LTD
749D8F	HUAWEI TECHNOLOGIES CO.,LTD
C864C7	zte corporation
E0A3AC	HUAWEI TECHNOLOGIES CO.,LTD
BC7574	HUAWEI TECHNOLOGIES CO.,LTD
20A680	HUAWEI TECHNOLOGIES CO.,LTD
8828B3	HUAWEI TECHNOLOGIES CO.,LTD
F823B2	HUAWEI TECHNOLOGIES CO.,LTD
006CBC	Cisco Systems, Inc
4851B7	Intel Corporate
749781	zte corporation
E4A471	Intel Corporate
10F005	Intel Corporate
F877B8	Samsung Electronics Co.,Ltd
14D11F	HUAWEI TECHNOLOGIES CO.,LTD
DC094C	HUAWEI TECHNOLOGIES CO.,LTD
1C6758	HUAWEI TECHNOLOGIES CO.,LTD
24BCF8	HUAWEI TECHNOLOGIES CO.,LTD
DCEE06	HUAWEI TECHNOLOGIES CO.,LTD
30FC68	TP-LINK TECHNOLOGIES CO.,LTD.
008A96	Cisco Systems, Inc
64CC2E	Xiaomi Communications Co Ltd
182195	Samsung Electronics Co.,Ltd
44783E	Samsung Electronics Co.,Ltd
30636B	Apple, Inc.
A4F1E8	Apple, Inc.
14BB6E	Samsung Electronics Co.,Ltd
1867B0	Samsung Electronics Co.,Ltd
744AA4	zte corporation
28CC01	Samsung Electronics Co.,Ltd
6CF373	Samsung Electronics Co.,Ltd
9C3AAF	Samsung Electronics Co.,Ltd
781FDB	Samsung Electronics Co.,Ltd
183F47	Samsung Electronics Co.,Ltd
4CA56D	Samsung Electronics Co.,Ltd
B86CE8	Samsung Electronics Co.,Ltd
0CB319	Samsung Electronics Co.,Ltd
50A4C8	Samsung Electronics Co.,Ltd
6C8336	Samsung Electronics Co.,Ltd
001BA9	Brother industries, LTD.
00300A	Aztech Electronics Pte Ltd
00AA02	Intel Corporation
7C7A91	Intel Corporate
AC7BA1	Intel Corporate
6C2995	Intel Corporate
984FEE	Intel Corporate
8C705A	Intel Corporate
606720	Intel Corporate
FCF8AE	Intel Corporate
6036DD	Intel Corporate
001E65	Intel Corporate
001E67	Intel Corporate
0022FA	Intel Corporate
001500	Intel Corporate
A088B4	Intel Corporate
648099	Intel Corporate
D07E35	Intel Corporate
E82AEA	Intel Corporate
605718	Intel Corporate
C4D987	Intel Corporate
100BA9	Intel Corporate
00270E	Intel Corporate
E0757D	Motorola Mobility LLC, a Lenovo Company
34BB26	Motorola Mobility LLC, a Lenovo Company
806C1B	Motorola Mobility LLC, a Lenovo Company
0016EB	Intel Corporate
0018DE	Intel Corporate
5CE0C5	Intel Corporate
58A839	Intel Corporate
7C5CF8	Intel Corporate
DC6DCD	GUANGDONG OPPO MOBILE TELECOMMUNICATIONS CORP.,LTD
C4282D	Embedded Intellect Pty Ltd
2082C0	Xiaomi Communications Co Ltd
2C27D7	Hewlett Packard
984BE1	Hewlett Packard
0015E9	D-Link Corporation
001B11	D-Link Corporation
00265A	D-Link Corporation
C8BE19	D-Link International
48DB50	HUAWEI TECHNOLOGIES CO.,LTD
A4BA76	HUAWEI TECHNOLOGIES CO.,LTD
440010	Apple, Inc.
0056CD	Apple, Inc.
00CDFE	Apple, Inc.
2C6E85	Intel Corporate
E498D6	Apple, Inc.
E4FAFD	Intel Corporate
94659C	Intel Corporate
484520	Intel Corporate
9049FA	Intel Corporate
BC0F64	Intel Corporate
0002B3	Intel Corporation
000347	Intel Corporation
000E0C	Intel Corporation
001320	Intel Corporate
001321	Hewlett Packard
000802	Hewlett Packard
0002A5	Hewlett Packard
6CC217	Hewlett Packard
1458D0	Hewlett Packard
D8D385	Hewlett Packard
18A905	Hewlett Packard
001B78	Hewlett Packard
001871	Hewlett Packard
000E7F	Hewlett Packard
001185	Hewlett Packard
001279	Hewlett Packard
EC9A74	Hewlett Packard
10604B	Hewlett Packard
C8CBB8	Hewlett Packard
843497	Hewlett Packard
5C8A38	Hewlett Packard
2C59E5	Hewlett Packard
0019E0	TP-LINK TECHNOLOGIES CO.,LTD.
002586	TP-LINK TECHNOLOGIES CO.,LTD.
54E6FC	TP-LINK TECHNOLOGIES CO.,LTD.
74EA3A	TP-LINK TECHNOLOGIES CO.,LTD.
601888	zte corporation
0004EA	Hewlett Packard
F431C3	Apple, Inc.
64A5C3	Apple, Inc.
FCC897	zte corporation
002512	zte corporation
BC3AEA	GUANGDONG OPPO MOBILE TELECOMMUNICATIONS CORP.,LTD
F81A67	TP-LINK TECHNOLOGIES CO.,LTD.
EC172F	TP-LINK TECHNOLOGIES CO.,LTD.
14E6E4	TP-LINK TECHNOLOGIES CO.,LTD.
344B50	zte corporation
E8088B	HUAWEI TECHNOLOGIES CO.,LTD
0C96BF	HUAWEI TECHNOLOGIES CO.,LTD
60E701	HUAWEI TECHNOLOGIES CO.,LTD
888603	HUAWEI TECHNOLOGIES CO.,LTD
04F938	HUAWEI TECHNOLOGIES CO.,LTD
AC853D	HUAWEI TECHNOLOGIES CO.,LTD
4846FB	HUAWEI TECHNOLOGIES CO.,LTD
7C6097	HUAWEI TECHNOLOGIES CO.,LTD
CC53B5	HUAWEI TECHNOLOGIES CO.,LTD
60DE44	HUAWEI TECHNOLOGIES CO.,LTD
105172	HUAWEI TECHNOLOGIES CO.,LTD
08E84F	HUAWEI TECHNOLOGIES CO.,LTD
643E8C	HUAWEI TECHNOLOGIES CO.,LTD
84A8E4	HUAWEI TECHNOLOGIES CO.,LTD
001882	HUAWEI TECHNOLOGIES CO.,LTD
78F5FD	HUAWEI TECHNOLOGIES CO.,LTD
5C7D5E	HUAWEI TECHNOLOGIES CO.,LTD
20F3A3	HUAWEI TECHNOLOGIES CO.,LTD
0C37DC	HUAWEI TECHNOLOGIES CO.,LTD
BC7670	HUAWEI TECHNOLOGIES CO.,LTD
24DBAC	HUAWEI TECHNOLOGIES CO.,LTD
1C1D67	HUAWEI TECHNOLOGIES CO.,LTD
D02DB3	HUAWEI TECHNOLOGIES CO.,LTD
E8CD2D	HUAWEI TECHNOLOGIES CO.,LTD
2469A5	HUAWEI TECHNOLOGIES CO.,LTD
EC233D	HUAWEI TECHNOLOGIES CO.,LTD
E0247F	HUAWEI TECHNOLOGIES CO.,LTD
00464B	HUAWEI TECHNOLOGIES CO.,LTD
80FB06	HUAWEI TECHNOLOGIES CO.,LTD
90671C	HUAWEI TECHNOLOGIES CO.,LTD
BC25E0	HUAWEI TECHNOLOGIES CO.,LTD
F4E3FB	HUAWEI TECHNOLOGIES CO.,LTD
70E422	Cisco Systems, Inc
00500F	Cisco Systems, Inc
0050A2	Cisco Systems, Inc
00E0B0	Cisco Systems, Inc
00E0FE	Cisco Systems, Inc
00E034	Cisco Systems, Inc
00E0F9	Cisco Systems, Inc
C8D719	Cisco-Linksys, LLC
203A07	Cisco Systems, Inc
7C1DD9	Xiaomi Communications Co Ltd
A086C6	Xiaomi Communications Co Ltd
9C99A0	Xiaomi Communications Co Ltd
584498	Xiaomi Communications Co Ltd
001079	Cisco Systems, Inc
001029	Cisco Systems, Inc
000E08	Cisco-Linksys, LLC
00603E	Cisco Systems, Inc
00602F	Cisco Systems, Inc
006047	Cisco Systems, Inc
00023D	Cisco Systems, Inc
00502A	Cisco Systems, Inc
4403A7	Cisco Systems, Inc
B0FAEB	Cisco Systems, Inc
88908D	Cisco Systems, Inc
F07816	Cisco Systems, Inc
00223A	Cisco SPVTG
0021BE	Cisco SPVTG
000C41	Cisco-Linksys, LLC
1CDEA7	Cisco Systems, Inc
F07F06	Cisco Systems, Inc
BC16F5	Cisco Systems, Inc
FC5B39	Cisco Systems, Inc
346F90	Cisco Systems, Inc
14DAE9	ASUSTek COMPUTER INC.
F4CFE2	Cisco Systems, Inc
A80C0D	Cisco Systems, Inc
7CAD74	Cisco Systems, Inc
F41FC2	Cisco Systems, Inc
44ADD9	Cisco Systems, Inc
0C6803	Cisco Systems, Inc
C08C60	Cisco Systems, Inc
E8EDF3	Cisco Systems, Inc
E4C722	Cisco Systems, Inc
64E950	Cisco Systems, Inc
5CFC66	Cisco Systems, Inc
D46D50	Cisco Systems, Inc
74A02F	Cisco Systems, Inc
C07BBC	Cisco Systems, Inc
24E9B3	Cisco Systems, Inc
0011D8	ASUSTek COMPUTER INC.
0018F3	ASUSTek COMPUTER INC.
001A92	ASUSTek COMPUTER INC.
88F031	Cisco Systems, Inc
0016B6	Cisco-Linksys, LLC
0018F8	Cisco-Linksys, LLC
00252E	Cisco SPVTG
54D46F	Cisco SPVTG
A4A24A	Cisco SPVTG
44E08E	Cisco SPVTG
BCC810	Cisco SPVTG
7CB21B	Cisco SPVTG
24767D	Cisco SPVTG
481D70	Cisco SPVTG
00E04F	Cisco Systems, Inc
0010FF	Cisco Systems, Inc
001054	Cisco Systems, Inc
0010F6	Cisco Systems, Inc
0010A6	Cisco Systems, Inc
F0B2E5	Cisco Systems, Inc
0010FA	Apple, Inc.
0050E4	Apple, Inc.
000D93	Apple, Inc.
0019E3	Apple, Inc.
001B63	Apple, Inc.
001EC2	Apple, Inc.
001FF3	Apple, Inc.
002332	Apple, Inc.
00236C	Apple, Inc.
0023DF	Apple, Inc.
002500	Apple, Inc.
0025BC	Apple, Inc.
34159E	Apple, Inc.
58B035	Apple, Inc.
5C5948	Apple, Inc.
C8BCC8	Apple, Inc.
5897BD	Cisco Systems, Inc
5C838F	Cisco Systems, Inc
ECBD1D	Cisco Systems, Inc
7CFADF	Apple, Inc.
24AB81	Apple, Inc.
78A3E4	Apple, Inc.
1CABA7	Apple, Inc.
E0F847	Apple, Inc.
28E7CF	Apple, Inc.
E4CE8F	Apple, Inc.
E8040B	Apple, Inc.
145A05	Apple, Inc.
148FC6	Apple, Inc.
286AB8	Apple, Inc.
28E02C	Apple, Inc.
E0B9BA	Apple, Inc.
00C610	Apple, Inc.
7CD1C3	Apple, Inc.
F0DCE2	Apple, Inc.
A82066	Apple, Inc.
BC52B7	Apple, Inc.
C0847A	Apple, Inc.
B8F6B1	Apple, Inc.
8CFABA	Apple, Inc.
881FA1	Apple, Inc.
C8E0EB	Apple, Inc.
98B8E3	Apple, Inc.
885395	Apple, Inc.
786C1C	Apple, Inc.
4C8D79	Apple, Inc.
1CE62B	Apple, Inc.
24A2E1	Apple, Inc.
F832E4	ASUSTek COMPUTER INC.
80EA96	Apple, Inc.
600308	Apple, Inc.
04F13E	Apple, Inc.
98F0AB	Apple, Inc.
087402	Apple, Inc.
94F6A3	Apple, Inc.
98E0D9	Apple, Inc.
CC29F5	Apple, Inc.
285AEB	Apple, Inc.
748114	Apple, Inc.
18F643	Apple, Inc.
A45E60	Apple, Inc.
A01828	Apple, Inc.
D0034B	Apple, Inc.
24A074	Apple, Inc.
F02475	Apple, Inc.
2C1F23	Apple, Inc.
549F13	Apple, Inc.
F0DBE2	Apple, Inc.
0C3021	Apple, Inc.
DC86D8	Apple, Inc.
90B931	Apple, Inc.
D0E140	Apple, Inc.
10417F	Apple, Inc.
A8667F	Apple, Inc.
D02598	Apple, Inc.
783A84	Apple, Inc.
5C8D4E	Apple, Inc.
8863DF	Apple, Inc.
84788B	Apple, Inc.
80BE05	Apple, Inc.
7831C1	Apple, Inc.
0C3E9F	Apple, Inc.
FCFC48	Apple, Inc.
9C293F	Apple, Inc.
80A1AB	Intellisis
98F428	zte corporation
346987	zte corporation
305A3A	ASUSTek COMPUTER INC.
587F57	Apple, Inc.
006D52	Apple, Inc.
A03299	Lenovo (Beijing) Co., Ltd.
ACEE9E	Samsung Electronics Co.,Ltd
385F66	Cisco SPVTG
B857D8	Samsung Electronics Co.,Ltd
B844D9	Apple, Inc.
2CCF58	HUAWEI TECHNOLOGIES CO.,LTD
6889C1	HUAWEI TECHNOLOGIES CO.,LTD
143EBF	zte corporation
1C56FE	Motorola Mobility LLC, a Lenovo Company
7CA23E	HUAWEI TECHNOLOGIES CO.,LTD
88CBA5	Suzhou Torchstar Intelligent Technology Co.,Ltd
88A2D7	HUAWEI TECHNOLOGIES CO.,LTD
9C37F4	HUAWEI TECHNOLOGIES CO.,LTD
3C4711	HUAWEI TECHNOLOGIES CO.,LTD
08ECA9	Samsung Electronics Co.,Ltd
AC5A14	Samsung Electronics Co.,Ltd
F8CFC5	Motorola Mobility LLC, a Lenovo Company
7840E4	Samsung Electronics Co.,Ltd
E09971	Samsung Electronics Co.,Ltd
10D38A	Samsung Electronics Co.,Ltd
847303	Letv Mobile and Intelligent Information Technology (Beijing) Corporation Ltd.
6077E2	Samsung Electronics Co.,Ltd
FC1910	Samsung Electronics Co.,Ltd
3CA10D	Samsung Electronics Co.,Ltd
646CB2	Samsung Electronics Co.,Ltd
680571	Samsung Electronics Co.,Ltd
A43D78	GUANGDONG OPPO MOBILE TELECOMMUNICATIONS CORP.,LTD
14B484	Samsung Electronics Co.,Ltd
50C7BF	TP-LINK TECHNOLOGIES CO.,LTD.
441E91	ARVIDA Intelligent Electronics Technology  Co.,Ltd.
A8A668	zte corporation
A8574E	TP-LINK TECHNOLOGIES CO.,LTD.
208986	zte corporation
182012	Aztech Associates Inc.
98FFD0	Lenovo Mobile Communication Technology Ltd.
D850E6	ASUSTek COMPUTER INC.
E47723	zte corporation
9CA9E4	zte corporation
146080	zte corporation
C0A0BB	D-Link International
503CC4	Lenovo Mobile Communication Technology Ltd.
D8FEE3	D-Link International
F48139	CANON INC.
E894F6	TP-LINK TECHNOLOGIES CO.,LTD.
74D02B	ASUSTek COMPUTER INC.
1CFA68	TP-LINK TECHNOLOGIES CO.,LTD.
C04A00	TP-LINK TECHNOLOGIES CO.,LTD.
2C26C5	zte corporation
149FE8	Lenovo Mobile Communication Technology Ltd.
4C09B4	zte corporation
D48CB5	Cisco Systems, Inc
A06D09	Intelcan Technosystems Inc.
8C604F	Cisco Systems, Inc
5C5015	Cisco Systems, Inc
D824BD	Cisco Systems, Inc
C86000	ASUSTek COMPUTER INC.
08D09F	Cisco Systems, Inc
D4D748	Cisco Systems, Inc
000830	Cisco Systems, Inc
2C3F38	Cisco Systems, Inc
70CA9B	Cisco Systems, Inc
68BC0C	Cisco Systems, Inc
E8B748	Cisco Systems, Inc
E80462	Cisco Systems, Inc
9C4E20	Cisco Systems, Inc
5475D0	Cisco Systems, Inc
547FEE	Cisco Systems, Inc
04FE7F	Cisco Systems, Inc
EC4476	Cisco Systems, Inc
002698	Cisco Systems, Inc
002584	Cisco Systems, Inc
0025B4	Cisco Systems, Inc
0024EA	iris-GmbH infrared & intelligent sensors
0023EB	Cisco Systems, Inc
002369	Cisco-Linksys, LLC
0022DE	OPPO Digital, Inc.
00226B	Cisco-Linksys, LLC
002255	Cisco Systems, Inc
001FC9	Cisco Systems, Inc
001F6D	Cisco Systems, Inc
001E7A	Cisco Systems, Inc
001E8F	CANON INC.
001DE5	Cisco Systems, Inc
001E14	Cisco Systems, Inc
001DA1	Cisco Systems, Inc
001D71	Cisco Systems, Inc
001D45	Cisco Systems, Inc
001CF6	Cisco Systems, Inc
001C0F	Cisco Systems, Inc
001BB2	Intellect International NV
001BD5	Cisco Systems, Inc
001B90	Cisco Systems, Inc
001B0D	Cisco Systems, Inc
001B0A	Intelligent Distributed Controls Ltd
001AEE	Shenztech Ltd
001AE3	Cisco Systems, Inc
001AA2	Cisco Systems, Inc
001900	Intelliverese - DBA Voicecom
0016F0	Dell
00169C	Cisco Systems, Inc
001647	Cisco Systems, Inc
0015F9	Cisco Systems, Inc
0014A9	Cisco Systems, Inc
00141B	Cisco Systems, Inc
00144D	Intelligent Systems
0013C3	Cisco Systems, Inc
0012DA	Cisco Systems, Inc
00115C	Cisco Systems, Inc
00115D	Cisco Systems, Inc
001176	Intellambda Systems, Inc.
001121	Cisco Systems, Inc
000FF7	Cisco Systems, Inc
000FA0	Canon Korea Inc.
000F90	Cisco Systems, Inc
000E38	Cisco Systems, Inc
000D29	Cisco Systems, Inc
000D65	Cisco Systems, Inc
000CCE	Cisco Systems, Inc
000CCF	Cisco Systems, Inc
000BFC	Cisco Systems, Inc
000B45	Cisco Systems, Inc
000AF3	Cisco Systems, Inc
000947	Aztek, Inc.
000991	Intelligent Platforms, LLC.
0008A4	Cisco Systems, Inc
000918	SAMSUNG TECHWIN CO.,LTD
0007EB	Cisco Systems, Inc
00081A	Sanrad Intelligence Storage Communications (2000) Ltd.
0007EC	Cisco Systems, Inc
0006D6	Cisco Systems, Inc
00061B	Notebook Development Lab.  Lenovo Japan Ltd.
000652	Cisco Systems, Inc
00059A	Cisco Systems, Inc
000501	Cisco Systems, Inc
0004DD	Cisco Systems, Inc
0004C0	Cisco Systems, Inc
00043A	Intelligent Telecommunications, Inc.
00046E	Cisco Systems, Inc
00040F	Asus Network Technologies, Inc.
0003E3	Cisco Systems, Inc
0002FC	Cisco Systems, Inc
003078	Cisco Systems, Inc
00B08E	Cisco Systems, Inc
0030B6	Cisco Systems, Inc
00D0FF	Cisco Systems, Inc
00E064	SAMSUNG ELECTRONICS
902C09	Apple, Inc.
A0B40F	Apple, Inc.
EC0D51	Apple, Inc.
ACDFA1	Apple, Inc.
C05F87	Legrand INTELLIGENT ELECTRICAL(HUIZHOU)CO.,LTD.
807C0A	zte corporation
A87C45	HUAWEI TECHNOLOGIES CO.,LTD
2CEDB0	HUAWEI TECHNOLOGIES CO.,LTD
2C693E	HUAWEI TECHNOLOGIES CO.,LTD
14DAB9	Huawei Device Co., Ltd.
B0CAE7	Huawei Device Co., Ltd.
DC621F	HUAWEI TECHNOLOGIES CO.,LTD
A410B6	Cisco Systems, Inc
C84709	Cisco Systems, Inc
3C25F8	Dell Inc.
4C5739	Samsung Electronics Co.,Ltd
F037CF	Huawei Device Co., Ltd.
2CC8F5	Huawei Device Co., Ltd.
B8060D	Tuya Smart Inc.
E4AAE4	Xiaomi Communications Co Ltd
68C44C	Xiaomi Communications Co Ltd
D8E593	Apple, Inc.
CC68E0	Apple, Inc.
70DA48	Cisco Systems, Inc
20108A	zte corporation
58FFA1	zte corporation
B8B1EA	Honor Device Co., Ltd.
488002	Cisco Systems, Inc
CCD843	Beijing Xiaomi Mobile Software Co., Ltd
D4F921	Qingdao Intelligent&Precise Electronics Co.,Ltd.
C421B9	zte corporation
08A5DF	Samsung Electronics Co.,Ltd
6CD63F	HUAWEI TECHNOLOGIES CO.,LTD
0C184E	HUAWEI TECHNOLOGIES CO.,LTD
BCB2CC	Samsung Electronics Co.,Ltd
8C44A5	Cisco Systems, Inc
F4FE3E	Apple, Inc.
342B6E	Apple, Inc.
606525	Apple, Inc.
F439A6	Apple, Inc.
FC5557	Apple, Inc.
808544	Intelbras
205A1D	zte corporation
54606D	HUAWEI TECHNOLOGIES CO.,LTD
00CAE0	GUANGDONG OPPO MOBILE TELECOMMUNICATIONS CORP.,LTD
A86A86	Xiaomi Communications Co Ltd
A486DB	Guangdong Juan Intelligent Technology Joint Stock Co., Ltd.
B87E39	Motorola Mobility LLC, a Lenovo Company
505E24	zte corporation
C43EAB	Huawei Device Co., Ltd.
CC4460	Huawei Device Co., Ltd.
084473	zte corporation
943589	HUAWEI TECHNOLOGIES CO.,LTD
94261D	HUAWEI TECHNOLOGIES CO.,LTD
9C098B	Cisco Systems, Inc
9C5884	Apple, Inc.
24B339	Apple, Inc.
6CEFBD	Cisco Meraki
105FAD	Intel Corporate
4CB04A	Intel Corporate
E08F4C	Intel Corporate
3C0A7A	Samsung Electronics Co.,Ltd
2424B7	Samsung Electronics Co.,Ltd
F0051B	Samsung Electronics Co.,Ltd
BCA080	Samsung Electronics Co.,Ltd
002B70	Samsung Electronics Co.,Ltd
C44606	Cisco Systems, Inc
AC1EA9	Intelbras
487410	Cisco Systems, Inc
58FE7E	zte corporation
7C0CFA	HUAWEI TECHNOLOGIES CO.,LTD
3483D5	HUAWEI TECHNOLOGIES CO.,LTD
1C64F0	Motorola Mobility LLC, a Lenovo Company
74BEF3	Motorola Mobility LLC, a Lenovo Company
8CC9E9	Huawei Device Co., Ltd.
D854F2	Huawei Device Co., Ltd.
E454E5	Huawei Device Co., Ltd.
1435B7	Apple, Inc.
644842	Apple, Inc.
F45293	Apple, Inc.
942157	Apple, Inc.
886BDB	Apple, Inc.
C4AB4D	Cisco Systems, Inc
10E376	Cisco Systems, Inc
CCB777	zte corporation
3089A6	HUAWEI TECHNOLOGIES CO.,LTD
109819	Dell Inc.
D06726	Hewlett Packard Enterprise 
EC9B8B	Hewlett Packard Enterprise 
089734	Hewlett Packard Enterprise 
B0B867	Hewlett Packard Enterprise 
8030E0	Hewlett Packard Enterprise 
004E35	Hewlett Packard Enterprise 
00FD45	Hewlett Packard Enterprise 
C8B5AD	Hewlett Packard Enterprise 
5CBA2C	Hewlett Packard Enterprise 
5CED8C	Hewlett Packard Enterprise 
94F128	Hewlett Packard Enterprise 
ACA31E	Hewlett Packard Enterprise
EC6794	Hewlett Packard Enterprise
A025D7	Hewlett Packard Enterprise
988F00	Hewlett Packard Enterprise
ECFCC6	Hewlett Packard Enterprise
A40E75	Hewlett Packard Enterprise
38BD7A	Hewlett Packard Enterprise
E81098	Hewlett Packard Enterprise
445BED	Hewlett Packard Enterprise
A85BF7	Hewlett Packard Enterprise
B45D50	Hewlett Packard Enterprise
40E3D6	Hewlett Packard Enterprise
9020C2	Hewlett Packard Enterprise
64E881	Hewlett Packard Enterprise
4438E8	Intel Corporate
64078C	HUAWEI TECHNOLOGIES CO.,LTD
381B9E	Qingdao Intelligent&Precise Electronics Co.,Ltd.
480234	HUAWEI TECHNOLOGIES CO.,LTD
28AF21	zte corporation
0C323A	Samsung Electronics Co.,Ltd
D056FB	Samsung Electronics Co.,Ltd
C07AD6	Samsung Electronics Co.,Ltd
78E61C	Honor Device Co., Ltd.
04137A	Apple, Inc.
70F94A	Apple, Inc.
90B790	Apple, Inc.
F0D635	Apple, Inc.
382CE5	Tuya Smart Inc.
847848	Ubiquiti Inc
C418FC	Cisco Systems, Inc
6C1D2C	HUAWEI TECHNOLOGIES CO.,LTD
20C2B0	HUAWEI TECHNOLOGIES CO.,LTD
B0C2C7	Motorola Mobility LLC, a Lenovo Company
382835	zte corporation
C05234	HUAWEI TECHNOLOGIES CO.,LTD
A00A9A	Huawei Device Co., Ltd.
280708	Samsung Electronics Co.,Ltd
B8B4C9	Cisco Meraki
0056F1	zte corporation
744218	Apple, Inc.
904CC5	Apple, Inc.
EC4654	Apple, Inc.
50F351	Apple, Inc.
202DF6	Apple, Inc.
38A5C9	Tuya Smart Inc.
F8172D	Tuya Smart Inc.
1C627E	HUAWEI TECHNOLOGIES CO.,LTD
6056B1	HUAWEI TECHNOLOGIES CO.,LTD
4C22C9	zte corporation
B41DC4	HUAWEI TECHNOLOGIES CO.,LTD
5000E0	Cisco Systems, Inc
74E2E7	Cisco Systems, Inc
147E19	Hewlett Packard Enterprise
BCCD7F	Huawei Device Co., Ltd.
742869	Huawei Device Co., Ltd.
D0C1B5	Dell Inc.
AC45CA	GUANGDONG OPPO MOBILE TELECOMMUNICATIONS CORP.,LTD
8876B9	D-Link Corporation
502FBB	Motorola Mobility LLC, a Lenovo Company
2C195C	Beijing Xiaomi Mobile Software Co., Ltd
68E580	Apple, Inc.
58666D	Apple, Inc.
DC9E8F	Apple, Inc.
B496A5	Apple, Inc.
3809FB	Apple, Inc.
C463C4	HUAWEI TECHNOLOGIES CO.,LTD
4C5D6A	Apple, Inc.
FCD96B	Realme Chongqing Mobile Telecommunications Corp.,Ltd.
E0C29E	zte corporation
306893	TP-Link Systems Inc.
789987	Xiaomi Communications Co Ltd
584BBC	zte corporation
74E147	GUANGDONG OPPO MOBILE TELECOMMUNICATIONS CORP.,LTD
74B8A8	HUAWEI TECHNOLOGIES CO.,LTD
E0F330	HUAWEI TECHNOLOGIES CO.,LTD
9C0351	HUAWEI TECHNOLOGIES CO.,LTD
0CB787	HUAWEI TECHNOLOGIES CO.,LTD
E81CA5	Hewlett Packard Enterprise
4C92D2	GUANGDONG OPPO MOBILE TELECOMMUNICATIONS CORP.,LTD
2CB6C2	zte corporation
BCA0B9	HUAWEI TECHNOLOGIES CO.,LTD
3C59C0	HUAWEI TECHNOLOGIES CO.,LTD
00FADE	Motorola Mobility LLC, a Lenovo Company
08C7B5	Apple, Inc.
942B68	Apple, Inc.
BC804E	Apple, Inc.
D87475	Apple, Inc.
9CB150	Intel Corporate
24EB16	Intel Corporate
700810	Intel Corporate
8C3396	Apple, Inc.
74CC40	Apple, Inc.
3C5002	Apple, Inc.
5003CF	CANON INC.
FCD202	Realme Chongqing Mobile Telecommunications Corp.,Ltd.
7450CD	HUAWEI TECHNOLOGIES CO.,LTD
0C44C0	zte corporation
EC750C	TP-Link Systems Inc.
58D61F	Ubiquiti Inc
6C63F8	Ubiquiti Inc
28DE1C	Samsung Electronics Co.,Ltd
D8C80C	Tuya Smart Inc.
347069	Cisco Systems, Inc
3CE86E	Hewlett Packard Enterprise
58FB3E	Huawei Device Co., Ltd.
1C3003	Hewlett Packard Enterprise
98BA5F	TP-Link Systems Inc.
98EE94	Xiaomi Communications Co Ltd
209952	Xiaomi Communications Co Ltd
A0C7D2	Cisco Systems, Inc
6858A0	Honor Device Co., Ltd.
04BFD5	Apple, Inc.
44A10E	Apple, Inc.
7CC8DF	Apple, Inc.
8083F6	Apple, Inc.
70A703	Honor Device Co., Ltd.
088AF1	MERCUSYS TECHNOLOGIES CO., LTD.
947AF4	HUAWEI TECHNOLOGIES CO.,LTD
8CA96D	HUAWEI TECHNOLOGIES CO.,LTD
7CDC73	HUAWEI TECHNOLOGIES CO.,LTD
98038E	TP-Link Systems Inc.
8C938B	Realme Chongqing Mobile Telecommunications Corp.,Ltd.
5C0610	Cisco Meraki
901057	Intel Corporate
C40F08	Intel Corporate
C8D959	Motorola Mobility LLC, a Lenovo Company
4CCA95	Huawei Device Co., Ltd.
F05C0E	Huawei Device Co., Ltd.
40C73C	Intel Corporate
D4438A	Beijing Xiaomi Mobile Software Co., Ltd
785ECC	Apple, Inc.
4C1F86	Hangzhou Hikvision Digital Technology Co.,Ltd.
94E7F3	HUAWEI TECHNOLOGIES CO.,LTD
DC9C99	HUAWEI TECHNOLOGIES CO.,LTD
B45976	Apple, Inc.
DC9566	Apple, Inc.
B845EB	Apple, Inc.
1C61BF	Apple, Inc.
9CDAB7	Hewlett Packard Enterprise
E0280A	TP-Link Systems Inc.
00596C	Cisco Systems, Inc
38165A	zte corporation
808800	zte corporation
444A37	Xiaomi Communications Co Ltd
C895CE	Intel Corporate
94390E	Intel Corporate
40D133	Intel Corporate
20BD1D	Intel Corporate
8C86DD	TP-Link Systems Inc.
484996	Huawei Device Co., Ltd.
6822E5	Huawei Device Co., Ltd.
30DE4B	TP-Link Systems Inc
D4808B	Seiko Epson Corporation
4027A8	Cisco Meraki
687FF0	TP-Link Systems Inc
A842A1	TP-Link Systems Inc
C006C3	TP-Link Systems Inc
7CC2C6	TP-Link Systems Inc
680489	Cisco Systems, Inc
20A8BF	HUAWEI TECHNOLOGIES CO.,LTD
00E12F	HUAWEI TECHNOLOGIES CO.,LTD
282CC4	HUAWEI TECHNOLOGIES CO.,LTD
389148	zte corporation
542B76	zte corporation
2CECA6	HUAWEI TECHNOLOGIES CO.,LTD
98C08A	HUAWEI TECHNOLOGIES CO.,LTD
3CFA80	HUAWEI TECHNOLOGIES CO.,LTD
3C318A	Samsung Electronics Co.,Ltd
8075BF	Samsung Electronics Co.,Ltd
78753E	Apple, Inc.
90AC6D	Apple, Inc.
503DD1	TP-Link Systems Inc.
74E987	Apple, Inc.
A89C6C	Ubiquiti Inc
34588A	Cisco Systems, Inc
E08C3C	Cisco Systems, Inc
2C3F0B	Cisco Meraki
94742E	MERCUSYS TECHNOLOGIES CO., LTD.
94EF50	TP-Link Systems Inc.
903FC3	Huawei Device Co., Ltd.
C4493E	Motorola Mobility LLC, a Lenovo Company
CC6200	Honor Device Co., Ltd.
54EAE1	Honor Device Co., Ltd.
7C692B	HUAWEI TECHNOLOGIES CO.,LTD
386EB2	HUAWEI TECHNOLOGIES CO.,LTD
00337A	Tuya Smart Inc.
7CC882	HUAWEI TECHNOLOGIES CO.,LTD
C4864F	Beijing BitIntelligence Information Technology Co. Ltd.
303B49	Cisco Meraki
34FA1C	Beijing Xiaomi Mobile Software Co., Ltd
20F4D4	Apple, Inc.
30C0AE	Apple, Inc.
F8E252	Apple, Inc.
FCB214	Apple, Inc.
2C9520	Apple, Inc.
EC7CBA	Hewlett Packard Enterprise 
E8BFE1	Intel Corporate
644A7D	Intel Corporate
AC3DCB	Intel Corporate
48E150	Intel Corporate
E49F7D	Samsung Electronics Co.,Ltd
88B951	Xiaomi Communications Co Ltd
FC50D6	Huawei Device Co., Ltd.
605FAA	Huawei Device Co., Ltd.
247645	Huawei Device Co., Ltd.
28353A	HUAWEI TECHNOLOGIES CO.,LTD
6030B3	HUAWEI TECHNOLOGIES CO.,LTD
E87E1C	HUAWEI TECHNOLOGIES CO.,LTD
BC4529	zte corporation
D47A97	Realme Chongqing Mobile Telecommunications Corp.,Ltd.
840C6D	Cisco Systems, Inc
E4B16C	Apple, Inc.
704CA2	Apple, Inc.
948978	Apple, Inc.
28D5B1	Apple, Inc.
80D1CE	Apple, Inc.
4C8E19	Xiaomi Communications Co Ltd
94626D	Beijing Xiaomi Electronics Co.,Ltd
7452CE	Hengtai Intelligent Technology (Zhongshan) Co., LTD
14B903	HUAWEI TECHNOLOGIES CO.,LTD
500B23	HUAWEI TECHNOLOGIES CO.,LTD
C8B78A	HUAWEI TECHNOLOGIES CO.,LTD
EC97E0	Hangzhou Ezviz Software Co.,Ltd.
54BAD9	Intelbras
405493	zte corporation
388CEF	Samsung Electronics Co.,Ltd
307AD2	Apple, Inc.
D42DCC	Apple, Inc.
042EC1	Apple, Inc.
B45575	Apple, Inc.
683036	Apple, Inc.
284B54	Apple, Inc.
60D4AF	Honor Device Co., Ltd.
A0E390	Apple, Inc.
6C4CBC	TP-Link Systems Inc.
402641	HUAWEI TECHNOLOGIES CO.,LTD
508D9E	HUAWEI TECHNOLOGIES CO.,LTD
545925	HUAWEI TECHNOLOGIES CO.,LTD
6C7F49	Huawei Device Co., Ltd.
608306	Huawei Device Co., Ltd.
042405	GUANGDONG OPPO MOBILE TELECOMMUNICATIONS CORP.,LTD
801316	Intel Corporate
2CEAFC	Intel Corporate
74F92C	Ubiquiti Inc
ECA78D	Cisco Systems, Inc
FC7288	Cisco Systems, Inc
64EB94	zte corporation
1C7055	HUAWEI TECHNOLOGIES CO.,LTD
300E43	Apple, Inc.
743F8E	Apple, Inc.
883BDC	 CJ intelligent technology LTD.
1C8E2A	Apple, Inc.
34029C	D-Link Corporation
6C77F0	Huawei Device Co., Ltd.
2462C6	Huawei Device Co., Ltd.
142004	zte corporation
B472D4	zte corporation
28DCC3	HUAWEI TECHNOLOGIES CO.,LTD
1094EF	HUAWEI TECHNOLOGIES CO.,LTD
786089	Samsung Electronics Co.,Ltd
A8D162	Samsung Electronics Co.,Ltd
4CEBB0	Samsung Electronics Co.,Ltd
8C0528	SHEN ZHEN TENDA TECHNOLOGY CO.,LTD
D8FC92	Tuya Smart Inc.
D41368	Shenzhen Intellirocks Tech. Co. Ltd.
F47018	Hangzhou Ezviz Software Co.,Ltd.
E45341	Apple, Inc.
68A729	Apple, Inc.
742917	Apple, Inc.
4C55B2	Xiaomi Communications Co Ltd
A422B6	Motorola Mobility LLC, a Lenovo Company
CC808F	Apple, Inc.
E0BA78	Apple, Inc.
982AFD	HUAWEI TECHNOLOGIES CO.,LTD
6C7742	zte corporation
10CD54	HUAWEI TECHNOLOGIES CO.,LTD
94A25D	HUAWEI TECHNOLOGIES CO.,LTD
B4C3D9	HUAWEI TECHNOLOGIES CO.,LTD
542618	HUAWEI TECHNOLOGIES CO.,LTD
802AF6	Honor Device Co., Ltd.
00A307	Honor Device Co., Ltd.
64D562	Huawei Device Co., Ltd.
0894EC	Huawei Device Co., Ltd.
CCB775	Huawei Device Co., Ltd.
98A375	Huawei Device Co., Ltd.
B8752E	Huawei Device Co., Ltd.
10A879	Intel Corporate
90B176	Intel Corporate
70A04B	Intel Corporate
0CAE39	Intel Corporate
04A6C8	Intel Corporate
0C8509	SHEN ZHEN TENDA TECHNOLOGY CO.,LTD
949CBE	HUAWEI TECHNOLOGIES CO.,LTD
185F27	Motorola Mobility LLC, a Lenovo Company
98F04C	Cisco Systems, Inc
344A86	Honor Device Co., Ltd.
B4C0C3	TP-Link Systems Inc.
F81E49	Apple, Inc.
BC74EA	Apple, Inc.
70AE2A	Apple, Inc.
18B842	Apple, Inc.
2C1CF7	Apple, Inc.
84AEDE	Xiaomi Communications Co Ltd
B80B9A	HUAWEI TECHNOLOGIES CO.,LTD
B4B650	Realme Chongqing Mobile Telecommunications Corp.,Ltd.
78E0C5	Samsung Electronics Co.,Ltd
2CB471	Tuya Smart Inc.
C0A36D	HUAWEI TECHNOLOGIES CO.,LTD
3410D0	HUAWEI TECHNOLOGIES CO.,LTD
CC13F3	Hangzhou Hikvision Digital Technology Co.,Ltd.
ECA1CC	Cisco Systems, Inc
F4B821	Cisco Systems, Inc
C0E579	Huawei Device Co., Ltd.
CC8130	Intelbras
748FBF	GUANGDONG OPPO MOBILE TELECOMMUNICATIONS CORP.,LTD
C492D9	zte corporation
70C288	Intel Corporate
FC2422	Hangzhou Ezviz Software Co.,Ltd.
342601	HUAWEI TECHNOLOGIES CO.,LTD
DC8E6D	Huawei Device Co., Ltd.
E8BA17	Beijing Xiaomi Mobile Software Co., Ltd
B064E0	Samsung Electronics Co.,Ltd
5488D5	zte corporation
60156F	TP-Link Systems Inc.
BC4F2D	Apple, Inc.
8C8283	Apple, Inc.
5CB8B7	Apple, Inc.
109E6B	Apple, Inc.
989E85	Honor Device Co., Ltd.
EC2C0D	Apple, Inc.
D846CE	Apple, Inc.
0430FA	Cisco Systems, Inc
F45BB4	Cisco Systems, Inc
586D0C	Hewlett Packard Enterprise
8457EB	Motorola Mobility LLC, a Lenovo Company
889986	TP-LINK TECHNOLOGIES CO.,LTD.
743989	TP-LINK TECHNOLOGIES CO.,LTD.
DC0077	TP-LINK TECHNOLOGIES CO.,LTD.
6032B1	TP-LINK TECHNOLOGIES CO.,LTD.
3C6A48	TP-LINK TECHNOLOGIES CO.,LTD.
E8FEBE	Apple, Inc.
8817A8	Apple, Inc.
74D5E8	Apple, Inc.
4463B6	Apple, Inc.
683B09	Apple, Inc.
343638	HUAWEI TECHNOLOGIES CO.,LTD
6079C9	HUAWEI TECHNOLOGIES CO.,LTD
78B5F2	HUAWEI TECHNOLOGIES CO.,LTD
64C045	Apple, Inc.
80DACE	Huawei Device Co., Ltd.
24BA23	Cisco Systems, Inc
D09282	Apple, Inc.
503B70	Apple, Inc.
6847C5	Intel Corporate
A44280	Apple, Inc.
38C9B1	zte corporation
44DBBE	HUAWEI TECHNOLOGIES CO.,LTD
782F02	Honor Device Co., Ltd.
CC98EF	GUANGDONG OPPO MOBILE TELECOMMUNICATIONS CORP.,LTD
847D7E	Cisco Systems, Inc
9C4DC2	Cisco Systems, Inc
44552B	Samsung Electronics Co.,Ltd
4C7A88	Cisco Systems, Inc
D0792F	New H3C Intelligence Terminal Co., Ltd.
B0FF0D	Hangzhou Hikvision Digital Technology Co.,Ltd.
C06194	Huawei Device Co., Ltd.
BC6C96	SHEN ZHEN TENDA TECHNOLOGY CO.,LTD
AC0416	zte corporation
FCC17D	Xiaomi Communications Co Ltd
14BA88	Zhejiang Uniview Technologies Co.,Ltd.
9CA118	Huawei Device Co., Ltd.
24EA9B	HUAWEI TECHNOLOGIES CO.,LTD
745C2E	Honor Device Co., Ltd.
906989	Samsung Electronics Co.,Ltd
5459A8	WUHAN JINGCHEN INTELLIGENT IDENTIFICATION TECHNOLOGY CO.,LTD
E8567A	zte corporation
F05D88	HUAWEI TECHNOLOGIES CO.,LTD
4C631B	HUAWEI TECHNOLOGIES CO.,LTD
508114	Apple, Inc.
3C2CCD	Apple, Inc.
5C89BC	Apple, Inc.
60CA3A	Apple, Inc.
343932	Xiaomi Communications Co Ltd
0C72FB	Cisco Systems, Inc
FCA9F5	Xiaomi Communications Co Ltd
D0DC2C	Cisco Systems, Inc
2015DE	Samsung Electronics Co.,Ltd
E8C829	Intel Corporate
B04AB4	Motorola Mobility LLC, a Lenovo Company
C414A2	Cisco Meraki
CCE9FA	Samsung Electronics Co.,Ltd
6466D8	Samsung Electronics Co.,Ltd
9C9613	Lenovo Future Communication Technology (Chongqing) Company Limited
087B87	Cisco Systems, Inc
58D312	zte corporation
D8097F	zte corporation
2091DF	Apple, Inc.
A89C78	Apple, Inc.
7C6130	Apple, Inc.
80B989	Apple, Inc.
C4524F	Apple, Inc.
603E5F	Apple, Inc.
087073	HUAWEI TECHNOLOGIES CO.,LTD
FCC233	ASUSTek COMPUTER INC.
FCFA21	zte corporation
D0F928	zte corporation
2C9975	Samsung Electronics Co.,Ltd
C47EE0	Cisco Systems, Inc
1091D1	Intel Corporate
6C4CE2	Intel Corporate
C482E1	Tuya Smart Inc.
989F1E	HUAWEI TECHNOLOGIES CO.,LTD
944788	HUAWEI TECHNOLOGIES CO.,LTD
5412CB	HUAWEI TECHNOLOGIES CO.,LTD
401482	Cisco Systems, Inc
800794	Samsung Electronics Co.,Ltd
8CEEFD	zte corporation
C04943	zte corporation
246C84	Cisco Systems, Inc
90EB50	Cisco Systems, Inc
8488E1	Apple, Inc.
10BD3A	Apple, Inc.
184A53	Apple, Inc.
109F41	Apple, Inc.
7072FE	Apple, Inc.
2CC253	Apple, Inc.
6885A4	GUANGDONG OPPO MOBILE TELECOMMUNICATIONS CORP.,LTD
848F69	Dell Inc.
549F35	Dell Inc.
845A3E	Cisco Systems, Inc
B0216F	HUAWEI TECHNOLOGIES CO.,LTD
94DF34	HUAWEI TECHNOLOGIES CO.,LTD
A44CC8	Dell Inc.
E4F004	Dell Inc.
20040F	Dell Inc.
D4BED9	Dell Inc.
ECF4BB	Dell Inc.
B8CA3A	Dell Inc.
B82A72	Dell Inc.
BC305B	Dell Inc.
000D56	Dell Inc.
001D09	Dell Inc.
0023AE	Dell Inc.
902AEE	Xiaomi Communications Co Ltd
40FAFE	Motorola Mobility LLC, a Lenovo Company
C025A5	Dell Inc.
E8B5D0	Dell Inc.
089204	Dell Inc.
70B5E8	Dell Inc.
B8CB29	Dell Inc.
34735A	Dell Inc.
8CEC4B	Dell Inc.
544810	Dell Inc.
A89969	Dell Inc.
F40270	Dell Inc.
3448ED	Dell Inc.
A8C56F	GUANGDONG OPPO MOBILE TELECOMMUNICATIONS CORP.,LTD
AC7A94	GUANGDONG OPPO MOBILE TELECOMMUNICATIONS CORP.,LTD
04DA28	Chongqing Zhouhai Intelligent Technology Co., Ltd
0C014B	zte corporation
74D6E5	Huawei Device Co., Ltd.
4891D5	Cisco Systems, Inc
200BC5	Cisco Systems, Inc
90E95E	Cisco Systems, Inc
2857BE	Hangzhou Hikvision Digital Technology Co.,Ltd.
5850ED	Hangzhou Hikvision Digital Technology Co.,Ltd.
1012FB	Hangzhou Hikvision Digital Technology Co.,Ltd.
4CF5DC	Hangzhou Hikvision Digital Technology Co.,Ltd.
988B0A	Hangzhou Hikvision Digital Technology Co.,Ltd.
807C62	Hangzhou Hikvision Digital Technology Co.,Ltd.
BC9B5E	Hangzhou Hikvision Digital Technology Co.,Ltd.
1868CB	Hangzhou Hikvision Digital Technology Co.,Ltd.
BCBAC2	Hangzhou Hikvision Digital Technology Co.,Ltd.
ACCB51	Hangzhou Hikvision Digital Technology Co.,Ltd.
80BEAF	Hangzhou Hikvision Digital Technology Co.,Ltd.
040312	Hangzhou Hikvision Digital Technology Co.,Ltd.
34CA81	New H3C Intelligence Terminal Co., Ltd.
8867DC	HUAWEI TECHNOLOGIES CO.,LTD
60F04D	Honor Device Co., Ltd.
40410D	HUAWEI TECHNOLOGIES CO.,LTD
C0613D	BioIntelliSense, Inc.
0418D6	Ubiquiti Inc
24A43C	Ubiquiti Inc
44D9E7	Ubiquiti Inc
D021F9	Ubiquiti Inc
70A741	Ubiquiti Inc
E4BCAA	Xiaomi Communications Co Ltd
C08B2A	Cisco Systems, Inc
E0D8C4	Qingdao Intelligent&Precise Electronics Co.,Ltd.
88C6E8	HUAWEI TECHNOLOGIES CO.,LTD
707CE3	HUAWEI TECHNOLOGIES CO.,LTD
3C6F9B	zte corporation
386F6B	GUANGDONG OPPO MOBILE TELECOMMUNICATIONS CORP.,LTD
FC9CA7	Apple, Inc.
48E15C	Apple, Inc.
7415F5	Apple, Inc.
E88843	Xiaomi Communications Co Ltd
28022E	Apple, Inc.
182654	Samsung Electronics Co.,Ltd
704698	HUAWEI TECHNOLOGIES CO.,LTD
78084D	HUAWEI TECHNOLOGIES CO.,LTD
ECAA8F	HUAWEI TECHNOLOGIES CO.,LTD
38396C	Huawei Device Co., Ltd.
5066E5	Huawei Device Co., Ltd.
DC7794	Huawei Device Co., Ltd.
CCF826	Samsung Electronics Co.,Ltd
5451DE	Cisco Systems, Inc
2C1809	Apple, Inc.
FC47D8	Apple, Inc.
48C1EE	Honor Device Co., Ltd.
CC087B	HUAWEI TECHNOLOGIES CO.,LTD
E426D5	Motorola Mobility LLC, a Lenovo Company
8C8E0D	zte corporation
386407	Qingdao Intelligent&Precise Electronics Co.,Ltd.
3C2CA6	Beijing Xiaomi Electronics Co.,Ltd
70AED5	Apple, Inc.
B8D4BC	zte corporation
E8AACB	Samsung Electronics Co.,Ltd
C4AAC4	Zhejiang Dahua Technology Co., Ltd.
9C635B	zte corporation
1461A4	Honor Device Co., Ltd.
54102E	HUAWEI TECHNOLOGIES CO.,LTD
94D54D	HUAWEI TECHNOLOGIES CO.,LTD
702804	Realme Chongqing Mobile Telecommunications Corp.,Ltd.
F8075D	Huawei Device Co., Ltd.
24F0D3	Samsung Electronics Co.,Ltd
582071	Samsung Electronics Co.,Ltd
684992	Cisco Meraki
04331F	Huawei Device Co., Ltd.
E0C264	Intel Corporate
60C7BE	Realme Chongqing Mobile Telecommunications Corp.,Ltd.
18D6DD	HUAWEI TECHNOLOGIES CO.,LTD
FC1803	HUAWEI TECHNOLOGIES CO.,LTD
68962E	HUAWEI TECHNOLOGIES CO.,LTD
CC3DD1	HUAWEI TECHNOLOGIES CO.,LTD
C0515C	zte corporation
BC89A7	Apple, Inc.
E4ECE8	Samsung Electronics Co.,Ltd
C8908A	Samsung Electronics Co.,Ltd
10FC33	Huawei Device Co., Ltd.
B08101	Honor Device Co., Ltd.
34479A	GUANGDONG OPPO MOBILE TELECOMMUNICATIONS CORP.,LTD
94AD23	Apple, Inc.
20A5CB	Apple, Inc.
F421CA	Apple, Inc.
709C45	HUAWEI TECHNOLOGIES CO.,LTD
FC0736	Huawei Device Co., Ltd.
94A07D	Huawei Device Co., Ltd.
6883CB	Apple, Inc.
2004F3	Honor Device Co., Ltd.
089DF4	Intel Corporate
DC4628	Intel Corporate
0C9192	Intel Corporate
48AD9A	Intel Corporate
D8E844	zte corporation
E46A35	Realme Chongqing Mobile Telecommunications Corp.,Ltd.
E4B555	Huawei Device Co., Ltd.
405EF6	Samsung Electronics Co.,Ltd
945244	Samsung Electronics Co.,Ltd
9C2E7A	Samsung Electronics Co.,Ltd
94286F	zte corporation
400EF3	zte corporation
743AF4	Intel Corporate
687A64	Intel Corporate
BC0358	Intel Corporate
B8B409	Samsung Electronics Co.,Ltd
489BE0	Realme Chongqing Mobile Telecommunications Corp.,Ltd.
64D814	Cisco Systems, Inc
403B7B	Huawei Device Co., Ltd.
5CE91E	Apple, Inc.
001794	Cisco Systems, Inc
F4CE46	Hewlett Packard
404244	Cisco Systems, Inc
7CECB1	Apple, Inc.
C0EDE5	GUANGDONG OPPO MOBILE TELECOMMUNICATIONS CORP.,LTD
281293	Honor Device Co., Ltd.
C0A938	HUAWEI TECHNOLOGIES CO.,LTD
F0D415	Intel Corporate
D4D853	Intel Corporate
9CBFCD	HUAWEI TECHNOLOGIES CO.,LTD
B89FCC	HUAWEI TECHNOLOGIES CO.,LTD
A02942	Intel Corporate
E0036B	Samsung Electronics Co.,Ltd
1869D4	Samsung Electronics Co.,Ltd
0463D0	Huawei Device Co., Ltd.
581122	ASUSTek COMPUTER INC.
00A554	Intel Corporate
D4F0EA	Beijing Xiaomi Mobile Software Co., Ltd
90DF7D	Realme Chongqing Mobile Telecommunications Corp.,Ltd.
BC1D89	Motorola Mobility LLC, a Lenovo Company
B87EE5	Intelbras
B099D7	Samsung Electronics Co.,Ltd
30F70D	Cisco Systems, Inc
2078CD	Apple, Inc.
30D53E	Apple, Inc.
F0B2B9	Intel Corporate
D0880C	Apple, Inc.
1C57DC	Apple, Inc.
604F5B	Huawei Device Co., Ltd.
5023A2	Apple, Inc.
98698A	Apple, Inc.
78FBD8	Apple, Inc.
A4C337	Apple, Inc.
B0F1D8	Apple, Inc.
24813B	Cisco Systems, Inc
C89BD7	Realme Chongqing Mobile Telecommunications Corp.,Ltd.
38F7F1	Huawei Device Co., Ltd.
4076A9	Huawei Device Co., Ltd.
F438C1	Huawei Device Co., Ltd.
28EA2D	Apple, Inc.
D004B0	Samsung Electronics Co.,Ltd
98B08B	Samsung Electronics Co.,Ltd
9C2595	Samsung Electronics Co.,Ltd
04BD97	Cisco Systems, Inc
A08069	Intel Corporate
2072A9	Beijing Xiaomi Electronics Co.,Ltd
4CE0DB	Xiaomi Communications Co Ltd
7C33F9	HUAWEI TECHNOLOGIES CO.,LTD
B8E60C	Apple, Inc.
48352B	Apple, Inc.
4CE6C0	Apple, Inc.
3888A4	Apple, Inc.
44DA30	Apple, Inc.
A02BB8	Hewlett Packard
70A8D3	Intel Corporate
2C3358	Intel Corporate
1C869A	Samsung Electronics Co.,Ltd
EC6488	Honor Device Co., Ltd.
98BEDC	Honor Device Co., Ltd.
E42761	Honor Device Co., Ltd.
A06974	Honor Device Co., Ltd.
0CC6FD	Xiaomi Communications Co Ltd
50DAD6	Xiaomi Communications Co Ltd
D46624	Cisco Systems, Inc
4861EE	Samsung Electronics Co.,Ltd
A84B4D	Samsung Electronics Co.,Ltd
F4F309	Samsung Electronics Co.,Ltd
3C869A	HUAWEI TECHNOLOGIES CO.,LTD
2C2768	HUAWEI TECHNOLOGIES CO.,LTD
546990	HUAWEI TECHNOLOGIES CO.,LTD
D80A60	HUAWEI TECHNOLOGIES CO.,LTD
F89522	HUAWEI TECHNOLOGIES CO.,LTD
F8B132	HUAWEI TECHNOLOGIES CO.,LTD
28C538	Apple, Inc.
6007C4	GUANGDONG OPPO MOBILE TELECOMMUNICATIONS CORP.,LTD
BCDB09	Cisco Meraki
0499B9	Apple, Inc.
78028B	Apple, Inc.
F84D89	Apple, Inc.
D4D7CF	Realme Chongqing Mobile Telecommunications Corp.,Ltd.
C8CB9E	Intel Corporate
E48210	HUAWEI TECHNOLOGIES CO.,LTD
F8F7B9	HUAWEI TECHNOLOGIES CO.,LTD
64B94E	Dell Technologies
B898AD	Motorola Mobility LLC, a Lenovo Company
249745	HUAWEI TECHNOLOGIES CO.,LTD
F8B54D	Intel Corporate
546706	GUANGDONG OPPO MOBILE TELECOMMUNICATIONS CORP.,LTD
908175	Samsung Electronics Co.,Ltd
307467	Samsung Electronics Co.,Ltd
F0CD31	Samsung Electronics Co.,Ltd
545284	Huawei Device Co., Ltd.
646140	Huawei Device Co., Ltd.
C4170E	Huawei Device Co., Ltd.
105A17	Tuya Smart Inc.
008A76	Apple, Inc.
E069BA	Cisco Systems, Inc
2436DA	Cisco Systems, Inc
2037A5	Apple, Inc.
DCB54F	Apple, Inc.
B8374A	Apple, Inc.
EC7C2C	HUAWEI TECHNOLOGIES CO.,LTD
A8D081	Huawei Device Co., Ltd.
740CEE	Huawei Device Co., Ltd.
6CB4FD	Huawei Device Co., Ltd.
24F603	HUAWEI TECHNOLOGIES CO.,LTD
08FA28	HUAWEI TECHNOLOGIES CO.,LTD
A0941A	GUANGDONG OPPO MOBILE TELECOMMUNICATIONS CORP.,LTD
A88940	Huawei Device Co., Ltd.
0C0E76	D-Link International
FC122C	HUAWEI TECHNOLOGIES CO.,LTD
6CD1E5	HUAWEI TECHNOLOGIES CO.,LTD
FCD908	Xiaomi Communications Co Ltd
84144D	Intel Corporate
00D76D	Intel Corporate
DCED83	Beijing Xiaomi Mobile Software Co., Ltd
20B868	Motorola Mobility LLC, a Lenovo Company
945C9A	Apple, Inc.
F47B09	Intel Corporate
FC8A3D	zte corporation
085A11	D-Link International
00F39F	Apple, Inc.
64C394	HUAWEI TECHNOLOGIES CO.,LTD
4C77CB	Intel Corporate
5CE42A	Intel Corporate
705FA3	Xiaomi Communications Co Ltd
58355D	Huawei Device Co., Ltd.
AC7E01	Huawei Device Co., Ltd.
04B9E3	Samsung Electronics Co.,Ltd
E85C0A	Cisco Systems, Inc
9843FA	Intel Corporate
C45E5C	HUAWEI TECHNOLOGIES CO.,LTD
20C19B	Intel Corporate
2C6DC1	Intel Corporate
A0D722	Samsung Electronics Co.,Ltd
5049B0	Samsung Electronics Co.,Ltd
08A842	Huawei Device Co., Ltd.
88E056	HUAWEI TECHNOLOGIES CO.,LTD
540E58	GUANGDONG OPPO MOBILE TELECOMMUNICATIONS CORP.,LTD
2C8DB1	Intel Corporate
586C25	Intel Corporate
30E396	Huawei Device Co., Ltd.
D07D33	Huawei Device Co., Ltd.
C0E1BE	HUAWEI TECHNOLOGIES CO.,LTD
18BFB3	Samsung Electronics Co., Ltd., Memory Division
A49BCD	Cisco Systems, Inc
A8637D	D-Link International
B03DC2	Wasp artificial intelligence(Shenzhen) Co.,ltd
E0925C	Apple, Inc.
D8A35C	Samsung Electronics Co.,Ltd
C09296	zte corporation
50E24E	zte corporation
B02491	Huawei Device Co., Ltd.
98751A	Huawei Device Co., Ltd.
B48901	HUAWEI TECHNOLOGIES CO.,LTD
449BC1	HUAWEI TECHNOLOGIES CO.,LTD
1C9180	Apple, Inc.
4CB910	Apple, Inc.
28AFFD	Cisco Systems, Inc
D097FE	Realme Chongqing Mobile Telecommunications Corp.,Ltd.
182A57	HUAWEI TECHNOLOGIES CO.,LTD
F83E95	HUAWEI TECHNOLOGIES CO.,LTD
481258	HUAWEI TECHNOLOGIES CO.,LTD
CC3296	Huawei Device Co., Ltd.
8CAACE	Xiaomi Communications Co Ltd
60A751	Huawei Device Co., Ltd.
102B41	Samsung Electronics Co.,Ltd
7CF880	Cisco Systems, Inc
981A35	HUAWEI TECHNOLOGIES CO.,LTD
AC5AFC	Intel Corporate
F077C3	Intel Corporate
4C796E	Intel Corporate
F09E4A	Intel Corporate
00682B	Huawei Device Co., Ltd.
98AD1D	Huawei Device Co., Ltd.
34318F	Apple, Inc.
C41411	Apple, Inc.
CCC95D	Apple, Inc.
C833E5	HUAWEI TECHNOLOGIES CO.,LTD
E86DE9	HUAWEI TECHNOLOGIES CO.,LTD
144658	HUAWEI TECHNOLOGIES CO.,LTD
58BE72	HUAWEI TECHNOLOGIES CO.,LTD
108FFE	HUAWEI TECHNOLOGIES CO.,LTD
D847BB	Huawei Device Co., Ltd.
44B6BE	Cisco Systems, Inc
8CDEE6	Samsung Electronics Co.,Ltd
10EC81	Samsung Electronics Co.,Ltd
C45D83	Samsung Electronics Co.,Ltd
0C938F	GUANGDONG OPPO MOBILE TELECOMMUNICATIONS CORP.,LTD
5CBD9A	Huawei Device Co., Ltd.
14A3B4	Huawei Device Co., Ltd.
047A0B	Beijing Xiaomi Electronics Co., Ltd.
70F096	Cisco Systems, Inc
BC9A53	Huawei Device Co., Ltd.
DC2727	Huawei Device Co., Ltd.
F042F5	Huawei Device Co., Ltd.
E02E3F	Huawei Device Co., Ltd.
508E49	Xiaomi Communications Co Ltd
AC3328	Huawei Device Co., Ltd.
B00CD1	Hewlett Packard
A8817E	Apple, Inc.
F8665A	Apple, Inc.
60BEC4	Apple, Inc.
F8B1DD	Apple, Inc.
DCB72E	Xiaomi Communications Co Ltd
E0C377	Samsung Electronics Co.,Ltd
E02BE9	Intel Corporate
6CE874	HUAWEI TECHNOLOGIES CO.,LTD
C469F0	HUAWEI TECHNOLOGIES CO.,LTD
BC9930	HUAWEI TECHNOLOGIES CO.,LTD
647924	Huawei Device Co., Ltd.
D8CC98	Huawei Device Co., Ltd.
20CD6E	Realme Chongqing Mobile Telecommunications Corp.,Ltd.
64037F	Samsung Electronics Co.,Ltd
B49D02	Samsung Electronics Co.,Ltd
809FF5	Samsung Electronics Co.,Ltd
4014AD	Huawei Device Co., Ltd.
A87484	zte corporation
089356	HUAWEI TECHNOLOGIES CO.,LTD
B40EDE	Intel Corporate
6C146E	HUAWEI TECHNOLOGIES CO.,LTD
44E968	HUAWEI TECHNOLOGIES CO.,LTD
E4C32A	TP-LINK TECHNOLOGIES CO.,LTD.
909A4A	TP-LINK TECHNOLOGIES CO.,LTD.
BC9789	Huawei Device Co., Ltd.
684571	Huawei Device Co., Ltd.
8493A0	Huawei Device Co., Ltd.
9C8E9C	Huawei Device Co., Ltd.
C8B6D3	HUAWEI TECHNOLOGIES CO.,LTD
E04BA6	HUAWEI TECHNOLOGIES CO.,LTD
A8301C	Qingdao Intelligent&Precise Electronics Co.,Ltd.
78E3DE	Apple, Inc.
408C4C	Shenzhen MiaoMing  Intelligent Technology Co.,Ltd
D0D23C	Apple, Inc.
64D2C4	Apple, Inc.
DC5285	Apple, Inc.
E88152	Apple, Inc.
908158	Apple, Inc.
B0FEE5	Huawei Device Co., Ltd.
642315	Huawei Device Co., Ltd.
A4C74B	Huawei Device Co., Ltd.
085BD6	Intel Corporate
58D061	HUAWEI TECHNOLOGIES CO.,LTD
90CCDF	Intel Corporate
9454CE	GUANGDONG OPPO MOBILE TELECOMMUNICATIONS CORP.,LTD
388ABE	GUANGDONG OPPO MOBILE TELECOMMUNICATIONS CORP.,LTD
5484DC	zte corporation
38549B	zte corporation
DCCD2F	Seiko Epson Corporation
04C1D8	Huawei Device Co., Ltd.
C8BC9C	Huawei Device Co., Ltd.
8C8D28	Intel Corporate
E0D464	Intel Corporate
C0F6C2	HUAWEI TECHNOLOGIES CO.,LTD
C884A1	Cisco Systems, Inc
D8778B	Intelbras
C4D738	Huawei Device Co., Ltd.
28D127	Beijing Xiaomi Mobile Software Co., Ltd
60D4E9	GUANGDONG OPPO MOBILE TELECOMMUNICATIONS CORP.,LTD
C868DE	Huawei Device Co., Ltd.
D00DF7	Huawei Device Co., Ltd.
4805E2	Huawei Device Co., Ltd.
CCDB93	Cisco Systems, Inc
C8E265	Intel Corporate
5448E6	Beijing Xiaomi Mobile Software Co., Ltd
982FF8	Huawei Device Co., Ltd.
40DCA5	Huawei Device Co., Ltd.
30C50F	HUAWEI TECHNOLOGIES CO.,LTD
2868D2	HUAWEI TECHNOLOGIES CO.,LTD
1CE61D	Samsung Electronics Co.,Ltd
441C7F	Motorola Mobility LLC, a Lenovo Company
00B8B6	Motorola Mobility LLC, a Lenovo Company
BC17B8	Intel Corporate
ECC01B	HUAWEI TECHNOLOGIES CO.,LTD
9844CE	HUAWEI TECHNOLOGIES CO.,LTD
F09BB8	HUAWEI TECHNOLOGIES CO.,LTD
7018A7	Cisco Systems, Inc
304240	zte corporation
183EEF	Apple, Inc.
607EC9	Apple, Inc.
982CBC	Intel Corporate
802DBF	Cisco Systems, Inc
8C5EBD	Huawei Device Co., Ltd.
2CA042	Huawei Device Co., Ltd.
C083C9	Huawei Device Co., Ltd.
E8A1F8	zte corporation
14C88B	Apple, Inc.
EC2651	Apple, Inc.
F86BD9	Cisco Systems, Inc
C014FE	Cisco Systems, Inc
7CAD4F	Cisco Systems, Inc
244BFE	ASUSTek COMPUTER INC.
942533	HUAWEI TECHNOLOGIES CO.,LTD
F82F65	Huawei Device Co., Ltd.
0831A4	Huawei Device Co., Ltd.
A8E978	Huawei Device Co., Ltd.
E0D462	Huawei Device Co., Ltd.
909838	Huawei Device Co., Ltd.
F8AC65	Intel Corporate
6C2F8A	Samsung Electronics Co.,Ltd
948AC6	Realme Chongqing Mobile Telecommunications Corp.,Ltd.
AC7A56	Cisco Systems, Inc
884033	HUAWEI TECHNOLOGIES CO.,LTD
5471DD	Huawei Device Co., Ltd.
00062A	Cisco Systems, Inc
20826A	GUANGDONG OPPO MOBILE TELECOMMUNICATIONS CORP.,LTD
24B657	Cisco Systems, Inc
08BFA0	Samsung Electronics Co.,Ltd
701F3C	Samsung Electronics Co.,Ltd
D48A39	Samsung Electronics Co.,Ltd
E4F3C4	Samsung Electronics Co.,Ltd
9C2F4E	zte corporation
D8A8C8	zte corporation
189E2C	Huawei Device Co., Ltd.
3C7D0A	Apple, Inc.
147740	Huawei Device Co., Ltd.
B89047	Apple, Inc.
909C4A	Apple, Inc.
908C43	Apple, Inc.
18D98F	Huawei Device Co., Ltd.
2811EC	HUAWEI TECHNOLOGIES CO.,LTD
9C28F7	Xiaomi Communications Co Ltd
38EB47	HUAWEI TECHNOLOGIES CO.,LTD
10C3AB	HUAWEI TECHNOLOGIES CO.,LTD
B0B194	zte corporation
3C5731	Cisco Systems, Inc
9CFCE8	Intel Corporate
807B3E	Samsung Electronics Co.,Ltd
F8F1E6	Samsung Electronics Co.,Ltd
88A9B7	Apple, Inc.
ECCED7	Apple, Inc.
AC9085	Apple, Inc.
6490C1	Beijing Xiaomi Mobile Software Co., Ltd
D005E4	Huawei Device Co., Ltd.
30AAE4	Huawei Device Co., Ltd.
5CE176	Cisco Systems, Inc
4CE175	Cisco Systems, Inc
C4B239	Cisco Systems, Inc
A82BCD	HUAWEI TECHNOLOGIES CO.,LTD
48DC2D	HUAWEI TECHNOLOGIES CO.,LTD
349F7B	CANON INC.
08CC27	Motorola Mobility LLC, a Lenovo Company
04D395	Motorola Mobility LLC, a Lenovo Company
2877F1	Apple, Inc.
3C510E	Cisco Systems, Inc
9C6B72	Realme Chongqing MobileTelecommunications Corp Ltd
6C410E	Cisco Systems, Inc
6C310E	Cisco Systems, Inc
14A32F	Huawei Device Co., Ltd.
04D3B5	Huawei Device Co., Ltd.
00BB1C	Huawei Device Co., Ltd.
88A303	Samsung Electronics Co.,Ltd
FCDE90	Samsung Electronics Co.,Ltd
1854CF	Samsung Electronics Co.,Ltd
F0A35A	Apple, Inc.
608373	Apple, Inc.
84AD8D	Apple, Inc.
74428B	Apple, Inc.
642CAC	HUAWEI TECHNOLOGIES CO.,LTD
E884C6	HUAWEI TECHNOLOGIES CO.,LTD
6C710D	Cisco Systems, Inc
E01F88	Xiaomi Communications Co Ltd
803253	Intel Corporate
8CDC02	zte corporation
246F8C	Huawei Device Co., Ltd.
1C1386	Huawei Device Co., Ltd.
BC2EF6	Huawei Device Co., Ltd.
4455C4	Huawei Device Co., Ltd.
2852F9	Zhongxin Intelligent Times (Shenzhen) Co., Ltd.
E0D083	Samsung Electronics Co.,Ltd
D80B9A	Samsung Electronics Co.,Ltd
287FCF	Intel Corporate
8031F0	Samsung Electronics Co.,Ltd
AC8D34	HUAWEI TECHNOLOGIES CO.,LTD
283334	Huawei Device Co., Ltd.
30A2C2	Huawei Device Co., Ltd.
DCDFD6	zte corporation
10B3D5	Cisco Systems, Inc
50A132	Shenzhen MiaoMing  Intelligent Technology Co.,Ltd
000C86	Cisco Systems, Inc
08318B	HUAWEI TECHNOLOGIES CO.,LTD
FC589A	Cisco Systems, Inc
ACB3B5	HUAWEI TECHNOLOGIES CO.,LTD
446747	HUAWEI TECHNOLOGIES CO.,LTD
3C9D56	HUAWEI TECHNOLOGIES CO.,LTD
70FD45	HUAWEI TECHNOLOGIES CO.,LTD
0CDD24	Intel Corporate
44237C	Beijing Xiaomi Mobile Software Co., Ltd
50EB71	Intel Corporate
6CD71F	GUANGDONG OPPO MOBILE TELECOMMUNICATIONS CORP.,LTD
507AC5	Apple, Inc.
4C6BE8	Apple, Inc.
8C861E	Apple, Inc.
542B8D	Apple, Inc.
381A52	Seiko Epson Corporation
C064E4	Cisco Systems, Inc
E4FDA1	HUAWEI TECHNOLOGIES CO.,LTD
E419C1	HUAWEI TECHNOLOGIES CO.,LTD
5C879C	Intel Corporate
24EE9A	Intel Corporate
D0C65B	HUAWEI TECHNOLOGIES CO.,LTD
9078B2	Xiaomi Communications Co Ltd
94D00D	HUAWEI TECHNOLOGIES CO.,LTD
14A2A0	Cisco Systems, Inc
1C20DB	HUAWEI TECHNOLOGIES CO.,LTD
8CFD18	HUAWEI TECHNOLOGIES CO.,LTD
FCBCD1	HUAWEI TECHNOLOGIES CO.,LTD
7460FA	HUAWEI TECHNOLOGIES CO.,LTD
C40683	HUAWEI TECHNOLOGIES CO.,LTD
8CE5C0	Samsung Electronics Co.,Ltd
F08A76	Samsung Electronics Co.,Ltd
ECAA25	Samsung Electronics Co.,Ltd
687D6B	Samsung Electronics Co.,Ltd
485169	Samsung Electronics Co.,Ltd
BC7FA4	Xiaomi Communications Co Ltd
6CF17E	Zhejiang Uniview Technologies Co.,Ltd.
C0FD84	zte corporation
083A2F	Guangzhou Juan Intelligent Tech Joint Stock Co.,Ltd
DC8C37	Cisco Systems, Inc
24DA33	HUAWEI TECHNOLOGIES CO.,LTD
FCAB90	HUAWEI TECHNOLOGIES CO.,LTD
1C2704	zte corporation
5078B3	zte corporation
E0CC7A	HUAWEI TECHNOLOGIES CO.,LTD
F47960	HUAWEI TECHNOLOGIES CO.,LTD
60AB67	Xiaomi Communications Co Ltd
A8DB03	SAMSUNG ELECTRO-MECHANICS(THAILAND)
4889E7	Intel Corporate
A0BD1D	Zhejiang Dahua Technology Co., Ltd.
ACE2D3	Hewlett Packard
00FD22	Cisco Systems, Inc
4418FD	Apple, Inc.
005B94	Apple, Inc.
E0897E	Apple, Inc.
644C36	Intel Corporate
D4E880	Cisco Systems, Inc
3C20F6	Samsung Electronics Co.,Ltd
7C38AD	Samsung Electronics Co.,Ltd
2C01B5	Cisco Systems, Inc
A8346A	Samsung Electronics Co.,Ltd
3CF011	Intel Corporate
50F722	Cisco Systems, Inc
885A06	GUANGDONG OPPO MOBILE TELECOMMUNICATIONS CORP.,LTD
001A3F	Intelbras
841C70	zte corporation
D4C93C	Cisco Systems, Inc
2C5D34	GUANGDONG OPPO MOBILE TELECOMMUNICATIONS CORP.,LTD
9C1463	Zhejiang Dahua Technology Co., Ltd.
7C035E	Xiaomi Communications Co Ltd
00169D	Cisco Systems, Inc
4CE5AE	Tianjin Beebox Intelligent Technology Co.,Ltd.
D467D3	GUANGDONG OPPO MOBILE TELECOMMUNICATIONS CORP.,LTD
A41232	GUANGDONG OPPO MOBILE TELECOMMUNICATIONS CORP.,LTD
FC7774	Intel Corporate
700B4F	Cisco Systems, Inc
4455B1	HUAWEI TECHNOLOGIES CO.,LTD
84A93E	Hewlett Packard
38F9D3	Apple, Inc.
FC183C	Apple, Inc.
64C753	Apple, Inc.
F43909	Hewlett Packard
F47DEF	Samsung Electronics Co.,Ltd
7C8BB5	Samsung Electronics Co.,Ltd
70192F	HUAWEI TECHNOLOGIES CO.,LTD
F4DBE6	Cisco Systems, Inc
90E17B	Apple, Inc.
D81C79	Apple, Inc.
58E6BA	Apple, Inc.
04EB40	Cisco Systems, Inc
1801F1	Xiaomi Communications Co Ltd
9C0CDF	GUANGDONG OPPO MOBILE TELECOMMUNICATIONS CORP.,LTD
00A5BF	Cisco Systems, Inc
DC16B2	HUAWEI TECHNOLOGIES CO.,LTD
24FB65	HUAWEI TECHNOLOGIES CO.,LTD
0CB527	HUAWEI TECHNOLOGIES CO.,LTD
7C03AB	Xiaomi Communications Co Ltd
14C697	GUANGDONG OPPO MOBILE TELECOMMUNICATIONS CORP.,LTD
20E882	zte corporation
00B5D0	Samsung Electronics Co.,Ltd
1496E5	Samsung Electronics Co.,Ltd
D07FA0	Samsung Electronics Co.,Ltd
00B670	Cisco Systems, Inc
00BB60	Intel Corporate
347916	HUAWEI TECHNOLOGIES CO.,LTD
D016B4	HUAWEI TECHNOLOGIES CO.,LTD
8CB0E9	Samsung Electronics.,LTD
7C6B9C	GUANGDONG OPPO MOBILE TELECOMMUNICATIONS CORP.,LTD
D0EFC1	HUAWEI TECHNOLOGIES CO.,LTD
485702	HUAWEI TECHNOLOGIES CO.,LTD
34E12D	Intel Corporate
2C97B1	HUAWEI TECHNOLOGIES CO.,LTD
00BC60	Cisco Systems, Inc
9C713A	HUAWEI TECHNOLOGIES CO.,LTD
A8CAB9	SAMSUNG ELECTRO MECHANICS CO., LTD.
5061BF	Cisco Systems, Inc
0CB6D2	D-Link International
700F6A	Cisco Systems, Inc
108EE0	Samsung Electronics Co.,Ltd
FCA621	Samsung Electronics Co.,Ltd
3C6AA7	Intel Corporate
BC325F	Zhejiang Dahua Technology Co., Ltd.
F8C39E	HUAWEI TECHNOLOGIES CO.,LTD
D832E3	Xiaomi Communications Co Ltd
9487E0	Xiaomi Communications Co Ltd
38AF29	Zhejiang Dahua Technology Co., Ltd.
C88629	Shenzhen Duubee Intelligent Technologies Co.,LTD.
4466FC	GUANGDONG OPPO MOBILE TELECOMMUNICATIONS CORP.,LTD
50A009	Xiaomi Communications Co Ltd
08F69C	Apple, Inc.
2016B9	Intel Corporate
50A67F	Apple, Inc.
60DEF3	HUAWEI TECHNOLOGIES CO.,LTD
1409DC	HUAWEI TECHNOLOGIES CO.,LTD
38BAF8	Intel Corporate
14205E	Apple, Inc.
B841A4	Apple, Inc.
9CE65E	Apple, Inc.
C49880	Apple, Inc.
E0338E	Apple, Inc.
D461DA	Apple, Inc.
F01898	Apple, Inc.
881908	Apple, Inc.
5C0947	Apple, Inc.
641CAE	Samsung Electronics Co.,Ltd
D076E7	TP-LINK TECHNOLOGIES CO.,LTD.
9CA615	TP-LINK TECHNOLOGIES CO.,LTD.
00508B	Hewlett Packard
44FFBA	zte corporation
94B86D	Intel Corporate
EC8914	HUAWEI TECHNOLOGIES CO.,LTD
B89436	HUAWEI TECHNOLOGIES CO.,LTD
F4C248	Samsung Electronics Co.,Ltd
F47190	Samsung Electronics Co.,Ltd
2802D8	Samsung Electronics Co.,Ltd
7C3953	zte corporation
38E1AA	zte corporation
48C796	Samsung Electronics Co.,Ltd
641CB0	Samsung Electronics Co.,Ltd
283B82	D-Link International
804126	HUAWEI TECHNOLOGIES CO.,LTD
ACF970	HUAWEI TECHNOLOGIES CO.,LTD
58D759	HUAWEI TECHNOLOGIES CO.,LTD
24181D	SAMSUNG ELECTRO-MECHANICS(THAILAND)
D4909C	Apple, Inc.
E4E0A6	Apple, Inc.
9C32CE	CANON INC.
54B802	Samsung Electronics Co.,Ltd
B4DEDF	zte corporation
34415D	Intel Corporate
2CFDA1	ASUSTek COMPUTER INC.
6CDD30	Cisco Systems, Inc
503CEA	GUANGDONG OPPO MOBILE TELECOMMUNICATIONS CORP.,LTD
80000B	Intel Corporate
F8B7E2	Cisco Systems, Inc
000097	Dell EMC
8CCF09	Dell EMC
80B03D	Apple, Inc.
E49ADC	Apple, Inc.
ACE4B5	Apple, Inc.
D0D2B0	Apple, Inc.
B0C19E	zte corporation
0C3747	zte corporation
F06D78	GUANGDONG OPPO MOBILE TELECOMMUNICATIONS CORP.,LTD
70708B	Cisco Systems, Inc
18132D	zte corporation
448F17	Samsung Electronics Co., Ltd. ARTIK
74D21D	HUAWEI TECHNOLOGIES CO.,LTD
3890A5	Cisco Systems, Inc
1CDDEA	GUANGDONG OPPO MOBILE TELECOMMUNICATIONS CORP.,LTD
CC9891	Cisco Systems, Inc
6C96CF	Apple, Inc.
78886D	Apple, Inc.
74E5F9	Intel Corporate
40CE24	Cisco Systems, Inc
40017A	Cisco Systems, Inc
20EE28	Apple, Inc.
B4F61C	Apple, Inc.
08F4AB	Apple, Inc.
8C8590	Apple, Inc.
A08869	Intel Corporate
0C4B54	TP-LINK TECHNOLOGIES CO.,LTD.
602E20	HUAWEI TECHNOLOGIES CO.,LTD
E472E2	HUAWEI TECHNOLOGIES CO.,LTD
508F4C	Xiaomi Communications Co Ltd
60F677	Intel Corporate
7811DC	XIAOMI Electronics,CO.,LTD
D463C6	Motorola Mobility LLC, a Lenovo Company
C444A0	Cisco Systems, Inc
044F4C	HUAWEI TECHNOLOGIES CO.,LTD
1C151F	HUAWEI TECHNOLOGIES CO.,LTD
DC44B6	Samsung Electronics Co.,Ltd
1007B6	Samsung Electronics Co.,Ltd
342D0D	Samsung Electronics Co.,Ltd
4859A4	zte corporation
54BD79	Samsung Electronics Co.,Ltd
AC9E17	ASUSTek COMPUTER INC.
A0AFBD	Intel Corporate
A0239F	Cisco Systems, Inc
70F35A	Cisco Systems, Inc
30074D	SAMSUNG ELECTRO-MECHANICS(THAILAND)
00180A	Cisco Meraki
88D50C	GUANGDONG OPPO MOBILE TELECOMMUNICATIONS CORP.,LTD
7C8BCA	TP-LINK TECHNOLOGIES CO.,LTD.
B04E26	TP-LINK TECHNOLOGIES CO.,LTD.
E83935	Hewlett Packard
009AD2	Cisco Systems, Inc
947BE7	Samsung Electronics Co.,Ltd
5092B9	Samsung Electronics Co.,Ltd
DC74A8	Samsung Electronics Co.,Ltd
C4AE12	Samsung Electronics Co.,Ltd
EC8A4C	zte corporation
2CABEB	Cisco Systems, Inc
58D9D5	Tenda Technology Co.,Ltd.Dongguan branch
28FF3E	zte corporation
D4AE05	Samsung Electronics Co.,Ltd
F0EE10	Samsung Electronics Co.,Ltd
2C3311	Cisco Systems, Inc
5082D5	Apple, Inc.
989E63	Apple, Inc.
886B6E	Apple, Inc.
D4DCCD	Apple, Inc.
484BAA	Apple, Inc.
DCA904	Apple, Inc.
6CAB31	Apple, Inc.
4C74BF	Apple, Inc.
F85971	Intel Corporate
F4E4AD	zte corporation
1005CA	Cisco Systems, Inc
2C55D3	HUAWEI TECHNOLOGIES CO.,LTD
DCC64B	HUAWEI TECHNOLOGIES CO.,LTD
043389	HUAWEI TECHNOLOGIES CO.,LTD
44032C	Intel Corporate
500FF5	Tenda Technology Co.,Ltd.Dongguan branch
08CCA7	Cisco Systems, Inc
0896AD	Cisco Systems, Inc
285261	Cisco Systems, Inc
286F7F	Cisco Systems, Inc
F0C850	HUAWEI TECHNOLOGIES CO.,LTD
689FF0	zte corporation
C81451	HUAWEI TECHNOLOGIES CO.,LTD
E865D4	Tenda Technology Co.,Ltd.Dongguan branch
2CD02D	Cisco Systems, Inc
186590	Apple, Inc.
F86214	Apple, Inc.
784F43	Apple, Inc.
404D7F	Apple, Inc.
64B0A6	Apple, Inc.
7C04D0	Apple, Inc.
84FCAC	Apple, Inc.
DC0C5C	Apple, Inc.
30E171	Hewlett Packard
64136C	zte corporation
1C48CE	GUANGDONG OPPO MOBILE TELECOMMUNICATIONS CORP.,LTD
70700D	Apple, Inc.
6C5C14	GUANGDONG OPPO MOBILE TELECOMMUNICATIONS CORP.,LTD
CC8CDA	Shenzhen Wei Da Intelligent Technology Go.,Ltd
D436DB	Jiangsu Toppower Automotive Electronics Co., Ltd
C80CC8	HUAWEI TECHNOLOGIES CO.,LTD
0425C5	HUAWEI TECHNOLOGIES CO.,LTD
3CFA43	HUAWEI TECHNOLOGIES CO.,LTD
145F94	HUAWEI TECHNOLOGIES CO.,LTD
2834A2	Cisco Systems, Inc
006BF1	Cisco Systems, Inc
CC61E5	Motorola Mobility LLC, a Lenovo Company
34F39A	Intel Corporate
609AC1	Apple, Inc.
748D08	Apple, Inc.
9C8BA0	Apple, Inc.
CC088D	Apple, Inc.
38A4ED	Xiaomi Communications Co Ltd
3C2AF4	Brother Industries, LTD.
20DBAB	Samsung Electronics Co., Ltd.
F09838	HUAWEI TECHNOLOGIES CO.,LTD
001FC6	ASUSTek COMPUTER INC.
C87E75	Samsung Electronics Co.,Ltd
00265F	Samsung Electronics Co.,Ltd
00233A	Samsung Electronics Co.,Ltd
0007AB	Samsung Electronics Co.,Ltd
E8E5D6	Samsung Electronics Co.,Ltd
10DDB1	Apple, Inc.
98E7F4	Hewlett Packard
382DD1	Samsung Electronics Co.,Ltd
FC1F19	SAMSUNG ELECTRO MECHANICS CO., LTD.
840B2D	SAMSUNG ELECTRO MECHANICS CO., LTD.
206432	SAMSUNG ELECTRO MECHANICS CO., LTD.
B407F9	SAMSUNG ELECTRO MECHANICS CO., LTD.
D0667B	Samsung Electronics Co.,Ltd
E8039A	Samsung Electronics Co.,Ltd
30CDA7	Samsung Electronics Co.,Ltd
3C8BFE	Samsung Electronics Co.,Ltd
D4E8B2	Samsung Electronics Co.,Ltd
002339	Samsung Electronics Co.,Ltd
5001BB	Samsung Electronics Co.,Ltd
00166C	Samsung Electronics Co.,Ltd
001599	Samsung Electronics Co.,Ltd
0012FB	Samsung Electronics Co.,Ltd
001247	Samsung Electronics Co.,Ltd
0015B9	Samsung Electronics Co.,Ltd
002491	Samsung Electronics Co.,Ltd
1C77F6	GUANGDONG OPPO MOBILE TELECOMMUNICATIONS CORP.,LTD
001B2A	Cisco Systems, Inc
C8BA94	SAMSUNG ELECTRO-MECHANICS(THAILAND)
843838	SAMSUNG ELECTRO-MECHANICS(THAILAND)
54880E	SAMSUNG ELECTRO-MECHANICS(THAILAND)
F025B7	SAMSUNG ELECTRO-MECHANICS(THAILAND)
F04347	HUAWEI TECHNOLOGIES CO.,LTD
9CB2B2	HUAWEI TECHNOLOGIES CO.,LTD
A8C83A	HUAWEI TECHNOLOGIES CO.,LTD
742344	Xiaomi Communications Co Ltd
E492FB	Samsung Electronics Co.,Ltd
6CB7F4	Samsung Electronics Co.,Ltd
181EB0	Samsung Electronics Co.,Ltd
684898	Samsung Electronics Co.,Ltd
3423BA	SAMSUNG ELECTRO-MECHANICS(THAILAND)
400E85	SAMSUNG ELECTRO-MECHANICS(THAILAND)
1489FD	Samsung Electronics Co.,Ltd
BC851F	Samsung Electronics Co.,Ltd
B85E7B	Samsung Electronics Co.,Ltd
2C4401	Samsung Electronics Co.,Ltd
B8D9CE	Samsung Electronics Co.,Ltd
1C66AA	Samsung Electronics Co.,Ltd
5C3C27	Samsung Electronics Co.,Ltd
BC72B1	Samsung Electronics Co.,Ltd
78F7BE	Samsung Electronics Co.,Ltd
88797E	Motorola Mobility LLC, a Lenovo Company
708BCD	ASUSTek COMPUTER INC.
00562B	Cisco Systems, Inc
888322	Samsung Electronics Co.,Ltd
E89309	Samsung Electronics Co.,Ltd
94D469	Cisco Systems, Inc
C0E42D	TP-LINK TECHNOLOGIES CO.,LTD.
8CA6DF	TP-LINK TECHNOLOGIES CO.,LTD.
8416F9	TP-LINK TECHNOLOGIES CO.,LTD.
18D6C7	TP-LINK TECHNOLOGIES CO.,LTD.
78C3E9	Samsung Electronics Co.,Ltd
8C1ABF	Samsung Electronics Co.,Ltd
30CBF8	Samsung Electronics Co.,Ltd
A0CBFD	Samsung Electronics Co.,Ltd
E45D75	Samsung Electronics Co.,Ltd
C01ADA	Apple, Inc.
483C0C	HUAWEI TECHNOLOGIES CO.,LTD
408805	Motorola Mobility LLC, a Lenovo Company
98398E	Samsung Electronics Co.,Ltd
D0FCCC	Samsung Electronics Co.,Ltd
20F17C	HUAWEI TECHNOLOGIES CO.,LTD
346AC2	HUAWEI TECHNOLOGIES CO.,LTD
C09727	SAMSUNG ELECTRO-MECHANICS(THAILAND)
0C5101	Apple, Inc.
2CF0A2	Apple, Inc.
68FB7E	Apple, Inc.
84A134	Apple, Inc.
90C7D8	zte corporation
003A7D	Cisco Systems, Inc
84AD58	HUAWEI TECHNOLOGIES CO.,LTD
58605F	HUAWEI TECHNOLOGIES CO.,LTD
081F71	TP-LINK TECHNOLOGIES CO.,LTD.
10D0AB	zte corporation
202D07	Samsung Electronics Co.,Ltd
B44BD2	Apple, Inc.
DC415F	Apple, Inc.
641225	Cisco Systems, Inc
102AB3	Xiaomi Communications Co Ltd
00C88B	Cisco Systems, Inc
E8B2AC	Apple, Inc.
E49A79	Apple, Inc.
F45C89	Apple, Inc.
20768F	Apple, Inc.
08373D	Samsung Electronics Co.,Ltd
C488E5	Samsung Electronics Co.,Ltd
0C75BD	Cisco Systems, Inc
5056BF	Samsung Electronics Co.,Ltd
90F1AA	Samsung Electronics Co.,Ltd
1077B1	Samsung Electronics Co.,Ltd
FCC734	Samsung Electronics Co.,Ltd
8425DB	Samsung Electronics Co.,Ltd
B0EC71	Samsung Electronics Co.,Ltd
E458B8	Samsung Electronics Co.,Ltd
088C2C	Samsung Electronics Co.,Ltd
A49A58	Samsung Electronics Co.,Ltd
08EE8B	Samsung Electronics Co.,Ltd
64B853	Samsung Electronics Co.,Ltd
389496	Samsung Electronics Co.,Ltd
74458A	Samsung Electronics Co.,Ltd
C4473F	HUAWEI TECHNOLOGIES CO.,LTD
00F28B	Cisco Systems, Inc
3413E8	Intel Corporate
34E6AD	Intel Corporate
081196	Intel Corporate
183DA2	Intel Corporate
809B20	Intel Corporate
B4B676	Intel Corporate
3CA9F4	Intel Corporate
9C4E36	Intel Corporate
B88A60	Intel Corporate
78FF57	Intel Corporate
002710	Intel Corporate
001B21	Intel Corporate
18FF0F	Intel Corporate
AC2B6E	Intel Corporate
000A8A	Cisco Systems, Inc
C06118	TP-LINK TECHNOLOGIES CO.,LTD.
002314	Intel Corporate
340286	Intel Corporate
001CBF	Intel Corporate
34DE1A	Intel Corporate
E8B1FC	Intel Corporate
CC3D82	Intel Corporate
F8E079	Motorola Mobility LLC, a Lenovo Company
CCC3EA	Motorola Mobility LLC, a Lenovo Company
40786A	Motorola Mobility LLC, a Lenovo Company
001F3C	Intel Corporate
002315	Intel Corporate
00166F	Intel Corporate
0019D1	Intel Corporate
0019D2	Intel Corporate
9C8E99	Hewlett Packard
00195B	D-Link Corporation
000F3D	D-Link Corporation
EC2280	D-Link International
2400BA	HUAWEI TECHNOLOGIES CO.,LTD
24DF6A	HUAWEI TECHNOLOGIES CO.,LTD
001735	Intel Wireless Network Group
18AF61	Apple, Inc.
5CF938	Apple, Inc.
34AB37	Apple, Inc.
38CADA	Apple, Inc.
101F74	Hewlett Packard
009C02	Hewlett Packard
0019BB	Hewlett Packard
001F29	Hewlett Packard
780CB8	Intel Corporate
185E0F	Intel Corporate
001635	Hewlett Packard
0008C7	Hewlett Packard
0010E3	Hewlett Packard
000883	Hewlett Packard
8CDCD4	Hewlett Packard
00215A	Hewlett Packard
00237D	Hewlett Packard
002655	Hewlett Packard
000D9D	Hewlett Packard
001560	Hewlett Packard
00207B	Intel Corporation
001175	Intel Corporation
D4C9EF	Hewlett Packard
FC15B4	Hewlett Packard
E84DD0	HUAWEI TECHNOLOGIES CO.,LTD
0C45BA	HUAWEI TECHNOLOGIES CO.,LTD
4482E5	HUAWEI TECHNOLOGIES CO.,LTD
2C233A	Hewlett Packard
000A57	Hewlett Packard
0001E7	Hewlett Packard
0001E6	Hewlett Packard
00306E	Hewlett Packard
CC4463	Apple, Inc.
6C72E7	Apple, Inc.
741BB2	Apple, Inc.
001D0F	TP-LINK TECHNOLOGIES CO.,LTD.
3C4A92	Hewlett Packard
7C7D3D	HUAWEI TECHNOLOGIES CO.,LTD
3CA82A	Hewlett Packard
B05B67	HUAWEI TECHNOLOGIES CO.,LTD
CCA223	HUAWEI TECHNOLOGIES CO.,LTD
786A89	HUAWEI TECHNOLOGIES CO.,LTD
14B968	HUAWEI TECHNOLOGIES CO.,LTD
882593	TP-LINK TECHNOLOGIES CO.,LTD.
384608	zte corporation
4CAC0A	zte corporation
B4B362	zte corporation
B075D5	zte corporation
6CE873	TP-LINK TECHNOLOGIES CO.,LTD.
C46E1F	TP-LINK TECHNOLOGIES CO.,LTD.
50FA84	TP-LINK TECHNOLOGIES CO.,LTD.
44B32D	TP-LINK TECHNOLOGIES CO.,LTD.
0023CD	TP-LINK TECHNOLOGIES CO.,LTD.
D85D4C	TP-LINK TECHNOLOGIES CO.,LTD.
A0F3C1	TP-LINK TECHNOLOGIES CO.,LTD.
D0154A	zte corporation
0026ED	zte corporation
002293	zte corporation
70A8E3	HUAWEI TECHNOLOGIES CO.,LTD
F8E811	HUAWEI TECHNOLOGIES CO.,LTD
200BC7	HUAWEI TECHNOLOGIES CO.,LTD
F84ABF	HUAWEI TECHNOLOGIES CO.,LTD
78D752	HUAWEI TECHNOLOGIES CO.,LTD
104780	HUAWEI TECHNOLOGIES CO.,LTD
94772B	HUAWEI TECHNOLOGIES CO.,LTD
D440F0	HUAWEI TECHNOLOGIES CO.,LTD
04021F	HUAWEI TECHNOLOGIES CO.,LTD
50A72B	HUAWEI TECHNOLOGIES CO.,LTD
0CD6BD	HUAWEI TECHNOLOGIES CO.,LTD
00F81C	HUAWEI TECHNOLOGIES CO.,LTD
404D8E	HUAWEI TECHNOLOGIES CO.,LTD
4C5499	HUAWEI TECHNOLOGIES CO.,LTD
087A4C	HUAWEI TECHNOLOGIES CO.,LTD
ACE215	HUAWEI TECHNOLOGIES CO.,LTD
346BD3	HUAWEI TECHNOLOGIES CO.,LTD
70723C	HUAWEI TECHNOLOGIES CO.,LTD
ACE87B	HUAWEI TECHNOLOGIES CO.,LTD
F83DFF	HUAWEI TECHNOLOGIES CO.,LTD
285FDB	HUAWEI TECHNOLOGIES CO.,LTD
5CF96A	HUAWEI TECHNOLOGIES CO.,LTD
F49FF3	HUAWEI TECHNOLOGIES CO.,LTD
240995	HUAWEI TECHNOLOGIES CO.,LTD
84DBAC	HUAWEI TECHNOLOGIES CO.,LTD
548998	HUAWEI TECHNOLOGIES CO.,LTD
30D17E	HUAWEI TECHNOLOGIES CO.,LTD
640980	Xiaomi Communications Co Ltd
185936	Xiaomi Communications Co Ltd
0090F2	Cisco Systems, Inc
F8A45F	Xiaomi Communications Co Ltd
60735C	Cisco Systems, Inc
34A84E	Cisco Systems, Inc
54781A	Cisco Systems, Inc
E02F6D	Cisco Systems, Inc
94049C	HUAWEI TECHNOLOGIES CO.,LTD
688F84	HUAWEI TECHNOLOGIES CO.,LTD
00605C	Cisco Systems, Inc
0006C1	Cisco Systems, Inc
00E014	Cisco Systems, Inc
0050F0	Cisco Systems, Inc
005014	Cisco Systems, Inc
0050BD	Cisco Systems, Inc
00906F	Cisco Systems, Inc
58971E	Cisco Systems, Inc
B4E9B0	Cisco Systems, Inc
000832	Cisco Systems, Inc
70105C	Cisco Systems, Inc
10F311	Cisco Systems, Inc
3085A9	ASUSTek COMPUTER INC.
B83861	Cisco Systems, Inc
580A20	Cisco Systems, Inc
001731	ASUSTek COMPUTER INC.
002215	ASUSTek COMPUTER INC.
E0CB4E	ASUSTek COMPUTER INC.
2C3ECF	Cisco Systems, Inc
508789	Cisco Systems, Inc
381C1A	Cisco Systems, Inc
BC671C	Cisco Systems, Inc
346288	Cisco Systems, Inc
CCD8C1	Cisco Systems, Inc
7C0ECE	Cisco Systems, Inc
A0ECF9	Cisco Systems, Inc
5CA48A	Cisco Systems, Inc
1C1D86	Cisco Systems, Inc
5017FF	Cisco Systems, Inc
189C5D	Cisco Systems, Inc
DCA5F4	Cisco Systems, Inc
547C69	Cisco Systems, Inc
9C57AD	Cisco Systems, Inc
B05947	Shenzhen Qihu Intelligent Technology Company Limited
004096	Cisco Systems, Inc
74A2E6	Cisco Systems, Inc
BCF1F2	Cisco Systems, Inc
C80084	Cisco Systems, Inc
40A6E8	Cisco Systems, Inc
E86549	Cisco Systems, Inc
B07D47	Cisco Systems, Inc
38ED18	Cisco Systems, Inc
382056	Cisco Systems, Inc
DCCEC1	Cisco Systems, Inc
60FEC5	Apple, Inc.
E425E7	Apple, Inc.
BC926B	Apple, Inc.
101C0C	Apple, Inc.
080007	Apple, Inc.
40D32D	Apple, Inc.
C42C03	Apple, Inc.
9027E4	Apple, Inc.
109ADD	Apple, Inc.
0016CB	Apple, Inc.
0017F2	Apple, Inc.
001F5B	Apple, Inc.
002436	Apple, Inc.
001947	Cisco SPVTG
001839	Cisco-Linksys, LLC
00254B	Apple, Inc.
7C6D62	Apple, Inc.
6C3E6D	Apple, Inc.
BC6778	Apple, Inc.
20C9D0	Apple, Inc.
68967B	Apple, Inc.
84FCFE	Apple, Inc.
E48B7F	Apple, Inc.
581FAA	Apple, Inc.
88C663	Apple, Inc.
A46706	Apple, Inc.
8C5877	Apple, Inc.
283737	Apple, Inc.
50EAD6	Apple, Inc.
B817C2	Apple, Inc.
7C11BE	Apple, Inc.
BC3BAF	Apple, Inc.
3CE072	Apple, Inc.
38484C	Apple, Inc.
D8D1CB	Apple, Inc.
A8FAD8	Apple, Inc.
008865	Apple, Inc.
E0F5C6	Apple, Inc.
A0EDCD	Apple, Inc.
189EFC	Apple, Inc.
804971	Apple, Inc.
98D6BB	Apple, Inc.
7CF05F	Apple, Inc.
5C97F3	Apple, Inc.
D4F46F	Apple, Inc.
48437C	Apple, Inc.
34A395	Apple, Inc.
787E61	Apple, Inc.
C0F2FB	Apple, Inc.
24E314	Apple, Inc.
80E650	Apple, Inc.
90FD61	Apple, Inc.
2CF0EE	Apple, Inc.
3C15C2	Apple, Inc.
6C709F	Apple, Inc.
6476BA	Apple, Inc.
34E2FD	Apple, Inc.
04489A	Apple, Inc.
087045	Apple, Inc.
A88808	Apple, Inc.
A4C361	Apple, Inc.
B09FBA	Apple, Inc.
8C2937	Apple, Inc.
ACCF5C	Apple, Inc.
80006E	Apple, Inc.
848E0C	Apple, Inc.
F099BF	Apple, Inc.
94E96A	Apple, Inc.
AC293A	Apple, Inc.
9CFC01	Apple, Inc.
60F81D	Apple, Inc.
5CF5DA	Apple, Inc.
18EE69	Apple, Inc.
649ABE	Apple, Inc.
9C35EB	Apple, Inc.
507A55	Apple, Inc.
0C4DE9	Apple, Inc.
F0F61C	Apple, Inc.
38C986	Apple, Inc.
D03311	Apple, Inc.
24DA9B	Motorola Mobility LLC, a Lenovo Company
E03676	HUAWEI TECHNOLOGIES CO.,LTD
EC388F	HUAWEI TECHNOLOGIES CO.,LTD
D03E5C	HUAWEI TECHNOLOGIES CO.,LTD
54BE53	zte corporation
A4DCBE	HUAWEI TECHNOLOGIES CO.,LTD
D494E8	HUAWEI TECHNOLOGIES CO.,LTD
38D40B	Samsung Electronics Co.,Ltd
209BCD	Apple, Inc.
E83A12	Samsung Electronics Co.,Ltd
80656D	Samsung Electronics Co.,Ltd
FCF136	Samsung Electronics Co.,Ltd
18895B	Samsung Electronics Co.,Ltd
7CF90E	Samsung Electronics Co.,Ltd
F8BF09	HUAWEI TECHNOLOGIES CO.,LTD
F80D60	CANON INC.
5CB43E	HUAWEI TECHNOLOGIES CO.,LTD
E4907E	Motorola Mobility LLC, a Lenovo Company
50F0D3	Samsung Electronics Co.,Ltd
78BDBC	Samsung Electronics Co.,Ltd
94A7B7	zte corporation
1844E6	zte corporation
84119E	Samsung Electronics Co.,Ltd
54B80A	D-Link International
249EAB	HUAWEI TECHNOLOGIES CO.,LTD
6CA75F	zte corporation
8C7967	zte corporation
244B81	Samsung Electronics Co.,Ltd
D855A3	zte corporation
38D82F	zte corporation
244B03	Samsung Electronics Co.,Ltd
60D9A0	Lenovo Mobile Communication Technology Ltd.
F07959	ASUSTek COMPUTER INC.
E08E3C	Aztech Electronics Pte Ltd
3C1E04	D-Link International
60AF6D	Samsung Electronics Co.,Ltd
B85A73	Samsung Electronics Co.,Ltd
981DFA	Samsung Electronics Co.,Ltd
E8CC18	D-Link International
207693	Lenovo (Beijing) Limited.
2497ED	Techvision Intelligent Technology Limited
F8E903	D-Link International
D4EC86	LinkedHope Intelligent Technologies Co., Ltd
8432EA	ANHUI WANZTEN P&T CO., LTD
7824AF	ASUSTek COMPUTER INC.
C44202	Samsung Electronics Co.,Ltd
103047	Samsung Electronics Co.,Ltd
5C2E59	Samsung Electronics Co.,Ltd
F884F2	Samsung Electronics Co.,Ltd
E0CBEE	Samsung Electronics Co.,Ltd
6C198F	D-Link International
CC07E4	Lenovo Mobile Communication Technology Ltd.
D8492F	CANON INC.
6C5F1C	Lenovo Mobile Communication Technology Ltd.
D8150D	TP-LINK TECHNOLOGIES CO.,LTD.
2C957F	zte corporation
BCEE7B	ASUSTek COMPUTER INC.
9CD643	D-Link International
CC3429	TP-LINK TECHNOLOGIES CO.,LTD.
CC2A80	Micro-Biz intelligence solutions Co.,Ltd
088039	Cisco SPVTG
005907	LenovoEMC Products USA, LLC
C8B373	Cisco-Linksys, LLC
D4223F	Lenovo Mobile Communication Technology Ltd.
F8DFA8	zte corporation
30055C	Brother industries, LTD.
18550F	Cisco SPVTG
50465D	ASUSTek COMPUTER INC.
34E0CF	zte corporation
842BBC	Modelleisenbahn GmbH
58BFEA	Cisco Systems, Inc
2C542D	Cisco Systems, Inc
A41875	Cisco Systems, Inc
48EA63	Zhejiang Uniview Technologies Co., Ltd.
F4EA67	Cisco Systems, Inc
002A6A	Cisco Systems, Inc
000831	Cisco Systems, Inc
00082F	Cisco Systems, Inc
708105	Cisco Systems, Inc
FC0012	Toshiba Samsung Storage Technolgoy Korea Corporation 
E84040	Cisco Systems, Inc
C89C1D	Cisco Systems, Inc
108CCF	Cisco Systems, Inc
081735	Cisco Systems, Inc
B4A4E3	Cisco Systems, Inc
D0574C	Cisco Systems, Inc
ACA016	Cisco Systems, Inc
081FF3	Cisco Systems, Inc
888717	CANON INC.
3037A6	Cisco Systems, Inc
68EFBD	Cisco Systems, Inc
003A9B	Cisco Systems, Inc
7CCFCF	Shanghai SEARI Intelligent System Co., Ltd
00270D	Cisco Systems, Inc
00260A	Cisco Systems, Inc
00259C	Cisco-Linksys, LLC
0025BD	Italdata Ingegneria dell'Idea S.p.A.
002546	Cisco Systems, Inc
002545	Cisco Systems, Inc
002497	Cisco Systems, Inc
0023C2	SAMSUNG Electronics. Co. LTD
0023B2	Intelligent Mechatronic Systems Inc
00235D	Cisco Systems, Inc
002304	Cisco Systems, Inc
002246	Evoc Intelligent Technology Co.,Ltd.
0022BE	Cisco Systems, Inc
002290	Cisco Systems, Inc
00220C	Cisco Systems, Inc
002129	Cisco-Linksys, LLC
001F27	Cisco Systems, Inc
001F26	Cisco Systems, Inc
001E49	Cisco Systems, Inc
001DE6	Cisco Systems, Inc
001D40	 Intel – GE Care Innovations LLC
001CB1	Cisco Systems, Inc
001C10	Cisco-Linksys, LLC
0019E8	Cisco Systems, Inc
0019AA	Cisco Systems, Inc
001930	Cisco Systems, Inc
0018BA	Cisco Systems, Inc
001787	Brother, Brother & Sons ApS
0016C8	Cisco Systems, Inc
00152B	Cisco Systems, Inc
00152C	Cisco Systems, Inc
001469	Cisco Systems, Inc
00135F	Cisco Systems, Inc
00131A	Cisco Systems, Inc
000F34	Cisco Systems, Inc
000ED7	Cisco Systems, Inc
000DE5	Samsung Thales
000D66	Cisco Systems, Inc
000DBD	Cisco Systems, Inc
000C85	Cisco Systems, Inc
000C30	Cisco Systems, Inc
000B5F	Cisco Systems, Inc
000B60	Cisco Systems, Inc
000AB7	Cisco Systems, Inc
000A8B	Cisco Systems, Inc
0009B6	Cisco Systems, Inc
000944	Cisco Systems, Inc
000958	INTELNET S.A.
0008C2	Cisco Systems, Inc
0008A3	Cisco Systems, Inc
0007B4	Cisco Systems, Inc
0007B3	Cisco Systems, Inc
000750	Cisco Systems, Inc
000785	Cisco Systems, Inc
00070D	Cisco Systems, Inc
00070E	Cisco Systems, Inc
00055F	Cisco Systems, Inc
00055D	D-LINK SYSTEMS, INC.
000574	Cisco Systems, Inc
000532	Cisco Systems, Inc
000196	Cisco Systems, Inc
003094	Cisco Systems, Inc
003040	Cisco Systems, Inc
003072	Intellibyte Inc.
00D0D3	Cisco Systems, Inc
003080	Cisco Systems, Inc
0050A7	Cisco Systems, Inc
44C3B6	HUAWEI TECHNOLOGIES CO.,LTD
E8F72F	HUAWEI TECHNOLOGIES CO.,LTD
50A1F3	Huawei Device Co., Ltd.
DC1057	Apple, Inc.
30D875	Apple, Inc.
485FDF	zte corporation
683EC0	Apple, Inc.
A4004E	Cisco Systems, Inc
B02EE0	Huawei Device Co., Ltd.
A4373E	Huawei Device Co., Ltd.
C44F5F	Huawei Device Co., Ltd.
2800AF	Dell Inc.
74B059	Motorola Mobility LLC, a Lenovo Company
781699	HUAWEI TECHNOLOGIES CO.,LTD
E40A16	HUAWEI TECHNOLOGIES CO.,LTD
A4E287	Xiaomi Communications Co Ltd
80953A	Apple, Inc.
CC6023	Apple, Inc.
0CDBEA	Apple, Inc.
6845CC	Apple, Inc.
AC9738	Apple, Inc.
B047E9	Intel Corporate
6C2F80	Intel Corporate
D06578	Intel Corporate
98BD80	Intel Corporate
B87E40	Huawei Device Co., Ltd.
30DCE7	zte corporation
C01693	Xiaomi Communications Co Ltd
FC5B8C	Xiaomi Communications Co Ltd
284E44	HUAWEI TECHNOLOGIES CO.,LTD
802EC3	HUAWEI TECHNOLOGIES CO.,LTD
54104F	Samsung Electronics Co.,Ltd
B05476	Samsung Electronics Co.,Ltd
EC90C1	Samsung Electronics Co.,Ltd
A8BB56	Apple, Inc.
282D7F	Apple, Inc.
8C26AA	Apple, Inc.
90623F	Apple, Inc.
78305D	zte corporation
940B83	zte corporation
7CD3E5	HUAWEI TECHNOLOGIES CO.,LTD
9C9ED5	Xiaomi Communications Co Ltd
743822	Xiaomi Communications Co Ltd
84E9C1	Realme Chongqing Mobile Telecommunications Corp.,Ltd.
EC192E	Cisco Systems, Inc
F4F28A	HUAWEI TECHNOLOGIES CO.,LTD
94E300	HUAWEI TECHNOLOGIES CO.,LTD
0CE5B5	HUAWEI TECHNOLOGIES CO.,LTD
FCF738	HUAWEI TECHNOLOGIES CO.,LTD
8C862A	HUAWEI TECHNOLOGIES CO.,LTD
C03379	HUAWEI TECHNOLOGIES CO.,LTD
94F6F2	Honor Device Co., Ltd.
449046	Honor Device Co., Ltd.
B0C38E	Huawei Device Co., Ltd.
143B51	Huawei Device Co., Ltd.
D07380	Huawei Device Co., Ltd.
60E5D8	zte corporation
7CB59F	HUAWEI TECHNOLOGIES CO.,LTD
505C88	Cisco Systems, Inc
606832	Guangdong Seneasy Intelligent Technology Co., Ltd.
B0D576	Apple, Inc.
142876	Apple, Inc.
147FCE	Apple, Inc.
6CC3B2	Cisco Meraki
F8CE07	ZHEJIANG DAHUA TECHNOLOGYCO.,LTD
28A06B	Intel Corporate
ECA971	Hangzhou Hikvision Digital Technology Co.,Ltd.
88AE35	Realme Chongqing Mobile Telecommunications Corp.,Ltd.
A07D9C	Samsung Electronics Co.,Ltd
C0AB2B	Huawei Device Co., Ltd.
508A7F	HUAWEI TECHNOLOGIES CO.,LTD
9C6076	Apple, Inc.
38E13D	Apple, Inc.
D0D49F	Apple, Inc.
887FD5	zte corporation
F47470	Cisco Systems, Inc
387B01	Shenzhen MiaoMing Intelligent Technology Co.,Ltd
0CEDC8	Xiaomi Communications Co Ltd
2C36F2	HUAWEI TECHNOLOGIES CO.,LTD
E4995F	HUAWEI TECHNOLOGIES CO.,LTD
A8F059	HUAWEI TECHNOLOGIES CO.,LTD
B47AF1	Hewlett Packard Enterprise 
489ECB	Hewlett Packard Enterprise 
9C1C12	Hewlett Packard Enterprise
04BD88	Hewlett Packard Enterprise
E8F724	Hewlett Packard Enterprise 
DC680C	Hewlett Packard Enterprise 
48DF37	Hewlett Packard Enterprise 
20677C	Hewlett Packard Enterprise 
4448C1	Hewlett Packard Enterprise 
6828CF	Hewlett Packard Enterprise
E4DE40	Hewlett Packard Enterprise
480020	Hewlett Packard Enterprise
5CA47D	Hewlett Packard Enterprise
E89505	Shenzhen MiaoMing Intelligent Technology Co.,Ltd
DCB7AC	Hewlett Packard Enterprise
54D7E3	Hewlett Packard Enterprise
14ABEC	Hewlett Packard Enterprise
104F58	Hewlett Packard Enterprise
CCD083	Hewlett Packard Enterprise
F05C19	Hewlett Packard Enterprise
7C573C	Hewlett Packard Enterprise
348A12	Hewlett Packard Enterprise
C86E08	Intel Corporate
B8374B	Hewlett Packard Enterprise 
78078F	HUAWEI TECHNOLOGIES CO.,LTD
309E62	HUAWEI TECHNOLOGIES CO.,LTD
EC725B	zte corporation
E49282	Samsung Electronics Co.,Ltd
0884FB	Honor Device Co., Ltd.
905F7A	Apple, Inc.
F8F58C	Apple, Inc.
0C85E1	Apple, Inc.
90FB5D	Beijing Xiaomi Mobile Software Co., Ltd
20DBEA	Cisco Systems, Inc
2CB7A1	Huawei Device Co., Ltd.
6C8243	Huawei Device Co., Ltd.
B476A4	Huawei Device Co., Ltd.
942453	HUAWEI TECHNOLOGIES CO.,LTD
884F59	Cisco Systems, Inc
C08706	Shenzhen Qianfenyi Intelligent Technology Co.,LTD
C4B349	Apple, Inc.
34F68D	Apple, Inc.
CC2746	Apple, Inc.
285923	Xiaomi Communications Co Ltd
D0CEC0	Xiaomi Communications Co Ltd
0C01A5	zte corporation
FC1A46	Samsung Electronics Co.,Ltd
5C5E0A	Samsung Electronics Co.,Ltd
64DE6D	Intel Corporate
EC4C8C	Intel Corporate
CC763A	zte corporation
5CC1F2	HUAWEI TECHNOLOGIES CO.,LTD
0072EE	Intel Corporate
C858B3	Intel Corporate
E41FD5	Intel Corporate
EC1B5F	Hewlett Packard Enterprise
1CB46C	HUAWEI TECHNOLOGIES CO.,LTD
7864A0	Cisco Systems, Inc
6887BD	zte corporation
3058EB	zte corporation
4405B8	Huawei Device Co., Ltd.
786CAB	GUANGDONG OPPO MOBILE TELECOMMUNICATIONS CORP.,LTD
007D3B	Samsung Electronics Co.,Ltd
E8BCE4	Cisco Systems, Inc
2844F4	Honor Device Co., Ltd.
F8EF5D	Motorola Mobility LLC, a Lenovo Company
A409B3	HUAWEI TECHNOLOGIES CO.,LTD
3C07D7	Apple, Inc.
E8E7C3	zte corporation
1C1DD3	Apple, Inc.
C81FE8	Apple, Inc.
7CE53F	HUAWEI TECHNOLOGIES CO.,LTD
38D09C	HUAWEI TECHNOLOGIES CO.,LTD
E4D58B	Hangzhou Hikvision Digital Technology Co.,Ltd.
08F4F0	Cisco Systems, Inc
28DB02	zte corporation
881566	Huawei Device Co., Ltd.
2845AC	Huawei Device Co., Ltd.
A44380	Huawei Device Co., Ltd.
1086F4	Huawei Device Co., Ltd.
DC868D	HUAWEI TECHNOLOGIES CO.,LTD
48CFA9	HUAWEI TECHNOLOGIES CO.,LTD
08DD03	GUANGDONG OPPO MOBILE TELECOMMUNICATIONS CORP.,LTD
E44E12	zte corporation
C8A702	Hangzhou Hikvision Digital Technology Co.,Ltd.
B09200	Apple, Inc.
A0EE1A	Apple, Inc.
9CF3AC	Apple, Inc.
085D53	Apple, Inc.
542906	Apple, Inc.
7015FB	Intel Corporate
F8731A	zte corporation
28A44A	Intel Corporate
1096C6	Cisco Systems, Inc
B852E0	Beijing Xiaomi Electronics Co.,Ltd
289F04	Samsung Electronics Co.,Ltd
0CE67C	Realme Chongqing Mobile Telecommunications Corp.,Ltd.
E03ECB	Qingdao Intelligent&Precise Electronics Co.,Ltd.
58DF59	Cisco Systems, Inc
C0F853	Tuya Smart Inc.
30EB15	Huawei Device Co., Ltd.
689B43	Huawei Device Co., Ltd.
60A3E3	TP-LINK TECHNOLOGIES CO.,LTD.
646306	Xiaomi Communications Co Ltd
083F21	Motorola Mobility LLC, a Lenovo Company
ECFF3A	Apple, Inc.
701384	Apple, Inc.
346691	Apple, Inc.
E4CDA7	zte corporation
909507	HUAWEI TECHNOLOGIES CO.,LTD
8863C5	HUAWEI TECHNOLOGIES CO.,LTD
44C20C	Cisco Systems, Inc
4C99E8	ZHEJIANG DAHUA TECHNOLOGYCO.,LTD
808489	Intel Corporate
FCB3AA	Intel Corporate
4C0F3E	Intel Corporate
88DDB8	Huawei Device Co., Ltd.
C4D6D3	Dell Inc.
40B3FA	Apple, Inc.
D0C1BF	Xiaomi Communications Co Ltd
A82BD5	Xiaomi Communications Co Ltd
F814DD	Cisco Systems, Inc
04C845	TP-Link Systems Inc.
B0C61C	HUAWEI TECHNOLOGIES CO.,LTD
44BE0B	HUAWEI TECHNOLOGIES CO.,LTD
5C5EBB	HUAWEI TECHNOLOGIES CO.,LTD
9812E0	Xiaomi Communications Co Ltd
A44BD9	Hangzhou Hikvision Digital Technology Co.,Ltd.
80E4BA	Intel Corporate
4CD0F9	Cisco Systems, Inc
A87971	HUAWEI TECHNOLOGIES CO.,LTD
60DE94	HUAWEI TECHNOLOGIES CO.,LTD
48F7BC	HUAWEI TECHNOLOGIES CO.,LTD
1C32AC	HUAWEI TECHNOLOGIES CO.,LTD
183386	HUAWEI TECHNOLOGIES CO.,LTD
88DE39	Hangzhou Hikvision Digital Technology Co.,Ltd.
3C0B59	Tuya Smart Inc.
203626	TP-Link Systems Inc
4CDE48	Huawei Device Co., Ltd.
98E55B	Intelbras
E4A430	Samsung Electronics Co.,Ltd
006201	Motorola Mobility LLC, a Lenovo Company
B0A7B9	TP-Link Systems Inc
6C5AB0	TP-Link Systems Inc
5C628B	TP-Link Systems Inc
AC15A2	TP-Link Systems Inc
8CE9FF	Dell Inc.
F0090D	TP-Link Systems Inc
E848B8	TP-Link Systems Inc
14D881	Beijing Xiaomi Mobile Software Co., Ltd
C04327	Realme Chongqing Mobile Telecommunications Corp.,Ltd.
1CFFAD	HUAWEI TECHNOLOGIES CO.,LTD
8C8ACD	HUAWEI TECHNOLOGIES CO.,LTD
1CFC2A	HUAWEI TECHNOLOGIES CO.,LTD
EC2F90	GUANGDONG OPPO MOBILE TELECOMMUNICATIONS CORP.,LTD
A888CE	GUANGDONG OPPO MOBILE TELECOMMUNICATIONS CORP.,LTD
782051	TP-Link Systems Inc.
2CDA46	Samsung Electronics Co.,Ltd
48EF1C	Samsung Electronics Co.,Ltd
ECB550	Samsung Electronics Co.,Ltd
E44389	Apple, Inc.
3CCD40	Apple, Inc.
0097F1	Apple, Inc.
70217F	Xiaomi Communications Co Ltd
B84FA7	Apple, Inc.
F481C4	Apple, Inc.
8CEDE1	Ubiquiti Inc
B45BD1	TP-Link Systems Inc.
803C04	TP-Link Systems Inc.
F4F50B	TP-Link Systems Inc.
040F66	TP-Link Systems Inc.
3456FE	Cisco Meraki
B80756	Cisco Meraki
D8F12E	TP-Link Systems Inc.
BC351E	Tuya Smart Inc.
008497	Shenzhen MiaoMing Intelligent Technology Co.,Ltd
287AB4	HUAWEI TECHNOLOGIES CO.,LTD
78DC87	HUAWEI TECHNOLOGIES CO.,LTD
101D6E	Hewlett Packard Enterprise
ACBDF7	Cisco Meraki
D8B2AA	zte corporation
2CF814	Cisco Systems, Inc
CC22FE	Apple, Inc.
34DAA1	Apple, Inc.
88DA04	HUAWEI TECHNOLOGIES CO.,LTD
04749E	HUAWEI TECHNOLOGIES CO.,LTD
84D0DB	Guangdong Juan Intelligent Technology Joint Stock Co., Ltd.
ECED04	Intel Corporate
9C971B	Intel Corporate
F8CF52	Intel Corporate
5C6783	Intel Corporate
7C7BBF	Samsung Electronics Co.,Ltd
8C2E72	Samsung Electronics Co.,Ltd
44CBAD	Xiaomi Communications Co Ltd
004B0D	Huawei Device Co., Ltd.
E04027	Huawei Device Co., Ltd.
401CD4	Huawei Device Co., Ltd.
7C7D21	zte corporation
A89A8C	zte corporation
F88306	Beijing Xiaomi Mobile Software Co., Ltd
986110	HUAWEI TECHNOLOGIES CO.,LTD
AC82F0	Apple, Inc.
0CCC5D	Apple, Inc.
340E22	Apple, Inc.
684A5F	Apple, Inc.
E898EE	Apple, Inc.
105A95	TP-Link Systems Inc.
B8FE90	Cisco Systems, Inc
34C3FD	Cisco Systems, Inc
08FD58	HUAWEI TECHNOLOGIES CO.,LTD
B44389	HUAWEI TECHNOLOGIES CO.,LTD
F8EFB1	Hangzhou Zhongxinghui Intelligent Technology Co., Ltd.
E42F37	Apple, Inc.
A493AD	Huawei Device Co., Ltd.
2C3AB1	Huawei Device Co., Ltd.
20F1B2	Tuya Smart Inc.
58044F	TP-Link Systems Inc.
B4B853	Honor Device Co., Ltd.
083BC1	Hangzhou Hikvision Digital Technology Co.,Ltd.
64BD6D	Apple, Inc.
E8C386	Apple, Inc.
E48EC5	HUAWEI TECHNOLOGIES CO.,LTD
4CE65E	HUAWEI TECHNOLOGIES CO.,LTD
94270E	Intel Corporate
9041B2	Ubiquiti Inc
D8E374	Xiaomi Communications Co Ltd
20E15D	TP-Link Systems Inc.
98535F	HUAWEI TECHNOLOGIES CO.,LTD
2453ED	Dell Inc.
A4CF03	Realme Chongqing Mobile Telecommunications Corp.,Ltd.
B082E2	ASUSTek COMPUTER INC.
24559A	Apple, Inc.
4CE650	Apple, Inc.
E47319	Huawei Device Co., Ltd.
BCBCCA	Huawei Device Co., Ltd.
28D6EC	HUAWEI TECHNOLOGIES CO.,LTD
ACE011	HUAWEI TECHNOLOGIES CO.,LTD
086A0B	Cisco Meraki
C86340	Cisco Meraki
34F015	Beijing Xiaomi Mobile Software Co., Ltd
247121	Cisco Systems, Inc
BCABF5	Cisco Systems, Inc
B8C924	Cisco Systems, Inc
60B4A2	Samsung Electronics Co.,Ltd
140B9E	Samsung Electronics Co.,Ltd
942D3A	PRIZOR VIZTECH LIMITED
081814	Hewlett Packard Enterprise
44BDC8	Xiaomi Communications Co Ltd
30487D	Tuya Smart Inc.
908A80	Cisco Systems, Inc
A4F01F	CANON INC.
90B9F9	Motorola Mobility LLC, a Lenovo Company
5C13AC	Apple, Inc.
0CE5A1	Apple, Inc.
0CA3B2	Apple, Inc.
242AEA	Apple, Inc.
98E859	Apple, Inc.
5C4879	HUAWEI TECHNOLOGIES CO.,LTD
1449C5	Huawei Device Co., Ltd.
B454F2	Huawei Device Co., Ltd.
68F90F	Intel Corporate
54A0AB	Maiyue Future Intelligent Technology (Suzhou) Co.,Ltd.
246477	Beijing Xiaomi Mobile Software Co., Ltd
DC7EF5	HUAWEI TECHNOLOGIES CO.,LTD
78D366	GuangZhou Dazzleview Intelligent Technology Co., Ltd
646BE7	Qingdao Intelligent&Precise Electronics Co.,Ltd.
7C62E7	Cisco Systems, Inc
BC0023	Honor Device Co., Ltd.
48785B	Hangzhou Hikvision Digital Technology Co.,Ltd.
709684	Apple, Inc.
CCBE61	Apple, Inc.
B857D6	Cisco Systems, Inc
3C7F6E	Xiaomi Communications Co Ltd
D8855E	zte corporation
8C9885	Samsung Electronics Co.,Ltd
54735A	Huawei Device Co., Ltd.
E8C3C5	Huawei Device Co., Ltd.
C83049	Huawei Device Co., Ltd.
D42B6F	Cisco Systems, Inc
AC2241	HUAWEI TECHNOLOGIES CO.,LTD
D00477	HUAWEI TECHNOLOGIES CO.,LTD
D47327	HUAWEI TECHNOLOGIES CO.,LTD
D082EB	Tuya Smart Inc.
A8754E	Nexlawn Intelligent Technology (Suzhou) Co., Ltd.
589204	zte corporation
ECB293	Hewlett Packard Enterprise
50DA9E	SHEN ZHEN TENDA TECHNOLOGY CO.,LTD
90D733	HUAWEI TECHNOLOGIES CO.,LTD
344EE2	Huawei Device Co., Ltd.
7C852F	Huawei Device Co., Ltd.
78966E	Huawei Device Co., Ltd.
3C381F	Huawei Device Co., Ltd.
DC87F8	Samsung Electronics Co.,Ltd
4CECEE	Samsung Electronics Co.,Ltd
2872C6	Samsung Electronics Co.,Ltd
841985	Samsung Electronics Co.,Ltd
0C2643	Cisco Systems, Inc
08638A	Cisco Systems, Inc
60F723	Beijing Xiaomi Mobile Software Co., Ltd
5818B4	Chengdu Quanjing Intelligent Technology Co.,Ltd
7C90E9	GUANGDONG OPPO MOBILE TELECOMMUNICATIONS CORP.,LTD
300916	Apple, Inc.
602ED5	Apple, Inc.
7C4FCD	Apple, Inc.
F4A1A6	Apple, Inc.
A087BE	Apple, Inc.
34F8DD	Apple, Inc.
7CD62C	Apple, Inc.
7CA05E	Motorola Mobility LLC, a Lenovo Company
748B23	Samsung Electronics Co.,Ltd
F4848D	TP-LINK TECHNOLOGIES CO.,LTD.
687724	TP-LINK TECHNOLOGIES CO.,LTD.
403F8C	TP-LINK TECHNOLOGIES CO.,LTD.
4C10D5	TP-LINK TECHNOLOGIES CO.,LTD.
60292B	TP-LINK TECHNOLOGIES CO.,LTD.
7844FD	TP-LINK TECHNOLOGIES CO.,LTD.
446690	TP-LINK TECHNOLOGIES CO.,LTD.
80EA07	TP-LINK TECHNOLOGIES CO.,LTD.
50D4F7	TP-LINK TECHNOLOGIES CO.,LTD.
9CBCA6	Hewlett Packard Enterprise
682E3C	Ubiquiti Inc
B47E9F	Xiaomi Communications Co Ltd
D082E8	Tuya Smart Inc.
4CD012	Apple, Inc.
08E64B	Apple, Inc.
8CC246	Apple, Inc.
F4B24E	Huawei Device Co., Ltd.
9449F6	Huawei Device Co., Ltd.
38736E	Huawei Device Co., Ltd.
F406A3	Huawei Device Co., Ltd.
5C23C2	Apple, Inc.
0066DC	Apple, Inc.
7C59B1	Apple, Inc.
3454EF	Cisco Systems, Inc
D4126E	Apple, Inc.
ECD508	Apple, Inc.
E02A25	Shenzhen Intellirocks Tech. Co. Ltd.
10A4C9	Apple, Inc.
901F94	TP-Link Systems Inc.
CC219D	Shenzhen Wangliantong Intelligent Technology Co.,Lte
202C05	ZHEJIANG DAHUA ZHILIAN CO.,LTD
28C039	HUAWEI TECHNOLOGIES CO.,LTD
483F72	Samsung Electronics Co.,Ltd
60D178	Cisco Systems, Inc
7C4D4A	Zhiyue Xingchen(shanghai) Intelligent Terminal Co.,Ltd.
CC915B	Huawei Device Co., Ltd.
EC33CC	Hewlett Packard Enterprise
38F25D	Hangzhou Ezviz Software Co.,Ltd.
50BA84	Cisco Systems, Inc
FC2120	Cisco Systems, Inc
A42DF1	Motorola Mobility LLC, a Lenovo Company
B0A5B3	Hewlett Packard Enterprise
0CB7EC	HUAWEI TECHNOLOGIES CO.,LTD
A43828	HUAWEI TECHNOLOGIES CO.,LTD
28A9AE	HUAWEI TECHNOLOGIES CO.,LTD
003EC4	Huawei Device Co., Ltd.
C42155	Huawei Device Co., Ltd.
E4D398	Xiaomi Communications Co Ltd
D89D13	Samsung Electronics Co.,Ltd
A01217	GUANGDONG OPPO MOBILE TELECOMMUNICATIONS CORP.,LTD
9842F5	Apple, Inc.
C4EB81	Apple, Inc.
30A7F5	Apple, Inc.
4425F4	Apple, Inc.
E43A85	Cisco Systems, Inc
047179	Hewlett Packard Enterprise
F0B715	Huawei Device Co., Ltd.
2CF06A	Huawei Device Co., Ltd.
A8D601	Huawei Device Co., Ltd.
B00BE2	Xiaomi Communications Co Ltd
BCD849	TP-Link Systems Inc.
F0AB1F	zte corporation
7CB30A	zte corporation
F8FE5E	Intel Corporate
4C62DF	Hangzhou Hikvision Digital Technology Co.,Ltd.
E4E26C	GUANGDONG OPPO MOBILE TELECOMMUNICATIONS CORP.,LTD
D094CF	HUAWEI TECHNOLOGIES CO.,LTD
542259	HUAWEI TECHNOLOGIES CO.,LTD
041471	HUAWEI TECHNOLOGIES CO.,LTD
384A80	Samsung Electronics Co.,Ltd
6855D4	Seiko Epson Corporation
DC6880	zte corporation
BC8D1F	Cisco Systems, Inc
84F5EB	zte corporation
C493BB	Beijing Xiaomi Mobile Software Co., Ltd
E89C25	ASUSTek COMPUTER INC.
14993E	Xiaomi Communications Co Ltd
E41088	Samsung Electronics Co.,Ltd
1071FA	GUANGDONG OPPO MOBILE TELECOMMUNICATIONS CORP.,LTD
D0DD7C	zte corporation
843C99	zte corporation
68E59E	Cisco Systems, Inc
F8E5CE	Apple, Inc.
0823C6	HUAWEI TECHNOLOGIES CO.,LTD
4CD717	Dell Inc.
C87F54	ASUSTek COMPUTER INC.
1CC992	Honor Device Co., Ltd.
F020FF	Intel Corporate
C88A9A	Intel Corporate
C84C78	zte corporation
802D1A	zte corporation
A0B339	Intel Corporate
6CF6DA	Intel Corporate
A03768	Shenzhen E-Life Intelligence Technology Co.,Ltd.
348818	Cisco Systems, Inc
B440DC	Samsung Electronics Co.,Ltd
3C3332	D-Link Corporation
6417CD	Samsung Electronics Co.,Ltd
DC69E2	Samsung Electronics Co.,Ltd
9CFB77	GUANGDONG OPPO MOBILE TELECOMMUNICATIONS CORP.,LTD
643E0A	HUAWEI TECHNOLOGIES CO.,LTD
C4D666	Cisco Meraki
18DE50	Tuya Smart Inc.
68F0B5	Honor Device Co., Ltd.
28C1A0	Apple, Inc.
EC2C73	Apple, Inc.
7CC06F	Apple, Inc.
EC8150	Apple, Inc.
D42FCA	Apple, Inc.
D058A5	Apple, Inc.
F87928	zte corporation
943FD6	Apple, Inc.
984B06	HUAWEI TECHNOLOGIES CO.,LTD
ACFF6B	HUAWEI TECHNOLOGIES CO.,LTD
44A842	Dell Inc.
4C7625	Dell Inc.
001143	Dell Inc.
001372	Dell Inc.
00188B	Dell Inc.
F8CAB8	Dell Inc.
F01FAF	Dell Inc.
18A99B	Dell Inc.
F8BC12	Dell Inc.
E8655F	Dell Inc.
E8B265	Dell Inc.
AC91A1	Dell Inc.
C4CBE1	Dell Inc.
381428	Dell Inc.
F4EE08	Dell Inc.
908D6E	Dell Inc.
EC2A72	Dell Inc.
7486E2	Dell Inc.
00BE43	Dell Inc.
605B30	Dell Inc.
C84BD6	Dell Inc.
B4E10F	Dell Inc.
1866DA	Dell Inc.
18DBF2	Dell Inc.
14B31F	Dell Inc.
107D1A	Dell Inc.
509A4C	Dell Inc.
247152	Dell Inc.
8C47BE	Dell Inc.
601895	Dell Inc.
B04F13	Dell Inc.
405CFD	Dell Inc.
D09466	Dell Inc.
D89EF3	Dell Inc.
106530	Dell Inc.
3C2C30	Dell Inc.
886FD4	Dell Inc.
5CF9DD	Dell Inc.
004E01	Dell Inc.
000874	Dell Inc.
0024E8	Dell Inc.
002219	Dell Inc.
3417EB	Dell Inc.
B083FE	Dell Inc.
94CBCD	zte corporation
C02C17	Cisco Systems, Inc
4419B6	Hangzhou Hikvision Digital Technology Co.,Ltd.
7C8931	Huawei Device Co., Ltd.
BC5E33	Hangzhou Hikvision Digital Technology Co.,Ltd.
FC9FFD	Hangzhou Hikvision Digital Technology Co.,Ltd.
E8A0ED	Hangzhou Hikvision Digital Technology Co.,Ltd.
5C345B	Hangzhou Hikvision Digital Technology Co.,Ltd.
4825F3	Huawei Device Co., Ltd.
4CBD8F	Hangzhou Hikvision Digital Technology Co.,Ltd.
F412DA	zte corporation
540295	HUAWEI TECHNOLOGIES CO.,LTD
C8787D	D-Link Corporation
F4E2C6	Ubiquiti Inc
D8B370	Ubiquiti Inc
B4FBE4	Ubiquiti Inc
687251	Ubiquiti Inc
FCECDA	Ubiquiti Inc
942A6F	Ubiquiti Inc
FCA0F3	HUAWEI TECHNOLOGIES CO.,LTD
04A81C	HUAWEI TECHNOLOGIES CO.,LTD
304074	zte corporation
10CF0F	Apple, Inc.
1C76F2	Samsung Electronics Co.,Ltd
A01077	zte corporation
148473	Cisco Systems, Inc
24D337	Xiaomi Communications Co Ltd
3CBCD0	zte corporation
646E60	zte corporation
4C421E	Cisco Systems, Inc
4831DB	Huawei Device Co., Ltd.
D039FA	Samsung Electronics Co.,Ltd
B40B1D	Samsung Electronics Co.,Ltd
AC80FB	Samsung Electronics Co.,Ltd
94DDF8	Brother Industries, LTD.
FC315D	Apple, Inc.
74A6CD	Apple, Inc.
2C7CF2	Apple, Inc.
30D7A1	Apple, Inc.
887477	HUAWEI TECHNOLOGIES CO.,LTD
DCD2FD	HUAWEI TECHNOLOGIES CO.,LTD
5873D1	HUAWEI TECHNOLOGIES CO.,LTD
4CB087	HUAWEI TECHNOLOGIES CO.,LTD
88B4BE	HUAWEI TECHNOLOGIES CO.,LTD
947BAE	Xiaomi Communications Co Ltd
F42D06	zte corporation
1C674A	zte corporation
D8AD49	Honor Device Co., Ltd.
68FCB6	GUANGDONG OPPO MOBILE TELECOMMUNICATIONS CORP.,LTD
D8312C	zte corporation
E0A1CE	zte corporation
6C70CB	Samsung Electronics Co.,Ltd
C47905	Zhejiang Uniview Technologies Co.,Ltd.
D4DA21	Beijing Xiaomi Mobile Software Co., Ltd
201A94	Apple, Inc.
B0E5EF	Apple, Inc.
288FF6	Apple, Inc.
D04E99	HUAWEI TECHNOLOGIES CO.,LTD
20A766	HUAWEI TECHNOLOGIES CO.,LTD
3C058E	HUAWEI TECHNOLOGIES CO.,LTD
A411BB	Cisco Systems, Inc
504921	Cisco Systems, Inc
58B965	Apple, Inc.
743174	Apple, Inc.
F0C725	Apple, Inc.
7C669A	HUAWEI TECHNOLOGIES CO.,LTD
CC1E97	HUAWEI TECHNOLOGIES CO.,LTD
B46142	HUAWEI TECHNOLOGIES CO.,LTD
8C8442	Cisco Systems, Inc
BC5274	Samsung Electronics Co.,Ltd
9009DF	Intel Corporate
E40D36	Intel Corporate
149F43	Cisco Meraki
64DB38	zte corporation
2C08B4	Huawei Device Co., Ltd.
E466AB	zte corporation
80276C	Cisco Systems, Inc
6C4EF6	Cisco Systems, Inc
B40421	zte corporation
E84368	zte corporation
504877	Honor Device Co., Ltd.
6C7E67	Apple, Inc.
A4C6F0	Apple, Inc.
A88FD9	Apple, Inc.
089542	Apple, Inc.
E49C67	Apple, Inc.
1C6A76	Apple, Inc.
D4F242	Huawei Device Co., Ltd.
70110E	zte corporation
98818A	Huawei Device Co., Ltd.
A8AA7C	Huawei Device Co., Ltd.
B4C2F7	Huawei Device Co., Ltd.
1CFC17	Cisco Systems, Inc
BC107B	Samsung Electronics Co.,Ltd
28011C	zte corporation
98A2C0	Cisco Systems, Inc
1C3283	COMTTI Intelligent Technology(Shenzhen) Co., Ltd.
CCBA6F	HUAWEI TECHNOLOGIES CO.,LTD
785C5E	HUAWEI TECHNOLOGIES CO.,LTD
5C3E1B	Apple, Inc.
7C2ACA	Apple, Inc.
288EEC	Apple, Inc.
40F8DF	CANON INC.
3CFEAC	Cisco Systems, Inc
04A741	Cisco Systems, Inc
F43BD8	Intel Corporate
A0889D	Huawei Device Co., Ltd.
18E91D	HUAWEI TECHNOLOGIES CO.,LTD
307F10	GUANGDONG OPPO MOBILE TELECOMMUNICATIONS CORP.,LTD
48706F	HUAWEI TECHNOLOGIES CO.,LTD
04BAD6	D-Link Corporation
98D742	Samsung Electronics Co.,Ltd
A40F98	GUANGDONG OPPO MOBILE TELECOMMUNICATIONS CORP.,LTD
74B725	Huawei Device Co., Ltd.
408EDF	Huawei Device Co., Ltd.
D880DC	Huawei Device Co., Ltd.
E8F791	Xiaomi Communications Co Ltd
8493B2	zte corporation
6C976D	Motorola Mobility LLC, a Lenovo Company
6411A4	Motorola Mobility LLC, a Lenovo Company
4CD0DD	HUAWEI TECHNOLOGIES CO.,LTD
E4902A	HUAWEI TECHNOLOGIES CO.,LTD
905E44	HUAWEI TECHNOLOGIES CO.,LTD
0499BB	Apple, Inc.
5C1BF4	Apple, Inc.
A851AB	Apple, Inc.
FC8417	Honor Device Co., Ltd.
2CA79E	HUAWEI TECHNOLOGIES CO.,LTD
102407	HUAWEI TECHNOLOGIES CO.,LTD
9079CF	zte corporation
8C1E80	Cisco Systems, Inc
A4F933	Intel Corporate
10F60A	Intel Corporate
70D823	Intel Corporate
888FA4	Huawei Device Co., Ltd.
5068AC	Huawei Device Co., Ltd.
286B35	Intel Corporate
4035E6	Samsung Electronics Co.,Ltd
C4DF39	Realme Chongqing Mobile Telecommunications Corp.,Ltd.
00EBD8	MERCUSYS TECHNOLOGIES CO., LTD.
7404F1	Intel Corporate
B85DC3	HUAWEI TECHNOLOGIES CO.,LTD
B43AE2	HUAWEI TECHNOLOGIES CO.,LTD
F0C8B5	HUAWEI TECHNOLOGIES CO.,LTD
D8365F	Intelbras
CC5C61	Huawei Device Co., Ltd.
1CF42B	Huawei Device Co., Ltd.
6C51BF	Huawei Device Co., Ltd.
6C8D77	Cisco Systems, Inc
7411B2	Cisco Systems, Inc
7CC180	Apple, Inc.
280244	Apple, Inc.
E85F02	Apple, Inc.
ECE7A7	Intel Corporate
74F2FA	Xiaomi Communications Co Ltd
3CE9F7	Intel Corporate
185E0B	zte corporation
D0BB61	zte corporation
60A6C5	HUAWEI TECHNOLOGIES CO.,LTD
208C86	HUAWEI TECHNOLOGIES CO.,LTD
F0A951	HUAWEI TECHNOLOGIES CO.,LTD
F4CE23	Intel Corporate
A84FB1	Cisco Systems, Inc
A439B3	Beijing Xiaomi Mobile Software Co., Ltd
AC7352	GUANGDONG OPPO MOBILE TELECOMMUNICATIONS CORP.,LTD
A09208	Tuya Smart Inc.
64D69A	Intel Corporate
E484D3	Xiaomi Communications Co Ltd
04106B	Xiaomi Communications Co Ltd
04CCBC	HUAWEI TECHNOLOGIES CO.,LTD
1CE504	HUAWEI TECHNOLOGIES CO.,LTD
2C0BAB	HUAWEI TECHNOLOGIES CO.,LTD
94D2BC	HUAWEI TECHNOLOGIES CO.,LTD
684AE9	Samsung Electronics Co.,Ltd
7C97E1	Huawei Device Co., Ltd.
C83E9E	Huawei Device Co., Ltd.
E0D045	Intel Corporate
60DD70	Apple, Inc.
98A5F9	Apple, Inc.
ECA907	Apple, Inc.
F82551	Seiko Epson Corporation
BC4760	Samsung Electronics Co.,Ltd
54CF8D	HUAWEI TECHNOLOGIES CO.,LTD
0CB789	Honor Device Co., Ltd.
D48866	HUAWEI TECHNOLOGIES CO.,LTD
FC0296	Xiaomi Communications Co Ltd
D8CFBF	Motorola Mobility LLC, a Lenovo Company
A89892	GUANGDONG OPPO MOBILE TELECOMMUNICATIONS CORP.,LTD
50EBF6	ASUSTek COMPUTER INC.
60FF12	Samsung Electronics Co.,Ltd
24C613	Samsung Electronics Co.,Ltd
94E129	Samsung Electronics Co.,Ltd
D47954	Huawei Device Co., Ltd.
C839AC	Huawei Device Co., Ltd.
145594	Huawei Device Co., Ltd.
08C06C	Huawei Device Co., Ltd.
C4345B	HUAWEI TECHNOLOGIES CO.,LTD
3C219C	Intel Corporate
1859F5	Cisco Systems, Inc
703217	Intel Corporate
C02C5C	Apple, Inc.
D45763	Apple, Inc.
1C73E2	HUAWEI TECHNOLOGIES CO.,LTD
8C83E8	HUAWEI TECHNOLOGIES CO.,LTD
4C034F	Intel Corporate
88D82E	Intel Corporate
4CEAAE	GUANGDONG OPPO MOBILE TELECOMMUNICATIONS CORP.,LTD
EC01D5	Cisco Systems, Inc
144920	HUAWEI TECHNOLOGIES CO.,LTD
DCA782	HUAWEI TECHNOLOGIES CO.,LTD
8CEA12	Shenzhen MiaoMing  Intelligent Technology Co.,Ltd
C8BD4D	Samsung Electronics Co.,Ltd
8881B9	Huawei Device Co., Ltd.
7463C2	Huawei Device Co., Ltd.
D48FA2	Huawei Device Co., Ltd.
2C15BF	Samsung Electronics Co.,Ltd
2CB0FD	Shenzhen MiaoMing  Intelligent Technology Co.,Ltd
04421A	ASUSTek COMPUTER INC.
100020	Apple, Inc.
BC1E85	HUAWEI TECHNOLOGIES CO.,LTD
B85600	HUAWEI TECHNOLOGIES CO.,LTD
8C7A3D	Xiaomi Communications Co Ltd
8C7AAA	Apple, Inc.
7C2499	Apple, Inc.
7CB073	Realme Chongqing Mobile Telecommunications Corp.,Ltd.
7C3985	HUAWEI TECHNOLOGIES CO.,LTD
10F605	Realme Chongqing Mobile Telecommunications Corp.,Ltd.
44AE44	Huawei Device Co., Ltd.
54CE82	zte corporation
80CBBC	Qingdao Intelligent&Precise Electronics Co.,Ltd.
F4A475	Intel Corporate
2864EF	Shenzhen Fsan Intelligent Technology Co.,Ltd
04ECD8	Intel Corporate
BC091B	Intel Corporate
8C1D96	Intel Corporate
60DD8E	Intel Corporate
1CC10C	Intel Corporate
F057A6	Intel Corporate
1CE639	HUAWEI TECHNOLOGIES CO.,LTD
4C2FD7	Huawei Device Co., Ltd.
D47415	Huawei Device Co., Ltd.
50586F	Huawei Device Co., Ltd.
F0B13F	Huawei Device Co., Ltd.
E4B503	Realme Chongqing Mobile Telecommunications Corp.,Ltd.
ECF40C	Cisco Systems, Inc
1006ED	Cisco Systems, Inc
D4EB68	Cisco Systems, Inc
C44D84	Cisco Systems, Inc
7C10C9	ASUSTek COMPUTER INC.
205383	HUAWEI TECHNOLOGIES CO.,LTD
B8857B	HUAWEI TECHNOLOGIES CO.,LTD
8CE9B4	Zhejiang Dahua Technology Co., Ltd.
D88C73	zte corporation
E87865	Apple, Inc.
A04ECF	Apple, Inc.
0887C7	Apple, Inc.
3865B2	Apple, Inc.
D8DE3A	Apple, Inc.
E84FA7	Huawei Device Co., Ltd.
449F46	Huawei Device Co., Ltd.
345184	Huawei Device Co., Ltd.
FCF77B	Huawei Device Co., Ltd.
844709	Shenzhen IP3 Century Intelligent Technology CO.,Ltd
5CD06E	Xiaomi Communications Co Ltd
EC08E5	Motorola Mobility LLC, a Lenovo Company
20CFAE	Cisco Systems, Inc
CC1531	Intel Corporate
C0F9B0	HUAWEI TECHNOLOGIES CO.,LTD
148C4A	HUAWEI TECHNOLOGIES CO.,LTD
609BB4	HUAWEI TECHNOLOGIES CO.,LTD
C0238D	Samsung Electronics Co.,Ltd
0C9A3C	Intel Corporate
DC2148	Intel Corporate
C478A2	Huawei Device Co., Ltd.
2811A8	Intel Corporate
9C5A81	Xiaomi Communications Co Ltd
9C9E71	Huawei Device Co., Ltd.
201E88	Intel Corporate
7CF666	Tuya Smart Inc.
C8BD69	Samsung Electronics Co.,Ltd
A87650	Samsung Electronics Co.,Ltd
54D17D	Samsung Electronics Co.,Ltd
603AAF	Samsung Electronics Co.,Ltd
642753	Huawei Device Co., Ltd.
28534E	HUAWEI TECHNOLOGIES CO.,LTD
5CB00A	HUAWEI TECHNOLOGIES CO.,LTD
F40228	SAMSUNG ELECTRO-MECHANICS(THAILAND)
385247	Huawei Device Co., Ltd.
C0DCD7	Huawei Device Co., Ltd.
3037B3	HUAWEI TECHNOLOGIES CO.,LTD
848C8D	Apple, Inc.
0CE441	Apple, Inc.
B82AA9	Apple, Inc.
7864C0	Apple, Inc.
E81CD8	Apple, Inc.
3C0630	Apple, Inc.
741575	Xiaomi Communications Co Ltd
E8EA4D	HUAWEI TECHNOLOGIES CO.,LTD
3CFFD8	HUAWEI TECHNOLOGIES CO.,LTD
4C617E	Huawei Device Co., Ltd.
E0E37C	Huawei Device Co., Ltd.
74AD98	Cisco Systems, Inc
4851CF	Intelbras
4C5D3C	Cisco Systems, Inc
34732D	Cisco Systems, Inc
28D0EA	Intel Corporate
E00CE5	HUAWEI TECHNOLOGIES CO.,LTD
FC3497	ASUSTek COMPUTER INC.
2841EC	HUAWEI TECHNOLOGIES CO.,LTD
7C004D	HUAWEI TECHNOLOGIES CO.,LTD
1C9957	Intel Corporate
8C3446	Huawei Device Co., Ltd.
804786	Samsung Electronics Co.,Ltd
FC4009	zte corporation
24A65E	zte corporation
509839	Xiaomi Communications Co Ltd
7C1B93	Huawei Device Co., Ltd.
DC2D3C	Huawei Device Co., Ltd.
E455A8	Cisco Meraki
6407F6	Samsung Electronics Co.,Ltd
FC041C	GUANGDONG OPPO MOBILE TELECOMMUNICATIONS CORP.,LTD
003DE1	Huawei Device Co., Ltd.
B06088	Intel Corporate
68ABBC	Beijing Xiaomi Mobile Software Co., Ltd
F4D488	Apple, Inc.
682F67	Apple, Inc.
50ED3C	Apple, Inc.
D05AFD	Realme Chongqing Mobile Telecommunications Corp.,Ltd.
584120	TP-LINK TECHNOLOGIES CO.,LTD.
3C06A7	TP-LINK TECHNOLOGIES CO.,LTD.
F0F564	Samsung Electronics Co.,Ltd
708976	Tuya Smart Inc.
845CF3	Intel Corporate
64D7C0	Huawei Device Co., Ltd.
946010	Huawei Device Co., Ltd.
6413AB	HUAWEI TECHNOLOGIES CO.,LTD
6C13D5	Cisco Systems, Inc
14230A	HUAWEI TECHNOLOGIES CO.,LTD
58AEA8	HUAWEI TECHNOLOGIES CO.,LTD
6CD704	HUAWEI TECHNOLOGIES CO.,LTD
543AD6	Samsung Electronics Co.,Ltd
544617	zte corporation
8CDEF9	Beijing Xiaomi Mobile Software Co., Ltd
D03C1F	Intel Corporate
A03D6E	Cisco Systems, Inc
B08BD0	Cisco Systems, Inc
9CBCF0	Xiaomi Communications Co Ltd
58AE2B	Huawei Device Co., Ltd.
7C210D	Cisco Systems, Inc
34FEC5	Shenzhen Sunwoda intelligent hardware Co.,Ltd
FCD436	Motorola Mobility LLC, a Lenovo Company
0CEC8D	Motorola Mobility LLC, a Lenovo Company
103F44	Xiaomi Communications Co Ltd
8C3401	GUANGDONG OPPO MOBILE TELECOMMUNICATIONS CORP.,LTD
A46BB6	Intel Corporate
F87A41	Cisco Systems, Inc
84F147	Cisco Systems, Inc
74E9BF	HUAWEI TECHNOLOGIES CO.,LTD
D8109F	HUAWEI TECHNOLOGIES CO.,LTD
3C5447	HUAWEI TECHNOLOGIES CO.,LTD
006B6F	HUAWEI TECHNOLOGIES CO.,LTD
F02F74	ASUSTek COMPUTER INC.
78F09B	Huawei Device Co., Ltd.
48EF61	Huawei Device Co., Ltd.
E07726	Huawei Device Co., Ltd.
44F21B	Apple, Inc.
74650C	Apple, Inc.
E06D17	Apple, Inc.
F0B3EC	Apple, Inc.
F465A6	Apple, Inc.
3CA37E	HUAWEI TECHNOLOGIES CO.,LTD
7898E8	D-Link International
6872C3	Samsung Electronics Co.,Ltd
70B13D	Samsung Electronics Co.,Ltd
F85EA0	Intel Corporate
14563A	Huawei Device Co., Ltd.
7090B7	Huawei Device Co., Ltd.
38FC98	Intel Corporate
502F9B	Intel Corporate
4C0220	Xiaomi Communications Co Ltd
C094AD	zte corporation
305684	SHENZHEN YUNJI INTELLIGENT TECHNOLOGY CO.,LTD
9CB2E8	HUAWEI TECHNOLOGIES CO.,LTD
7845B3	Huawei Device Co., Ltd.
20DCFD	Huawei Device Co., Ltd.
FC65B3	Huawei Device Co., Ltd.
109D7A	Huawei Device Co., Ltd.
401C83	Intel Corporate
443B32	Intelbras
683E26	Intel Corporate
8C554A	Intel Corporate
549FC6	Cisco Systems, Inc
F01D2D	Cisco Systems, Inc
88892F	HUAWEI TECHNOLOGIES CO.,LTD
28E5B0	HUAWEI TECHNOLOGIES CO.,LTD
38CA73	Shenzhen MiaoMing  Intelligent Technology Co.,Ltd
6C0DC4	Beijing Xiaomi Electronics Co., Ltd.
C440F6	GUANGDONG OPPO MOBILE TELECOMMUNICATIONS CORP.,LTD
E01CFC	D-Link International
FC449F	zte corporation
9860CA	Apple, Inc.
4490BB	Apple, Inc.
34FD6A	Apple, Inc.
443583	Apple, Inc.
3C7C3F	ASUSTek COMPUTER INC.
EC4D3E	Beijing Xiaomi Mobile Software Co., Ltd
D8A491	Huawei Device Co., Ltd.
681324	Huawei Device Co., Ltd.
A8C092	Huawei Device Co., Ltd.
F82E3F	HUAWEI TECHNOLOGIES CO.,LTD
90A5AF	HUAWEI TECHNOLOGIES CO.,LTD
0476B0	Cisco Systems, Inc
40F078	Cisco Systems, Inc
24B105	Prama Hikvision India Private Limited
709CD1	Intel Corporate
245F9F	Huawei Device Co., Ltd.
CCB0A8	Huawei Device Co., Ltd.
502873	Huawei Device Co., Ltd.
68545A	Intel Corporate
BC7E8B	Samsung Electronics Co.,Ltd
A83759	Huawei Device Co., Ltd.
50F7ED	Huawei Device Co., Ltd.
5488DE	Cisco Systems, Inc
24FD0D	Intelbras
0C31DC	HUAWEI TECHNOLOGIES CO.,LTD
A446B4	Huawei Device Co., Ltd.
DCD444	Huawei Device Co., Ltd.
D4F756	zte corporation
A830BC	Samsung Electronics Co.,Ltd
7846D4	Samsung Electronics Co.,Ltd
58F2FC	Huawei Device Co., Ltd.
E8136E	HUAWEI TECHNOLOGIES CO.,LTD
4CAE13	HUAWEI TECHNOLOGIES CO.,LTD
643AEA	Cisco Systems, Inc
E4268B	Huawei Device Co., Ltd.
2848E7	Huawei Device Co., Ltd.
2CDB07	Intel Corporate
988D46	Intel Corporate
E43EC6	HUAWEI TECHNOLOGIES CO.,LTD
38881E	HUAWEI TECHNOLOGIES CO.,LTD
805FC5	Apple, Inc.
3C4DBE	Apple, Inc.
48262C	Apple, Inc.
147DDA	Apple, Inc.
C4910C	Apple, Inc.
10F920	Cisco Systems, Inc
9077EE	Cisco Systems, Inc
3C13CC	Cisco Systems, Inc
206980	Apple, Inc.
D8DC40	Apple, Inc.
94E3EE	zte corporation
2CD066	Xiaomi Communications Co Ltd
9016BA	HUAWEI TECHNOLOGIES CO.,LTD
342EB7	Intel Corporate
60AAEF	Huawei Device Co., Ltd.
D0F3F5	Huawei Device Co., Ltd.
D44649	HUAWEI TECHNOLOGIES CO.,LTD
9400B0	HUAWEI TECHNOLOGIES CO.,LTD
2468B0	Samsung Electronics Co.,Ltd
B04502	Huawei Device Co., Ltd.
1C1FF1	Huawei Device Co., Ltd.
14DE39	Huawei Device Co., Ltd.
64DDE9	Xiaomi Communications Co Ltd
1C0219	GUANGDONG OPPO MOBILE TELECOMMUNICATIONS CORP.,LTD
F0D5BF	Intel Corporate
DCD2FC	HUAWEI TECHNOLOGIES CO.,LTD
60F262	Intel Corporate
A4B1C1	Intel Corporate
A4C54E	Huawei Device Co., Ltd.
D4BBE6	Huawei Device Co., Ltd.
40B6E7	Huawei Device Co., Ltd.
D0B45D	Huawei Device Co., Ltd.
8836CF	Huawei Device Co., Ltd.
E48326	HUAWEI TECHNOLOGIES CO.,LTD
447654	HUAWEI TECHNOLOGIES CO.,LTD
7CD9A0	HUAWEI TECHNOLOGIES CO.,LTD
F033E5	HUAWEI TECHNOLOGIES CO.,LTD
6C6A77	Intel Corporate
1869D8	Tuya Smart Inc.
C8B29B	Intel Corporate
B42200	Brother Industries, LTD.
B4F18C	Huawei Device Co., Ltd.
6CDDBC	Samsung Electronics Co.,Ltd
CC7F76	Cisco Systems, Inc
B0CCFE	Huawei Device Co., Ltd.
540DF9	Huawei Device Co., Ltd.
006619	Huawei Device Co., Ltd.
14472D	GUANGDONG OPPO MOBILE TELECOMMUNICATIONS CORP.,LTD
E45E37	Intel Corporate
E490FD	Apple, Inc.
84AB1A	Apple, Inc.
D06544	Apple, Inc.
3C58C2	Intel Corporate
CCF9E4	Intel Corporate
14169D	Cisco Systems, Inc
B4B055	HUAWEI TECHNOLOGIES CO.,LTD
048C16	HUAWEI TECHNOLOGIES CO.,LTD
E0BB9E	Seiko Epson Corporation
C8C750	Motorola Mobility LLC, a Lenovo Company
8CC681	Intel Corporate
4C494F	zte corporation
C4741E	zte corporation
DC8983	Samsung Electronics Co.,Ltd
78C5F8	Huawei Device Co., Ltd.
5C78F8	Huawei Device Co., Ltd.
B827C5	Huawei Device Co., Ltd.
5CCB99	Samsung Electronics Co.,Ltd
90B144	Samsung Electronics Co.,Ltd
D45D64	ASUSTek COMPUTER INC.
38EC0D	Apple, Inc.
940C98	Apple, Inc.
E8FBE9	Apple, Inc.
A4307A	Samsung Electronics Co.,Ltd
6819AC	Guangzhou Xianyou Intelligent Technogoly CO., LTD
B0735D	Huawei Device Co., Ltd.
F0B4D2	D-Link International
C0B5CD	Huawei Device Co., Ltd.
4C5077	Huawei Device Co., Ltd.
7CA1AE	Apple, Inc.
5C3A3D	zte corporation
30FD65	HUAWEI TECHNOLOGIES CO.,LTD
3C22FB	Apple, Inc.
9CF531	GUANGDONG OPPO MOBILE TELECOMMUNICATIONS CORP.,LTD
C809A8	Intel Corporate
DCDCE2	Samsung Electronics Co.,Ltd
A0AC69	Samsung Electronics Co.,Ltd
1089FB	Samsung Electronics Co.,Ltd
C4E90A	D-Link International
18D0C5	GUANGDONG OPPO MOBILE TELECOMMUNICATIONS CORP.,LTD
ACBD70	Huawei Device Co., Ltd.
30E98E	HUAWEI TECHNOLOGIES CO.,LTD
C4447D	HUAWEI TECHNOLOGIES CO.,LTD
048C9A	Huawei Device Co., Ltd.
EC3CBB	Huawei Device Co., Ltd.
984827	TP-LINK TECHNOLOGIES CO.,LTD.
34ED1B	Cisco Systems, Inc
C0B883	Intel Corporate
24418C	Intel Corporate
F8D027	Seiko Epson Corporation
5C666C	GUANGDONG OPPO MOBILE TELECOMMUNICATIONS CORP.,LTD
BCB0E7	HUAWEI TECHNOLOGIES CO.,LTD
5434EF	HUAWEI TECHNOLOGIES CO.,LTD
ECFA5C	Beijing Xiaomi Electronics Co., Ltd.
F8B46A	Hewlett Packard
ACE342	HUAWEI TECHNOLOGIES CO.,LTD
9017C8	HUAWEI TECHNOLOGIES CO.,LTD
DCF8B9	zte corporation
000163	Cisco Systems, Inc
6070C0	Apple, Inc.
F0C371	Apple, Inc.
1855E3	Apple, Inc.
60634C	D-Link International
E00084	HUAWEI TECHNOLOGIES CO.,LTD
94BF80	zte corporation
E450EB	Apple, Inc.
886440	Apple, Inc.
C4E1A1	GUANGDONG OPPO MOBILE TELECOMMUNICATIONS CORP.,LTD
58F39C	Cisco Systems, Inc
C83DDC	Xiaomi Communications Co Ltd
1819D6	Samsung Electronics Co.,Ltd
CC9070	Cisco Systems, Inc
2841C6	HUAWEI TECHNOLOGIES CO.,LTD
F41D6B	HUAWEI TECHNOLOGIES CO.,LTD
B4F58E	HUAWEI TECHNOLOGIES CO.,LTD
ACF5E6	Cisco Systems, Inc
BC98DF	Motorola Mobility LLC, a Lenovo Company
70DDA8	GUANGDONG OPPO MOBILE TELECOMMUNICATIONS CORP.,LTD
4C6F9C	GUANGDONG OPPO MOBILE TELECOMMUNICATIONS CORP.,LTD
D4D252	Intel Corporate
58A023	Intel Corporate
AC00D0	zte corporation
C46516	Hewlett Packard
907841	Intel Corporate
243154	HUAWEI TECHNOLOGIES CO.,LTD
4883B4	GUANGDONG OPPO MOBILE TELECOMMUNICATIONS CORP.,LTD
941625	Apple, Inc.
2C58E8	HUAWEI TECHNOLOGIES CO.,LTD
34A8EB	Apple, Inc.
A483E7	Apple, Inc.
F4AFE7	Apple, Inc.
AC88FD	Apple, Inc.
6489F1	Samsung Electronics Co.,Ltd
503E7C	LeiShen Intelligent  System Co.Ltd
20326C	Samsung Electronics Co.,Ltd
24586E	zte corporation
2034FB	Xiaomi Communications Co Ltd
A89CED	Xiaomi Communications Co Ltd
D0EC35	Cisco Systems, Inc
380025	Intel Corporate
68FF7B	TP-LINK TECHNOLOGIES CO.,LTD.
808F1D	TP-LINK TECHNOLOGIES CO.,LTD.
E458E7	Samsung Electronics Co.,Ltd
70EA1A	Cisco Systems, Inc
E4E749	Hewlett Packard
A86DAA	Intel Corporate
003217	Cisco Systems, Inc
DC080F	Apple, Inc.
F8E94E	Apple, Inc.
EC2CE2	Apple, Inc.
40BC60	Apple, Inc.
E83617	Apple, Inc.
9C648B	Apple, Inc.
344262	Apple, Inc.
703A51	Xiaomi Communications Co Ltd
14D00D	Apple, Inc.
207918	Intel Corporate
04E598	Xiaomi Communications Co Ltd
C0BDC8	Samsung Electronics Co.,Ltd
647BCE	Samsung Electronics Co.,Ltd
A887B3	Samsung Electronics Co.,Ltd
6C006B	Samsung Electronics Co.,Ltd
6CC7EC	SAMSUNG ELECTRO-MECHANICS(THAILAND)
A0A4C5	Intel Corporate
F4D108	Intel Corporate
706D15	Cisco Systems, Inc
F063F9	HUAWEI TECHNOLOGIES CO.,LTD
7CC385	HUAWEI TECHNOLOGIES CO.,LTD
00AD24	D-Link International
00EABD	Cisco Systems, Inc
74BFC0	CANON INC.
181DEA	Intel Corporate
185680	Intel Corporate
C8D9D2	Hewlett Packard
24FCE5	Samsung Electronics Co.,Ltd
809621	Lenovo
B08BCF	Cisco Systems, Inc
30A1FA	HUAWEI TECHNOLOGIES CO.,LTD
70FD46	Samsung Electronics Co.,Ltd
8C83E1	Samsung Electronics Co.,Ltd
645D86	Intel Corporate
247E51	zte corporation
E8B541	zte corporation
0C9D92	ASUSTek COMPUTER INC.
0CCB85	Motorola Mobility LLC, a Lenovo Company
889F6F	Samsung Electronics Co.,Ltd
5C63C9	Intellithings Ltd.
482CA0	Xiaomi Communications Co Ltd
3412F9	HUAWEI TECHNOLOGIES CO.,LTD
BCE265	HUAWEI TECHNOLOGIES CO.,LTD
4CD1A1	HUAWEI TECHNOLOGIES CO.,LTD
88BFE4	HUAWEI TECHNOLOGIES CO.,LTD
A09351	Cisco Systems, Inc
487583	Intellion AG
FCFBFB	Cisco Systems, Inc
340A98	HUAWEI TECHNOLOGIES CO.,LTD
646D6C	HUAWEI TECHNOLOGIES CO.,LTD
C4B8B4	HUAWEI TECHNOLOGIES CO.,LTD
007E95	Cisco Systems, Inc
80B575	HUAWEI TECHNOLOGIES CO.,LTD
A4BE2B	HUAWEI TECHNOLOGIES CO.,LTD
68E7C2	Samsung Electronics Co.,Ltd
58B10F	Samsung Electronics Co.,Ltd
A87D12	HUAWEI TECHNOLOGIES CO.,LTD
0CB34F	Shenzhen Xiaoqi Intelligent Technology Co., Ltd.
505DAC	HUAWEI TECHNOLOGIES CO.,LTD
682C7B	Cisco Systems, Inc
04D3B0	Intel Corporate
4CD0CB	HUAWEI TECHNOLOGIES CO.,LTD
007278	Cisco Systems, Inc
90DD5D	Apple, Inc.
F0AF50	Phantom Intelligence
0C8063	TP-LINK TECHNOLOGIES CO.,LTD.
B4CD27	HUAWEI TECHNOLOGIES CO.,LTD
C819F7	Samsung Electronics Co.,Ltd
645AED	Apple, Inc.
FC2A9C	Apple, Inc.
A056F3	Apple, Inc.
549963	Apple, Inc.
C0B658	Apple, Inc.
48A91C	Apple, Inc.
50BC96	Apple, Inc.
3880DF	Motorola Mobility LLC, a Lenovo Company
180F76	D-Link International
909497	HUAWEI TECHNOLOGIES CO.,LTD
DC729B	HUAWEI TECHNOLOGIES CO.,LTD
0CC6CC	HUAWEI TECHNOLOGIES CO.,LTD
785860	HUAWEI TECHNOLOGIES CO.,LTD
4C776D	Cisco Systems, Inc
3CDCBC	Samsung Electronics Co.,Ltd
804E70	Samsung Electronics Co.,Ltd
D4E6B7	Samsung Electronics Co.,Ltd
04D13A	Xiaomi Communications Co Ltd
E8ABF3	HUAWEI TECHNOLOGIES CO.,LTD
0C9838	Xiaomi Communications Co Ltd
C48466	Apple, Inc.
347C25	Apple, Inc.
CC2DB7	Apple, Inc.
5C865C	Samsung Electronics Co.,Ltd
D41A3F	GUANGDONG OPPO MOBILE TELECOMMUNICATIONS CORP.,LTD
04B167	Xiaomi Communications Co Ltd
E4A7A0	Intel Corporate
E4BD4B	zte corporation
000144	Dell EMC
08001B	Dell EMC
701F53	Cisco Systems, Inc
A04EA7	Apple, Inc.
F0989D	Apple, Inc.
E42B34	Apple, Inc.
3C2EF9	Apple, Inc.
683C7D	Magic Intelligence Technology Limited
D80831	Samsung Electronics Co.,Ltd
48BA4E	Hewlett Packard
500F80	Cisco Systems, Inc
8C68C8	zte corporation
EC8263	zte corporation
6CB749	HUAWEI TECHNOLOGIES CO.,LTD
989C57	HUAWEI TECHNOLOGIES CO.,LTD
982D68	Samsung Electronics Co., Ltd
444AB0	Zhejiang Moorgen Intelligence Technology Co., Ltd
107B44	ASUSTek COMPUTER INC.
40A3CC	Intel Corporate
B019C6	Apple, Inc.
3866F0	Apple, Inc.
E4FB5D	HUAWEI TECHNOLOGIES CO.,LTD
E86819	HUAWEI TECHNOLOGIES CO.,LTD
3C7843	HUAWEI TECHNOLOGIES CO.,LTD
5C0979	HUAWEI TECHNOLOGIES CO.,LTD
309935	zte corporation
0C72D9	zte corporation
801934	Intel Corporate
703EAC	Apple, Inc.
50642B	XIAOMI Electronics,CO.,LTD
6432A8	Intel Corporate
8C2505	HUAWEI TECHNOLOGIES CO.,LTD
7C2EDD	Samsung Electronics Co.,Ltd
3CF7A4	Samsung Electronics Co.,Ltd
CC2F71	Intel Corporate
706E6D	Cisco Systems, Inc
B0DFC1	Tenda Technology Co.,Ltd.Dongguan branch
9C6F52	zte corporation
1C4D70	Intel Corporate
00A3D1	Cisco Systems, Inc
986F60	GUANGDONG OPPO MOBILE TELECOMMUNICATIONS CORP.,LTD
487D2E	TP-LINK TECHNOLOGIES CO.,LTD.
F4A997	CANON INC.
7426AC	Cisco Systems, Inc
601466	zte corporation
9810E8	Apple, Inc.
C0D012	Apple, Inc.
BCA920	Apple, Inc.
001192	Cisco Systems, Inc
8058F8	Motorola Mobility LLC, a Lenovo Company
48A195	Apple, Inc.
F80377	Apple, Inc.
F49634	Intel Corporate
DCA4CA	Apple, Inc.
8C8FE9	Apple, Inc.
2C86D2	Cisco Systems, Inc
B8F883	TP-LINK TECHNOLOGIES CO.,LTD.
DCFE18	TP-LINK TECHNOLOGIES CO.,LTD.
704F57	TP-LINK TECHNOLOGIES CO.,LTD.
F8A34F	zte corporation
5425EA	HUAWEI TECHNOLOGIES CO.,LTD
C894BB	HUAWEI TECHNOLOGIES CO.,LTD
10B1F8	HUAWEI TECHNOLOGIES CO.,LTD
0495E6	Tenda Technology Co.,Ltd.Dongguan branch
C0D9F7	ShanDong Domor Intelligent S&T CO.,Ltd
2C200B	Apple, Inc.
8866A5	Apple, Inc.
9CAED3	Seiko Epson Corporation
704D7B	ASUSTek COMPUTER INC.
38BC01	HUAWEI TECHNOLOGIES CO.,LTD
341E6B	HUAWEI TECHNOLOGIES CO.,LTD
886639	HUAWEI TECHNOLOGIES CO.,LTD
000048	Seiko Epson Corporation
B0E892	Seiko Epson Corporation
AC1826	Seiko Epson Corporation
A4EE57	Seiko Epson Corporation
ACC1EE	Xiaomi Communications Co Ltd
14A78B	Zhejiang Dahua Technology Co., Ltd.
884477	HUAWEI TECHNOLOGIES CO.,LTD
149D09	HUAWEI TECHNOLOGIES CO.,LTD
4C11BF	Zhejiang Dahua Technology Co., Ltd.
00425A	Cisco Systems, Inc
E07C13	zte corporation
F41F88	zte corporation
E47DBD	Samsung Electronics Co.,Ltd
001CB3	Apple, Inc.
24920E	Samsung Electronics Co.,Ltd
FC4203	Samsung Electronics Co.,Ltd
A01081	Samsung Electronics Co.,Ltd
28EE52	TP-LINK TECHNOLOGIES CO.,LTD.
4CF95D	HUAWEI TECHNOLOGIES CO.,LTD
8421F1	HUAWEI TECHNOLOGIES CO.,LTD
707990	HUAWEI TECHNOLOGIES CO.,LTD
00B0E1	Cisco Systems, Inc
F07960	Apple, Inc.
A0D795	Apple, Inc.
842519	Samsung Electronics
F8633F	Intel Corporate
002566	Samsung Electronics Co.,Ltd
981333	zte corporation
04180F	Samsung Electronics Co.,Ltd
2013E0	Samsung Electronics Co.,Ltd
C09F05	GUANGDONG OPPO MOBILE TELECOMMUNICATIONS CORP.,LTD
D42C44	Cisco Systems, Inc
DC7144	SAMSUNG ELECTRO MECHANICS CO., LTD.
980C82	SAMSUNG ELECTRO MECHANICS CO., LTD.
A00BBA	SAMSUNG ELECTRO MECHANICS CO., LTD.
606BBD	Samsung Electronics Co.,Ltd
00214C	Samsung Electronics Co.,Ltd
00166B	Samsung Electronics Co.,Ltd
843DC6	Cisco Systems, Inc
0000F0	Samsung Electronics Co.,Ltd
8CC8CD	Samsung Electronics Co.,Ltd
8018A7	Samsung Electronics Co.,Ltd
F47B5E	Samsung Electronics Co.,Ltd
0018AF	Samsung Electronics Co.,Ltd
001EE1	Samsung Electronics Co.,Ltd
D02544	SAMSUNG ELECTRO-MECHANICS(THAILAND)
005A13	HUAWEI TECHNOLOGIES CO.,LTD
24DBED	Samsung Electronics Co.,Ltd
C45006	Samsung Electronics Co.,Ltd
88329B	SAMSUNG ELECTRO-MECHANICS(THAILAND)
1449E0	SAMSUNG ELECTRO-MECHANICS(THAILAND)
D487D8	Samsung Electronics Co.,Ltd
184617	Samsung Electronics Co.,Ltd
380A94	Samsung Electronics Co.,Ltd
D0DFC7	Samsung Electronics Co.,Ltd
D0C1B1	Samsung Electronics Co.,Ltd
20D390	Samsung Electronics Co.,Ltd
9401C2	Samsung Electronics Co.,Ltd
50FC9F	Samsung Electronics Co.,Ltd
380B40	Samsung Electronics Co.,Ltd
70F927	Samsung Electronics Co.,Ltd
F0728C	Samsung Electronics Co.,Ltd
34AA8B	Samsung Electronics Co.,Ltd
BC4486	Samsung Electronics Co.,Ltd
A8F274	Samsung Electronics Co.,Ltd
B8FF61	Apple, Inc.
68C44D	Motorola Mobility LLC, a Lenovo Company
2C9D1E	HUAWEI TECHNOLOGIES CO.,LTD
0081C4	Cisco Systems, Inc
440444	GUANGDONG OPPO MOBILE TELECOMMUNICATIONS CORP.,LTD
F8E61A	Samsung Electronics Co.,Ltd
84B541	Samsung Electronics Co.,Ltd
006F64	Samsung Electronics Co.,Ltd
DC6672	Samsung Electronics Co.,Ltd
EC8EB5	Hewlett Packard
9C2A83	Samsung Electronics Co.,Ltd
A091C8	zte corporation
00B064	Cisco Systems, Inc
68A0F6	HUAWEI TECHNOLOGIES CO.,LTD
B0E235	Xiaomi Communications Co Ltd
446EE5	HUAWEI TECHNOLOGIES CO.,LTD
A06090	Samsung Electronics Co.,Ltd
BC765E	Samsung Electronics Co.,Ltd
B88198	Intel Corporate
D85B2A	Samsung Electronics Co.,Ltd
E09861	Motorola Mobility LLC, a Lenovo Company
005F86	Cisco Systems, Inc
00F663	Cisco Systems, Inc
34B354	HUAWEI TECHNOLOGIES CO.,LTD
0062EC	Cisco Systems, Inc
C46AB7	Xiaomi Communications Co Ltd
CC167E	Cisco Systems, Inc
70A2B3	Apple, Inc.
F40F24	Apple, Inc.
4C57CA	Apple, Inc.
90C1C6	Apple, Inc.
3497F6	ASUSTek COMPUTER INC.
50680A	HUAWEI TECHNOLOGIES CO.,LTD
48E9F1	Apple, Inc.
A08CFD	Hewlett Packard
FC3F7C	HUAWEI TECHNOLOGIES CO.,LTD
384C4F	HUAWEI TECHNOLOGIES CO.,LTD
00CAE5	Cisco Systems, Inc
004268	Cisco Systems, Inc
40163B	Samsung Electronics Co.,Ltd
30B49E	TP-LINK TECHNOLOGIES CO.,LTD.
007888	Cisco Systems, Inc
C83870	Samsung Electronics Co.,Ltd
008E73	Cisco Systems, Inc
405EE1	Shenzhen H&T Intelligent Control Co.,Ltd.
900325	HUAWEI TECHNOLOGIES CO.,LTD
98E7F5	HUAWEI TECHNOLOGIES CO.,LTD
1C9E46	Apple, Inc.
9C4FDA	Apple, Inc.
00351A	Cisco Systems, Inc
00AF1F	Cisco Systems, Inc
C0CCF8	Apple, Inc.
8489AD	Apple, Inc.
00175A	Cisco Systems, Inc
647791	Samsung Electronics Co.,Ltd
9CE6E7	Samsung Electronics Co.,Ltd
9C0298	Samsung Electronics Co.,Ltd
28987B	Samsung Electronics Co.,Ltd
0C715D	Samsung Electronics Co.,Ltd
BCD11F	Samsung Electronics Co.,Ltd
F4428F	Samsung Electronics Co.,Ltd
446D6C	Samsung Electronics Co.,Ltd
00F46F	Samsung Electronics Co.,Ltd
54FA3E	Samsung Electronics Co.,Ltd
0C8910	Samsung Electronics Co.,Ltd
78ABBB	Samsung Electronics Co.,Ltd
D476EA	zte corporation
D8C4E9	Samsung Electronics Co.,Ltd
7C1CF1	HUAWEI TECHNOLOGIES CO.,LTD
78F557	HUAWEI TECHNOLOGIES CO.,LTD
E02861	HUAWEI TECHNOLOGIES CO.,LTD
D0D04B	HUAWEI TECHNOLOGIES CO.,LTD
480031	HUAWEI TECHNOLOGIES CO.,LTD
00DA55	Cisco Systems, Inc
00AA01	Intel Corporation
00AA00	Intel Corporation
00C2C6	Intel Corporate
5CD2E4	Intel Corporate
28B2BD	Intel Corporate
448500	Intel Corporate
0CD292	Intel Corporate
685D43	Intel Corporate
A0369F	Intel Corporate
64D4DA	Intel Corporate
4025C2	Intel Corporate
502DA2	Intel Corporate
78929C	Intel Corporate
4C79BA	Intel Corporate
84A6C8	Intel Corporate
5891CF	Intel Corporate
0C8BFD	Intel Corporate
843A4B	Intel Corporate
5C514F	Intel Corporate
A44E31	Intel Corporate
DCA971	Intel Corporate
58946B	Intel Corporate
0024D7	Intel Corporate
0024D6	Intel Corporate
001DE0	Intel Corporate
A0A8CD	Intel Corporate
5CC5D4	Intel Corporate
4CEB42	Intel Corporate
F81654	Intel Corporate
606C66	Intel Corporate
4C8093	Intel Corporate
AC7289	Intel Corporate
001E64	Intel Corporate
00215C	Intel Corporate
00216B	Intel Corporate
0022FB	Intel Corporate
001517	Intel Corporate
E46F13	D-Link International
1C4419	TP-LINK TECHNOLOGIES CO.,LTD.
60BEB5	Motorola Mobility LLC, a Lenovo Company
F8F1B6	Motorola Mobility LLC, a Lenovo Company
3CFDFE	Intel Corporate
A4C494	Intel Corporate
902E1C	Intel Corporate
A434D9	Intel Corporate
F4F1E1	Motorola Mobility LLC, a Lenovo Company
9CD917	Motorola Mobility LLC, a Lenovo Company
9068C3	Motorola Mobility LLC, a Lenovo Company
2C56DC	ASUSTek COMPUTER INC.
3CD92B	Hewlett Packard
002191	D-Link Corporation
CC46D6	Cisco Systems, Inc
0041D2	Cisco Systems, Inc
0CD746	Apple, Inc.
60A37D	Apple, Inc.
68DBCA	Apple, Inc.
086698	Apple, Inc.
BC5436	Apple, Inc.
044BED	Apple, Inc.
6C8DC1	Apple, Inc.
ACF1DF	D-Link International
BCF685	D-Link International
78542E	D-Link International
C4A81D	D-Link International
2CAB00	HUAWEI TECHNOLOGIES CO.,LTD
A8CA7B	HUAWEI TECHNOLOGIES CO.,LTD
88B8D0	Dongguan Koppo Electronic Co.,Ltd
58AC78	Cisco Systems, Inc
CC3E5F	Hewlett Packard
D89D67	Hewlett Packard
A45D36	Hewlett Packard
F0921C	Hewlett Packard
A0481C	Hewlett Packard
A01D48	Hewlett Packard
000423	Intel Corporation
001111	Intel Corporation
001302	Intel Corporate
40A8F0	Hewlett Packard
8851FB	Hewlett Packard
082E5F	Hewlett Packard
E4115B	Hewlett Packard
28924A	Hewlett Packard
0014C2	Hewlett Packard
00805F	Hewlett Packard
288023	Hewlett Packard
0018FE	Hewlett Packard
001A4B	Hewlett Packard
002481	Hewlett Packard
000F61	Hewlett Packard
9060F1	Apple, Inc.
FC64BA	Xiaomi Communications Co Ltd
EC4D47	HUAWEI TECHNOLOGIES CO.,LTD
A08D16	HUAWEI TECHNOLOGIES CO.,LTD
F8D111	TP-LINK TECHNOLOGIES CO.,LTD.
B0487A	TP-LINK TECHNOLOGIES CO.,LTD.
940C6D	TP-LINK TECHNOLOGIES CO.,LTD.
480FCF	Hewlett Packard
08181A	zte corporation
001E73	zte corporation
0015EB	zte corporation
647002	TP-LINK TECHNOLOGIES CO.,LTD.
10FEED	TP-LINK TECHNOLOGIES CO.,LTD.
645601	TP-LINK TECHNOLOGIES CO.,LTD.
ECCB30	HUAWEI TECHNOLOGIES CO.,LTD
F4DCF9	HUAWEI TECHNOLOGIES CO.,LTD
EC26CA	TP-LINK TECHNOLOGIES CO.,LTD.
00664B	HUAWEI TECHNOLOGIES CO.,LTD
9CC172	HUAWEI TECHNOLOGIES CO.,LTD
247F3C	HUAWEI TECHNOLOGIES CO.,LTD
C8D15E	HUAWEI TECHNOLOGIES CO.,LTD
F4559C	HUAWEI TECHNOLOGIES CO.,LTD
80B686	HUAWEI TECHNOLOGIES CO.,LTD
10C61F	HUAWEI TECHNOLOGIES CO.,LTD
CC96A0	HUAWEI TECHNOLOGIES CO.,LTD
581F28	HUAWEI TECHNOLOGIES CO.,LTD
C07009	HUAWEI TECHNOLOGIES CO.,LTD
8038BC	HUAWEI TECHNOLOGIES CO.,LTD
C4072F	HUAWEI TECHNOLOGIES CO.,LTD
F48E92	HUAWEI TECHNOLOGIES CO.,LTD
241FA0	HUAWEI TECHNOLOGIES CO.,LTD
7054F5	HUAWEI TECHNOLOGIES CO.,LTD
9017AC	HUAWEI TECHNOLOGIES CO.,LTD
18C58A	HUAWEI TECHNOLOGIES CO.,LTD
34CDBE	HUAWEI TECHNOLOGIES CO.,LTD
D8490B	HUAWEI TECHNOLOGIES CO.,LTD
F80113	HUAWEI TECHNOLOGIES CO.,LTD
A49947	HUAWEI TECHNOLOGIES CO.,LTD
308730	HUAWEI TECHNOLOGIES CO.,LTD
9C28EF	HUAWEI TECHNOLOGIES CO.,LTD
006083	Cisco Systems, Inc
006009	Cisco Systems, Inc
00067C	Cisco Systems, Inc
00E0F7	Cisco Systems, Inc
005073	Cisco Systems, Inc
00900C	Cisco Systems, Inc
00905F	Cisco Systems, Inc
00100B	Cisco Systems, Inc
00173B	Cisco Systems, Inc
F0B429	Xiaomi Communications Co Ltd
00107B	Cisco Systems, Inc
0050E2	Cisco Systems, Inc
E4D3F1	Cisco Systems, Inc
8478AC	Cisco Systems, Inc
04DAD2	Cisco Systems, Inc
F02929	Cisco Systems, Inc
20BBC0	Cisco Systems, Inc
4C4E35	Cisco Systems, Inc
68DFDD	Xiaomi Communications Co Ltd
98FAE3	Xiaomi Communications Co Ltd
0090A6	Cisco Systems, Inc
009086	Cisco Systems, Inc
005080	Cisco Systems, Inc
001BD7	Cisco SPVTG
00248C	ASUSTek COMPUTER INC.
002354	ASUSTek COMPUTER INC.
1C872C	ASUSTek COMPUTER INC.
C4143C	Cisco Systems, Inc
3C08F6	Cisco Systems, Inc
78BAF9	Cisco Systems, Inc
0022CE	Cisco SPVTG
000F66	Cisco-Linksys, LLC
001E8C	ASUSTek COMPUTER INC.
0013D4	ASUSTek COMPUTER INC.
20CF30	ASUSTek COMPUTER INC.
501CBF	Cisco Systems, Inc
B000B4	Cisco Systems, Inc
544A00	Cisco Systems, Inc
00E16D	Cisco Systems, Inc
BC1665	Cisco Systems, Inc
F872EA	Cisco Systems, Inc
D0C789	Cisco Systems, Inc
F84F57	Cisco Systems, Inc
7C69F6	Cisco Systems, Inc
78DA6E	Cisco Systems, Inc
E0D173	Cisco Systems, Inc
E0899D	Cisco Systems, Inc
C47295	Cisco Systems, Inc
24374C	Cisco SPVTG
F45FD4	Cisco SPVTG
2CABA4	Cisco SPVTG
B8782E	Apple, Inc.
000502	Apple, Inc.
34BDC8	Cisco Systems, Inc
DCEB94	Cisco Systems, Inc
84B517	Cisco Systems, Inc
188B9D	Cisco Systems, Inc
E4AA5D	Cisco Systems, Inc
9803D8	Apple, Inc.
D89E3F	Apple, Inc.
B8C75D	Apple, Inc.
0C74C2	Apple, Inc.
90840D	Apple, Inc.
E80688	Apple, Inc.
7CC537	Apple, Inc.
78CA39	Apple, Inc.
18E7F4	Apple, Inc.
70CD60	Apple, Inc.
8C7B9D	Apple, Inc.
002241	Apple, Inc.
00264A	Apple, Inc.
041E64	Apple, Inc.
000A95	Apple, Inc.
001124	Apple, Inc.
CC785F	Apple, Inc.
88CB87	Apple, Inc.
685B35	Apple, Inc.
2CB43A	Apple, Inc.
689C70	Apple, Inc.
380F4A	Apple, Inc.
444C0C	Apple, Inc.
B4F0AB	Apple, Inc.
80929F	Apple, Inc.
9C04EB	Apple, Inc.
5C969D	Apple, Inc.
3010E4	Apple, Inc.
A886DD	Apple, Inc.
F0C1F1	Apple, Inc.
843835	Apple, Inc.
8C006D	Apple, Inc.
5C95AE	Apple, Inc.
842999	Apple, Inc.
74E2F5	Apple, Inc.
E0C97A	Apple, Inc.
A8968A	Apple, Inc.
F41BA1	Apple, Inc.
041552	Apple, Inc.
68A86D	Apple, Inc.
7CC3A1	Apple, Inc.
7073CB	Apple, Inc.
907240	Apple, Inc.
F82793	Apple, Inc.
403004	Apple, Inc.
60C547	Apple, Inc.
EC852F	Apple, Inc.
00F4B9	Apple, Inc.
3CAB8E	Apple, Inc.
609217	Apple, Inc.
84B153	Apple, Inc.
E06678	Apple, Inc.
48D705	Apple, Inc.
68D93C	Apple, Inc.
00F76F	Apple, Inc.
C88550	Apple, Inc.
E0B52D	Apple, Inc.
A43135	Apple, Inc.
7014A6	Apple, Inc.
985AEB	Apple, Inc.
78D75F	Apple, Inc.
4C7C5F	Apple, Inc.
68644B	Apple, Inc.
C81EE7	Apple, Inc.
6C94F8	Apple, Inc.
908D6C	Apple, Inc.
B8098A	Apple, Inc.
C0CECD	Apple, Inc.
60D9C7	Apple, Inc.
F44B2A	Cisco SPVTG
A4B805	Apple, Inc.
5CADCF	Apple, Inc.
BC6C21	Apple, Inc.
2CAE2B	Samsung Electronics Co.,Ltd
C869CD	Apple, Inc.
F898B9	HUAWEI TECHNOLOGIES CO.,LTD
F40E22	Samsung Electronics Co.,Ltd
C01173	Samsung Electronics Co.,Ltd
BCE63F	Samsung Electronics Co.,Ltd
7C9122	Samsung Electronics Co.,Ltd
ACBC32	Apple, Inc.
544E90	Apple, Inc.
2827BF	Samsung Electronics Co.,Ltd
300C23	zte corporation
F4B8A7	zte corporation
44F436	zte corporation
FCE33C	HUAWEI TECHNOLOGIES CO.,LTD
1CB72C	ASUSTek COMPUTER INC.
8CBFA6	Samsung Electronics Co.,Ltd
086266	ASUSTek COMPUTER INC.
BC1485	Samsung Electronics Co.,Ltd
A48CDB	Lenovo
C8A823	Samsung Electronics Co.,Ltd
B0C559	Samsung Electronics Co.,Ltd
78312B	zte corporation
344DEA	zte corporation
4C16F1	zte corporation
EC1D7F	zte corporation
AC3870	Lenovo Mobile Communication Technology Ltd.
3C46D8	TP-LINK TECHNOLOGIES CO.,LTD.
147590	TP-LINK TECHNOLOGIES CO.,LTD.
50BD5F	TP-LINK TECHNOLOGIES CO.,LTD.
083D88	Samsung Electronics Co.,Ltd
4C83DE	Cisco SPVTG
84850A	Hella Sonnen- und Wetterschutztechnik GmbH
109266	Samsung Electronics Co.,Ltd
608F5C	Samsung Electronics Co.,Ltd
40167E	ASUSTek COMPUTER INC.
A47E39	zte corporation
D0C7C0	TP-LINK TECHNOLOGIES CO.,LTD.
28C825	DellKing Industrial Co., Ltd
083F76	Intellian Technologies, Inc.
0C1262	zte corporation
783D5B	TELNET Redes Inteligentes S.A.
986CF5	zte corporation
4CCBF5	zte corporation
68EE96	Cisco SPVTG
78E8B6	zte corporation
148692	TP-LINK TECHNOLOGIES CO.,LTD.
A8154D	TP-LINK TECHNOLOGIES CO.,LTD.
F084C9	zte corporation
D4016D	TP-LINK TECHNOLOGIES CO.,LTD.
0C8268	TP-LINK TECHNOLOGIES CO.,LTD.
745F00	Samsung Semiconductor Inc.
E0C3F3	zte corporation
80CF41	Lenovo Mobile Communication Technology Ltd.
180CAC	CANON INC.
F46DE2	zte corporation
141BF0	Intellimedia Systems Ltd
503955	Cisco SPVTG
0CD996	Cisco Systems, Inc
10BD18	Cisco Systems, Inc
D867D9	Cisco Systems, Inc
A44C11	Cisco Systems, Inc
2C36F8	Cisco Systems, Inc
C8F9F9	Cisco Systems, Inc
A45630	Cisco Systems, Inc
28940F	Cisco Systems, Inc
0C8525	Cisco Systems, Inc
20AA4B	Cisco-Linksys, LLC
FC8FC4	Intelligent Technology Inc.
2C9EFC	CANON INC.
64D989	Cisco Systems, Inc
203706	Cisco Systems, Inc
E8BA70	Cisco Systems, Inc
B8BEBF	Cisco Systems, Inc
1CAA07	Cisco Systems, Inc
44E4D9	Cisco Systems, Inc
C0626B	Cisco Systems, Inc
04C5A4	Cisco Systems, Inc
503DE5	Cisco Systems, Inc
8CB64F	Cisco Systems, Inc
B41489	Cisco Systems, Inc
6C504D	Cisco Systems, Inc
1CDF0F	Cisco Systems, Inc
68BDAB	Cisco Systems, Inc
E061B2	HANGZHOU ZENOINTEL TECHNOLOGY CO., LTD
DC7B94	Cisco Systems, Inc
D0D0FD	Cisco Systems, Inc
7866AE	ZTEC Instruments, Inc.
98FC11	Cisco-Linksys, LLC
2893FE	Cisco Systems, Inc
687F74	Cisco-Linksys, LLC
C83A35	Tenda Technology Co., Ltd.
002699	Cisco Systems, Inc
0026CB	Cisco Systems, Inc
0025B5	Cisco Systems, Inc
0024F7	Cisco Systems, Inc
002450	Cisco Systems, Inc
002451	Cisco Systems, Inc
002447	Kaztek Systems
002414	Cisco Systems, Inc
0023EA	Cisco Systems, Inc
00235E	Cisco Systems, Inc
002333	Cisco Systems, Inc
0022BD	Cisco Systems, Inc
002305	Cisco Systems, Inc
00220D	Cisco Systems, Inc
0021A0	Cisco Systems, Inc
00211B	Cisco Systems, Inc
001FCA	Cisco Systems, Inc
001F07	AZTEQ Mobile
001EF6	Cisco Systems, Inc
001EBE	Cisco Systems, Inc
001EBD	Cisco Systems, Inc
001E4A	Cisco Systems, Inc
001E79	Cisco Systems, Inc
001DA2	Cisco Systems, Inc
001E13	Cisco Systems, Inc
001D46	Cisco Systems, Inc
001CF9	Cisco Systems, Inc
001C58	Cisco Systems, Inc
001C0E	Cisco Systems, Inc
001BF9	Intellitect Water Ltd
001BD4	Cisco Systems, Inc
001B54	Cisco Systems, Inc
001A6D	Cisco Systems, Inc
001A6C	Cisco Systems, Inc
0019B4	Intellio Ltd
001A30	Cisco Systems, Inc
0018B9	Cisco Systems, Inc
00192F	Cisco Systems, Inc
001907	Cisco Systems, Inc
001874	Cisco Systems, Inc
001819	Cisco Systems, Inc
001795	Cisco Systems, Inc
001759	Cisco Systems, Inc
00170F	Cisco Systems, Inc
0015FA	Cisco Systems, Inc
0015C6	Cisco Systems, Inc
001562	Cisco Systems, Inc
0014F2	Cisco Systems, Inc
0014A8	Cisco Systems, Inc
00141C	Cisco Systems, Inc
0013C4	Cisco Systems, Inc
0013B1	Intelligent Control Systems (Asia) Pte Ltd
00137F	Cisco Systems, Inc
0011BC	Cisco Systems, Inc
000DED	Cisco Systems, Inc
000DBC	Cisco Systems, Inc
000BFD	Cisco Systems, Inc
000BBE	Cisco Systems, Inc
000B85	Cisco Systems, Inc
0009E8	Cisco Systems, Inc
0009E9	Cisco Systems, Inc
000943	Cisco Systems, Inc
00087D	Cisco Systems, Inc
00087C	Cisco Systems, Inc
00074F	Cisco Systems, Inc
000628	Cisco Systems, Inc
0005FC	Schenck Pegasus Corp.
0005DD	Cisco Systems, Inc
00059B	Cisco Systems, Inc
0005DC	Cisco Systems, Inc
000500	Cisco Systems, Inc
00049A	Cisco Systems, Inc
00044D	Cisco Systems, Inc
00046D	Cisco Systems, Inc
000428	Cisco Systems, Inc
000332	Cisco Systems, Inc
00039F	Cisco Systems, Inc
00027E	Cisco Systems, Inc
000216	Cisco Systems, Inc
00024A	Cisco Systems, Inc
00012A	Telematica Sistems Inteligente
000197	Cisco Systems, Inc
0030C4	Canon Imaging Systems Inc.
00D090	Cisco Systems, Inc
00D058	Cisco Systems, Inc
00503E	Cisco Systems, Inc
00A060	ACER PERIPHERALS, INC.
008053	INTELLICOM, INC.
0080C8	D-LINK SYSTEMS, INC.
000085	CANON INC.
A4F841	Apple, Inc.
A05272	Apple, Inc.
34B1EB	Apple, Inc.
200484	Apple, Inc.
F87D3F	Huawei Device Co., Ltd.
90A57D	Huawei Device Co., Ltd.
FC51B5	HUAWEI TECHNOLOGIES CO.,LTD
DCE5D8	zte corporation
68944A	zte corporation
7433E9	zte corporation
40B70E	Huawei Device Co., Ltd.
D8D668	Tuya Smart Inc.
9CB400	zte corporation
0CD5D3	Cisco Systems, Inc
BC4C78	HUAWEI TECHNOLOGIES CO.,LTD
D45F7A	HUAWEI TECHNOLOGIES CO.,LTD
F871A6	Apple, Inc.
78A7C7	Apple, Inc.
98FEE1	Apple, Inc.
340962	Hangzhou Hikvision Digital Technology Co.,Ltd.
D0C050	Apple, Inc.
849437	Apple, Inc.
2C81BF	Apple, Inc.
2834FF	Apple, Inc.
30169D	MERCUSYS TECHNOLOGIES CO., LTD.
64FD29	Zhejiang Dahua Technology Co., Ltd.
4C4CD8	zte corporation
8C8881	Cisco Meraki
D4F32D	Intel Corporate
2C7BA0	Intel Corporate
FC8AF7	zte corporation
308ECF	HUAWEI TECHNOLOGIES CO.,LTD
D829F8	HUAWEI TECHNOLOGIES CO.,LTD
549A8F	Realme Chongqing Mobile Telecommunications Corp.,Ltd.
A8EF5F	Realme Chongqing Mobile Telecommunications Corp.,Ltd.
D03E07	Apple, Inc.
50B127	Apple, Inc.
28AF42	Samsung Electronics Co.,Ltd
5464BC	GUANGDONG OPPO MOBILE TELECOMMUNICATIONS CORP.,LTD
3C90E0	HUAWEI TECHNOLOGIES CO.,LTD
707362	HUAWEI TECHNOLOGIES CO.,LTD
30A30F	HUAWEI TECHNOLOGIES CO.,LTD
308DD4	HUAWEI TECHNOLOGIES CO.,LTD
EC314A	Chengdu Quanjing Intelligent Technology Co.,Ltd
E4379F	Cisco Systems, Inc
D4ADFC	Shenzhen Intellirocks Tech. Co. Ltd.
606BB3	zte corporation
54A7A0	HUNAN AIMAG INTELLIGENT TECHNOLOGY CO.,LTD
E8F085	HUAWEI TECHNOLOGIES CO.,LTD
3C366A	HUAWEI TECHNOLOGIES CO.,LTD
EC5AA3	Huawei Device Co., Ltd.
98876C	Huawei Device Co., Ltd.
0C8306	Huawei Device Co., Ltd.
F0ED19	zte corporation
046ECB	zte corporation
684DB6	Xiaomi Communications Co Ltd
28221E	HUAWEI TECHNOLOGIES CO.,LTD
64BAA4	zte corporation
C457CD	HUAWEI TECHNOLOGIES CO.,LTD
BCBB58	Apple, Inc.
303B7C	Apple, Inc.
00812A	Apple, Inc.
1CE209	Apple, Inc.
CC6A33	Cisco Systems, Inc
40D160	Apple, Inc.
949F8B	zte corporation
D47F35	Cisco Systems, Inc
30C6AB	zte corporation
44C532	HUAWEI TECHNOLOGIES CO.,LTD
30D4E2	HUAWEI TECHNOLOGIES CO.,LTD
484982	Huawei Device Co., Ltd.
2836F0	Huawei Device Co., Ltd.
1C13FA	Huawei Device Co., Ltd.
483584	Huawei Device Co., Ltd.
88F6DC	Huawei Device Co., Ltd.
D4955D	zte corporation
9C6697	Cisco Systems, Inc
D0E581	Apple, Inc.
940BCD	Apple, Inc.
1C3C78	Apple, Inc.
E45BB3	zte corporation
C4B1D9	HUAWEI TECHNOLOGIES CO.,LTD
707013	HUAWEI TECHNOLOGIES CO.,LTD
A4A459	Hangzhou Hikvision Digital Technology Co.,Ltd.
ECEBB8	Hewlett Packard Enterprise 
3817C3	Hewlett Packard Enterprise 
040973	Hewlett Packard Enterprise 
B88303	Hewlett Packard Enterprise 
904C81	Hewlett Packard Enterprise 
001438	Hewlett Packard Enterprise 
F40343	Hewlett Packard Enterprise 
98F2B3	Hewlett Packard Enterprise 
70106F	Hewlett Packard Enterprise 
482F6B	Hewlett Packard Enterprise
0C975F	Hewlett Packard Enterprise
343A20	Hewlett Packard Enterprise
749E75	Hewlett Packard Enterprise
548028	Hewlett Packard Enterprise 
9C8CD8	Hewlett Packard Enterprise 
08F1EA	Hewlett Packard Enterprise 
D4F5EF	Hewlett Packard Enterprise 
94B40F	Hewlett Packard Enterprise
BC9FE4	Hewlett Packard Enterprise
D015A6	Hewlett Packard Enterprise
D0D3E0	Hewlett Packard Enterprise
8C85C1	Hewlett Packard Enterprise
FC7FF1	Hewlett Packard Enterprise
00246C	Hewlett Packard Enterprise
001A1E	Hewlett Packard Enterprise
A852D4	Hewlett Packard Enterprise
946424	Hewlett Packard Enterprise
3821C7	Hewlett Packard Enterprise
54778A	Hewlett Packard Enterprise 
50E4E0	Hewlett Packard Enterprise
C4474E	Intel Corporate
08B4D2	Intel Corporate
5CB47E	Intel Corporate
38AA20	zte corporation
2CED89	HUAWEI TECHNOLOGIES CO.,LTD
800518	HUAWEI TECHNOLOGIES CO.,LTD
706AC9	zte corporation
940D4B	Cisco Systems, Inc
04E387	Cisco Systems, Inc
BC41A0	zte corporation
60F549	Apple, Inc.
10DA63	Apple, Inc.
A8BA25	Hewlett Packard Enterprise
8C08AA	Apple, Inc.
F4A310	Apple, Inc.
3C3B77	Apple, Inc.
E84A78	Apple, Inc.
D0AE05	Xiaomi Communications Co Ltd
48A170	Cisco Systems, Inc
A00E98	HUAWEI TECHNOLOGIES CO.,LTD
044BB1	Huawei Device Co., Ltd.
F0D7EE	Huawei Device Co., Ltd.
B8A25D	Motorola Mobility LLC, a Lenovo Company
F45B29	HUAWEI TECHNOLOGIES CO.,LTD
349671	HUAWEI TECHNOLOGIES CO.,LTD
2CE38E	Cisco Systems, Inc
6C1F8A	Apple, Inc.
6C3AFF	Apple, Inc.
EC97A2	Apple, Inc.
449E8B	Apple, Inc.
E0C3EA	Apple, Inc.
4C3946	Samsung Electronics Co.,Ltd
240A3F	Samsung Electronics Co.,Ltd
203B67	Samsung Electronics Co.,Ltd
2460B3	Samsung Electronics Co.,Ltd
948B93	Xiaomi Communications Co Ltd
58EA1F	Beijing Xiaomi Mobile Software Co., Ltd
743C24	HUAWEI TECHNOLOGIES CO.,LTD
B8D4C3	HUAWEI TECHNOLOGIES CO.,LTD
00A91D	HUAWEI TECHNOLOGIES CO.,LTD
E862BE	Intel Corporate
306DF9	GUANGDONG OPPO MOBILE TELECOMMUNICATIONS CORP.,LTD
80489F	Hangzhou Hikvision Digital Technology Co.,Ltd.
B4A10A	Huawei Device Co., Ltd.
F0BDEE	Huawei Device Co., Ltd.
E808AF	zte corporation
04CB01	Samsung Electronics Co.,Ltd
E47F3C	zte corporation
C4D8D4	HUAWEI TECHNOLOGIES CO.,LTD
EC1D53	HUAWEI TECHNOLOGIES CO.,LTD
706E10	HUAWEI TECHNOLOGIES CO.,LTD
B8220C	Apple, Inc.
9CA9C5	Apple, Inc.
F027A0	Apple, Inc.
840F4C	Apple, Inc.
50BA02	Qingdao Intelligent&Precise Electronics Co.,Ltd.
D020DD	GUANGDONG OPPO MOBILE TELECOMMUNICATIONS CORP.,LTD
9C61D7	HUAWEI TECHNOLOGIES CO.,LTD
E8E609	Chongqing Zhouhai  intelligent  technology CO., Ltd
984E8A	Samsung Electronics Co.,Ltd
4C01F7	Cisco Systems, Inc
3C7625	zte corporation
60B0E8	Huawei Device Co., Ltd.
B83C20	Huawei Device Co., Ltd.
B81E9E	HUAWEI TECHNOLOGIES CO.,LTD
9C9793	HUAWEI TECHNOLOGIES CO.,LTD
48D682	zte corporation
24DEEB	HUAWEI TECHNOLOGIES CO.,LTD
A4C3BE	Xiaomi Communications Co Ltd
FC4345	Xiaomi Communications Co Ltd
D45E89	Motorola Mobility LLC, a Lenovo Company
A4F921	Apple, Inc.
FCA5C8	Apple, Inc.
7CD2DA	Apple, Inc.
80AF19	Apple, Inc.
601A4F	Beijing China Electronics Intelligent Acoustics Technology Co.,Ltd
AC16DE	Intel Corporate
D0577E	Intel Corporate
D45F2C	zte corporation
FC4E6D	HUAWEI TECHNOLOGIES CO.,LTD
F4248B	HUAWEI TECHNOLOGIES CO.,LTD
44E59B	HUAWEI TECHNOLOGIES CO.,LTD
54DD4F	Samsung Electronics Co.,Ltd
74F67A	Samsung Electronics Co.,Ltd
A0562C	Samsung Electronics Co.,Ltd
0C8BA2	HUAWEI TECHNOLOGIES CO.,LTD
7C3626	HUAWEI TECHNOLOGIES CO.,LTD
A0B0BD	Samsung Electronics Co.,Ltd
D4E3C5	zte corporation
1C0B8B	Ubiquiti Inc
34F5D7	Huawei Device Co., Ltd.
DC42C8	Huawei Device Co., Ltd.
D08543	Cisco Systems, Inc
0C7DB0	Motorola Mobility LLC, a Lenovo Company
B01831	Apple, Inc.
D04D86	Apple, Inc.
F4CBE7	Apple, Inc.
5C9BA6	Apple, Inc.
38C43A	Apple, Inc.
BC071D	TP-Link Systems Inc.
BC5E91	Honor Device Co., Ltd.
5C7DAE	zte corporation
3C6AD2	TP-Link Systems Inc.
D874DF	HUAWEI TECHNOLOGIES CO.,LTD
78DAAF	HUAWEI TECHNOLOGIES CO.,LTD
BCA231	HUAWEI TECHNOLOGIES CO.,LTD
109166	Shenzhen Yinwang Intelligent Technologies Co.,Ltd.
F003BC	Cisco Systems, Inc
D45B51	Motorola Mobility LLC, a Lenovo Company
289200	Intel Corporate
0CB78E	Huawei Device Co., Ltd.
684C25	Huawei Device Co., Ltd.
D4AB61	Intel Corporate
B8F775	Intel Corporate
100D8C	Huawei Device Co., Ltd.
A82948	TP-Link Systems Inc.
E0D362	TP-Link Systems Inc.
FC931D	HUAWEI TECHNOLOGIES CO.,LTD
1C99DB	HUAWEI TECHNOLOGIES CO.,LTD
B47B1A	HUAWEI TECHNOLOGIES CO.,LTD
983C8C	Apple, Inc.
A40987	Apple, Inc.
4C9FF1	Apple, Inc.
407911	Apple, Inc.
6C41DE	HUAWEI TECHNOLOGIES CO.,LTD
8CA5CF	HUAWEI TECHNOLOGIES CO.,LTD
D41972	Hewlett Packard Enterprise
C0C7DB	Apple, Inc.
E4E33D	Qingdao Intelligent&Precise Electronics Co.,Ltd.
080FE5	Cisco Systems, Inc
FCE1A6	HUAWEI TECHNOLOGIES CO.,LTD
0C07F3	HUAWEI TECHNOLOGIES CO.,LTD
98247B	HUAWEI TECHNOLOGIES CO.,LTD
588336	HUAWEI TECHNOLOGIES CO.,LTD
FC6D77	Intel Corporate
E0E258	Intel Corporate
381868	Intel Corporate
78C1AE	Hangzhou Ezviz Software Co.,Ltd.
887ABC	Cisco Systems, Inc
7CB353	Cisco Systems, Inc
B4394C	HUAWEI TECHNOLOGIES CO.,LTD
9CAA5D	GUANGDONG OPPO MOBILE TELECOMMUNICATIONS CORP.,LTD
C0DA5E	Huawei Device Co., Ltd.
98886C	Huawei Device Co., Ltd.
80647C	Tuya Smart Inc.
C8A1DC	Motorola Mobility LLC, a Lenovo Company
2427E5	Huawei Device Co., Ltd.
E00DEE	Huawei Device Co., Ltd.
0CB5B3	Huawei Device Co., Ltd.
E4FAC4	TP-Link Systems Inc
14EBB6	TP-Link Systems Inc
54AF97	TP-Link Systems Inc
B01921	TP-Link Systems Inc
5091E3	TP-Link Systems Inc
B4B024	TP-Link Systems Inc
2887BA	TP-Link Systems Inc
3460F9	TP-Link Systems Inc
9C5322	TP-Link Systems Inc
482254	TP-Link Systems Inc
3C52A1	TP-Link Systems Inc
1027F5	TP-Link Systems Inc
5CA6E6	TP-Link Systems Inc
3C64CF	TP-Link Systems Inc
40AE30	TP-Link Systems Inc
E879A3	Cisco Systems, Inc
E02A66	Cisco Systems, Inc
F4FC49	zte corporation
0455B8	HUAWEI TECHNOLOGIES CO.,LTD
D893D4	Xiaomi Communications Co Ltd
80542D	Samsung Electronics Co.,Ltd
24A452	Samsung Electronics Co.,Ltd
5CDC49	Samsung Electronics Co.,Ltd
1052BD	HUAWEI TECHNOLOGIES CO.,LTD
B81D1F	HUAWEI TECHNOLOGIES CO.,LTD
3C3464	Apple, Inc.
88D546	Apple, Inc.
2CDF68	Apple, Inc.
046761	Beijing Xiaomi Mobile Software Co., Ltd
D89A0D	zte corporation
B47CA6	zte corporation
683A1E	Cisco Meraki
F89E28	Cisco Meraki
388479	Cisco Meraki
E0CBBC	Cisco Meraki
08B3D6	Huawei Device Co., Ltd.
782B60	Huawei Device Co., Ltd.
70B51A	Huawei Device Co., Ltd.
FC79DD	Huawei Device Co., Ltd.
5872C9	zte corporation
38E563	GUANGDONG OPPO MOBILE TELECOMMUNICATIONS CORP.,LTD
30C599	ASUSTek COMPUTER INC.
30FEFA	Cisco Systems, Inc
6C4FA1	Cisco Systems, Inc
409595	TP-Link Systems Inc.
48CA68	Apple, Inc.
747786	Apple, Inc.
A8C407	HUAWEI TECHNOLOGIES CO.,LTD
508D62	HUAWEI TECHNOLOGIES CO.,LTD
DC121D	HUAWEI TECHNOLOGIES CO.,LTD
40EB21	HUAWEI TECHNOLOGIES CO.,LTD
C07415	IntelPro Inc.
BCD22C	Intel Corporate
5478F0	zte corporation
74F441	Samsung Electronics Co.,Ltd
E03AAA	Intel Corporate
E489CA	Cisco Systems, Inc
14BC68	Cisco Systems, Inc
08D945	HUAWEI TECHNOLOGIES CO.,LTD
AC84FA	Zhejiang Weilai Jingling Artificial Intelligence Technology Co., Ltd.
642E41	HUAWEI TECHNOLOGIES CO.,LTD
B8D82D	Qingdao Intelligent&Precise Electronics Co.,Ltd.
84A1B7	Honor Device Co., Ltd.
DCA281	Honor Device Co., Ltd.
9CC394	Apple, Inc.
4CAD35	Apple, Inc.
E02611	Apple, Inc.
D4A254	HUAWEI TECHNOLOGIES CO.,LTD
EC8152	HUAWEI TECHNOLOGIES CO.,LTD
78119D	Cisco Systems, Inc
588FCF	Hangzhou Ezviz Software Co.,Ltd.
78A6A0	Hangzhou Ezviz Software Co.,Ltd.
54D60D	Hangzhou Ezviz Software Co.,Ltd.
18B0A4	zte corporation
C4168F	Apple, Inc.
F82AE2	Apple, Inc.
845C31	Dell Inc.
E0CDB8	Huawei Device Co., Ltd.
B4E5C5	Huawei Device Co., Ltd.
087C43	Huawei Device Co., Ltd.
70E997	HUAWEI TECHNOLOGIES CO.,LTD
0816E3	HUAWEI TECHNOLOGIES CO.,LTD
24D53B	Motorola Mobility LLC, a Lenovo Company
C834E5	Cisco Systems, Inc
50926A	Beijing Xiaomi Mobile Software Co., Ltd
983FA4	zte corporation
806132	Cisco Systems, Inc
543631	Intel Corporate
849265	Intel Corporate
90B021	Intel Corporate
9453FF	Intel Corporate
E0C932	Intel Corporate
A43FA7	Hewlett Packard Enterprise
74FA29	Ubiquiti Inc
54C1D3	Guangzhou TR Intelligent Manufacturing Technology Co., Ltd
E0A366	Motorola Mobility LLC, a Lenovo Company
809FE4	SHEN ZHEN TENDA TECHNOLOGY CO.,LTD
E41B43	Beijing Xiaomi Mobile Software Co., Ltd
60A954	Cisco Systems, Inc
441A5C	Cisco Systems, Inc
F0ED51	Qingdao Intelligent&Precise Electronics Co.,Ltd.
28B67C	KEBODA Intelligent TECHNOLOGY CO., LTD.
682ADD	zte corporation
9CDF8A	HUAWEI TECHNOLOGIES CO.,LTD
FCA27E	HUAWEI TECHNOLOGIES CO.,LTD
945AEA	HUAWEI TECHNOLOGIES CO.,LTD
748DAA	HUAWEI TECHNOLOGIES CO.,LTD
009235	Apple, Inc.
F02FBA	Apple, Inc.
7414D0	Apple, Inc.
3CFB02	Apple, Inc.
9035A2	Apple, Inc.
04B5B2	Apple, Inc.
F478AC	Apple, Inc.
545618	Huawei Device Co., Ltd.
38EC07	Motorola Mobility LLC, a Lenovo Company
5C5136	Samsung Electronics Co.,Ltd
B43836	HUAWEI TECHNOLOGIES CO.,LTD
B042B7	HUAWEI TECHNOLOGIES CO.,LTD
800D3F	Samsung Electronics Co.,Ltd
BC277A	Samsung Electronics Co.,Ltd
80E63C	Xiaomi Communications Co Ltd
9051F8	Hewlett Packard Enterprise
7C8767	Cisco Systems, Inc
141923	Cisco Systems, Inc
C4491B	Apple, Inc.
804715	Apple, Inc.
7CD1AD	Apple, Inc.
30A033	Apple, Inc.
60470A	Shenzhen Zenith Intelligent Technology Co., Ltd.
8C22D2	Hangzhou Hikvision Digital Technology Co.,Ltd.
209BDD	HUAWEI TECHNOLOGIES CO.,LTD
3C65D1	HUAWEI TECHNOLOGIES CO.,LTD
F80C9A	GUANGDONG OPPO MOBILE TELECOMMUNICATIONS CORP.,LTD
541FCD	GUANGDONG OPPO MOBILE TELECOMMUNICATIONS CORP.,LTD
F4A157	Huawei Device Co., Ltd.
A8724D	Intel Corporate
6457BA	Intel Corporate
B8CC38	Shenzhen Yinwang Intelligent Technologies Co., Ltd.
343DA9	HUAWEI TECHNOLOGIES CO.,LTD
C47BE3	HUAWEI TECHNOLOGIES CO.,LTD
A8CA87	ZHEJIANG DAHUA ZHILIAN CO.,LTD
D489C1	Ubiquiti Inc
F00C51	zte corporation
847CEE	Cisco Systems, Inc
C03A55	TP-Link Systems Inc.
A85F61	Apple, Inc.
C4F445	Apple, Inc.
5856AA	Apple, Inc.
F8CB15	Apple, Inc.
7845DC	HUAWEI TECHNOLOGIES CO.,LTD
10490E	HUAWEI TECHNOLOGIES CO.,LTD
D4CE40	Apple, Inc.
887015	Apple, Inc.
F0D018	Hewlett Packard Enterprise
D862CA	Cisco Systems, Inc
447831	HUAWEI TECHNOLOGIES CO.,LTD
F41AF7	zte corporation
DC9DED	Samsung Electronics Co.,Ltd
301C22	Hewlett Packard Enterprise
FCCA10	MERCUSYS TECHNOLOGIES CO., LTD.
34C232	Samsung Electronics Co.,Ltd
9CF27E	Samsung Electronics Co.,Ltd
F0A4EA	Huawei Device Co., Ltd.
A8F07C	Huawei Device Co., Ltd.
BCB30E	Cisco Systems, Inc
ECB931	TP-Link Systems Inc.
D4D6DF	TP-Link Systems Inc.
38FF59	Dell Inc.
743CDE	Hewlett Packard Enterprise
400EB9	HUAWEI TECHNOLOGIES CO.,LTD
08DD82	HUAWEI TECHNOLOGIES CO.,LTD
9C09CA	Huawei Device Co., Ltd.
5C8505	Huawei Device Co., Ltd.
A829DC	TP-Link Systems Inc.
289104	TP-Link Systems Inc.
580FA5	Apple, Inc.
40B570	Hangzhou Hikvision Digital Technology Co.,Ltd.
B49A7D	GUANGDONG OPPO MOBILE TELECOMMUNICATIONS CORP.,LTD
480A28	Apple, Inc.
BC89C1	Apple, Inc.
7062CB	Apple, Inc.
A04E8D	Cisco Meraki
4CE4B6	Motorola Mobility LLC, a Lenovo Company
80AE54	TP-LINK TECHNOLOGIES CO.,LTD.
78605B	TP-LINK TECHNOLOGIES CO.,LTD.
04F9F8	TP-LINK TECHNOLOGIES CO.,LTD.
480EEC	TP-LINK TECHNOLOGIES CO.,LTD.
503EAA	TP-LINK TECHNOLOGIES CO.,LTD.
F46D2F	TP-LINK TECHNOLOGIES CO.,LTD.
18F22C	TP-LINK TECHNOLOGIES CO.,LTD.
9897CC	TP-LINK TECHNOLOGIES CO.,LTD.
18A6F7	TP-LINK TECHNOLOGIES CO.,LTD.
ACE4D8	Xiaomi Communications Co Ltd
B09575	TP-LINK TECHNOLOGIES CO.,LTD.
F040D9	Apple, Inc.
20521D	Apple, Inc.
D85437	HUAWEI TECHNOLOGIES CO.,LTD
F453E4	HUAWEI TECHNOLOGIES CO.,LTD
F425FE	HUAWEI TECHNOLOGIES CO.,LTD
C03E75	HUAWEI TECHNOLOGIES CO.,LTD
406768	Huawei Device Co., Ltd.
9074F2	HUAWEI TECHNOLOGIES CO.,LTD
E4C0FE	Apple, Inc.
4835AB	Apple, Inc.
FC9DD2	Apple, Inc.
20AB53	Motorola Mobility LLC, a Lenovo Company
74BC6B	Intel Corporate
E443CF	TP-Link Systems Inc.
147649	Hewlett Packard Enterprise
34A8A0	HUAWEI TECHNOLOGIES CO.,LTD
140338	HUAWEI TECHNOLOGIES CO.,LTD
B4D1F6	HUAWEI TECHNOLOGIES CO.,LTD
B80C68	Honor Device Co., Ltd.
9482B2	GL Intelligence
681C52	Cisco Systems, Inc
804DCB	Huawei Device Co., Ltd.
8CA2F5	Huawei Device Co., Ltd.
44E213	Beijing Xiaomi Mobile Software Co., Ltd
44579F	Beijing Xiaomi Mobile Software Co., Ltd
FCE5F0	Samsung Electronics Co.,Ltd
489A58	Samsung Electronics Co.,Ltd
542369	HUAWEI TECHNOLOGIES CO.,LTD
64876C	HUAWEI TECHNOLOGIES CO.,LTD
DCBBFA	Cisco Meraki
4870D4	Cisco Meraki
FCC766	Huawei Device Co., Ltd.
58ABFB	Huawei Device Co., Ltd.
50DDAB	Samsung Electronics Co.,Ltd
30DE52	Samsung Electronics Co.,Ltd
740C2E	Cisco Systems, Inc
406792	Cisco Systems, Inc
DC5D89	Cisco Systems, Inc
6C0699	Beijing Xiaomi Mobile Software Co., Ltd
FC07CD	Realme Chongqing Mobile Telecommunications Corp.,Ltd.
20FF0C	HUAWEI TECHNOLOGIES CO.,LTD
78C05A	TP-Link Systems Inc.
60BBEB	HUAWEI TECHNOLOGIES CO.,LTD
882C31	Apple, Inc.
208C0A	Apple, Inc.
BC1827	Apple, Inc.
E4013B	Apple, Inc.
5851A3	Apple, Inc.
8467E8	Huawei Device Co., Ltd.
F0210E	Huawei Device Co., Ltd.
E85CC1	Qingdao Intelligent&Precise Electronics Co.,Ltd.
400999	Cisco Systems, Inc
C02897	Cisco Systems, Inc
E04123	Huawei Device Co., Ltd.
E84A54	Beijing Xiaomi Mobile Software Co., Ltd
3050CE	Xiaomi Communications Co Ltd
B405A1	Xiaomi Communications Co Ltd
F8C650	Cisco Systems, Inc
648505	zte corporation
E4604D	zte corporation
F4E84F	zte corporation
00F952	HUAWEI TECHNOLOGIES CO.,LTD
2C15D9	HUAWEI TECHNOLOGIES CO.,LTD
D4A923	HUAWEI TECHNOLOGIES CO.,LTD
C89F0C	Motorola Mobility LLC, a Lenovo Company
28E6A9	Samsung Electronics Co.,Ltd
483543	GUANGDONG OPPO MOBILE TELECOMMUNICATIONS CORP.,LTD
4C5F70	Intel Corporate
60B9C0	Cisco Systems, Inc
8C9461	Cisco Systems, Inc
DC6555	New H3C Intelligence Terminal Co., Ltd.
9C3928	Samsung Electronics Co.,Ltd
BC0EAB	Samsung Electronics Co.,Ltd
98FB27	Samsung Electronics Co.,Ltd
CCECB7	ShenZhen Linked-Z Intelligent Display Co., Ltd
14CA56	zte corporation
886C60	Xiaomi Communications Co Ltd
E0DF13	Hangzhou Hikvision Digital Technology Co.,Ltd.
C8A6EF	Samsung Electronics Co.,Ltd
687909	Cisco Systems, Inc
E4A41C	Cisco Systems, Inc
389CB2	Apple, Inc.
583653	Apple, Inc.
84D328	Apple, Inc.
3CC03E	HUAWEI TECHNOLOGIES CO.,LTD
BC5C17	Qingdao Intelligent&Precise Electronics Co.,Ltd.
08BFB8	ASUSTek COMPUTER INC.
4CC64C	Beijing Xiaomi Mobile Software Co., Ltd
70D8C2	Intel Corporate
3447D4	Chengdu Quanjing Intelligent Technology Co.,Ltd
38F6CF	zte corporation
DCD26A	Hangzhou Hikvision Digital Technology Co.,Ltd.
F8C4AE	GUANGDONG OPPO MOBILE TELECOMMUNICATIONS CORP.,LTD
34F043	Samsung Electronics Co.,Ltd
4C66A6	Samsung Electronics Co.,Ltd
5843AB	GUANGDONG OPPO MOBILE TELECOMMUNICATIONS CORP.,LTD
58569F	Cisco Systems, Inc
50E538	Hangzhou Hikvision Digital Technology Co.,Ltd.
FC48C9	Yobiiq Intelligence B.V.
C01754	Apple, Inc.
BC3340	Cisco Meraki
AC1A3D	Dell Inc.
88684B	GUANGDONG OPPO MOBILE TELECOMMUNICATIONS CORP.,LTD
648F3E	Cisco Systems, Inc
CCB6C8	Cisco Systems, Inc
18FB7B	Dell Inc.
1C4024	Dell Inc.
141877	Dell Inc.
E0DB55	Dell Inc.
F04DA2	Dell Inc.
842B2B	Dell Inc.
246E96	Dell Inc.
00065B	Dell Inc.
B8AC6F	Dell Inc.
00219B	Dell Inc.
002170	Dell Inc.
001EC9	Dell Inc.
34E6D7	Dell Inc.
74E6E2	Dell Inc.
24B6FD	Dell Inc.
000F1F	Dell Inc.
149ECF	Dell Inc.
484D7E	Dell Inc.
6CD6E3	Cisco Systems, Inc
D4AE52	Dell Inc.
F8B156	Dell Inc.
CC96E5	Dell Inc.
ECED73	Motorola Mobility LLC, a Lenovo Company
78AC44	Dell Inc.
C03EBA	Dell Inc.
747827	Dell Inc.
B07B25	Dell Inc.
B88584	Dell Inc.
E4B97A	Dell Inc.
684F64	Dell Inc.
D8D090	Dell Inc.
1C721D	Dell Inc.
0C29EF	Dell Inc.
A02919	Dell Inc.
588A5A	Dell Inc.
ECC018	Cisco Systems, Inc
748FC2	Cisco Systems, Inc
30E1F1	Intelbras
1012D0	zte corporation
44A3C7	zte corporation
D8B249	Huawei Device Co., Ltd.
C49D08	Huawei Device Co., Ltd.
A0FF0C	Hangzhou Hikvision Digital Technology Co.,Ltd.
085411	Hangzhou Hikvision Digital Technology Co.,Ltd.
743FC2	Hangzhou Hikvision Digital Technology Co.,Ltd.
A4D5C2	Hangzhou Hikvision Digital Technology Co.,Ltd.
C42F90	Hangzhou Hikvision Digital Technology Co.,Ltd.
54C415	Hangzhou Hikvision Digital Technology Co.,Ltd.
B4A382	Hangzhou Hikvision Digital Technology Co.,Ltd.
686DBC	Hangzhou Hikvision Digital Technology Co.,Ltd.
08A189	Hangzhou Hikvision Digital Technology Co.,Ltd.
44A642	Hangzhou Hikvision Digital Technology Co.,Ltd.
5C4DBF	zte corporation
BCC427	HUAWEI TECHNOLOGIES CO.,LTD
00156D	Ubiquiti Inc
002722	Ubiquiti Inc
DC9FDB	Ubiquiti Inc
18E829	Ubiquiti Inc
74ACB9	Ubiquiti Inc
F492BF	Ubiquiti Inc
68D79A	Ubiquiti Inc
1C2AB0	Beijing Xiaomi Electronics Co.,Ltd
9817F1	zte corporation
08E6C9	Business-intelligence of Oriental Nations Corporation Ltd.
844693	Beijing Xiaomi Mobile Software Co., Ltd
44DF65	Beijing Xiaomi Mobile Software Co., Ltd
5C1648	GUANGDONG OPPO MOBILE TELECOMMUNICATIONS CORP.,LTD
CC4210	Xiaomi Communications Co Ltd
F0D31F	Apple, Inc.
B4AEC1	Apple, Inc.
5432C7	Apple, Inc.
D853BC	Lenovo Information Products (Shenzhen)Co.,Ltd
98F9CC	Zhejiang Dahua Technology Co., Ltd.
3868A4	Samsung Electronics Co.,Ltd
AC1E92	Samsung Electronics Co.,Ltd
A416C0	Apple, Inc.
DC45B8	Apple, Inc.
90ECEA	Apple, Inc.
10B588	Apple, Inc.
380FAD	HUAWEI TECHNOLOGIES CO.,LTD
DCC2C9	CANON INC.
4829D6	GUANGDONG OPPO MOBILE TELECOMMUNICATIONS CORP.,LTD
E462C4	Cisco Systems, Inc
A88055	Tuya Smart Inc.
508BB9	Tuya Smart Inc.
6CACC2	Samsung Electronics Co.,Ltd
BCF730	Samsung Electronics Co.,Ltd
C4DB04	HUAWEI TECHNOLOGIES CO.,LTD
947D77	HUAWEI TECHNOLOGIES CO.,LTD
60D039	Apple, Inc.
C4C17D	Apple, Inc.
686372	Huawei Device Co., Ltd.
A0C20D	Huawei Device Co., Ltd.
4C889E	Huawei Device Co., Ltd.
BC9307	Samsung Electronics Co.,Ltd
001B8F	Cisco Systems, Inc
98ACEF	Realme Chongqing Mobile Telecommunications Corp.,Ltd.
E0BDA0	Apple, Inc.
5873D8	Apple, Inc.
F4E8C7	Apple, Inc.
148509	Apple, Inc.
24D79C	Cisco Systems, Inc
00841E	Cisco Meraki
500B26	HUAWEI TECHNOLOGIES CO.,LTD
504172	HUAWEI TECHNOLOGIES CO.,LTD
443262	zte corporation
0CAF31	Cisco Systems, Inc
CCB7C4	HUAWEI TECHNOLOGIES CO.,LTD
5014C1	HUAWEI TECHNOLOGIES CO.,LTD
60A2C6	HUAWEI TECHNOLOGIES CO.,LTD
18FAB7	Apple, Inc.
7022FE	Apple, Inc.
881E5A	Apple, Inc.
00C585	Apple, Inc.
A87CF8	Apple, Inc.
78D840	Xiaomi Communications Co Ltd
84DBA4	Huawei Device Co., Ltd.
245CC5	Huawei Device Co., Ltd.
5CAC3D	Samsung Electronics Co.,Ltd
CCE686	Samsung Electronics Co.,Ltd
74190A	Samsung Electronics Co.,Ltd
10A829	Cisco Systems, Inc
E46017	Intel Corporate
30F6EF	Intel Corporate
586D67	Intel Corporate
CC79D7	Cisco Systems, Inc
E4387E	Cisco Systems, Inc
68F543	HUAWEI TECHNOLOGIES CO.,LTD
301ABA	GUANGDONG OPPO MOBILE TELECOMMUNICATIONS CORP.,LTD
F85B6E	Samsung Electronics Co.,Ltd
68275F	zte corporation
4441F0	zte corporation
A47952	Huawei Device Co., Ltd.
B87CD0	Huawei Device Co., Ltd.
D07E01	Huawei Device Co., Ltd.
F87907	Huawei Device Co., Ltd.
68871C	Motorola Mobility LLC, a Lenovo Company
1449D4	Xiaomi Communications Co Ltd
F87D76	Apple, Inc.
2C7600	Apple, Inc.
8C6A3B	Samsung Electronics Co.,Ltd
241153	Samsung Electronics Co.,Ltd
889CAD	Cisco Systems, Inc
ECE61D	Huawei Device Co., Ltd.
4C63AD	Huawei Device Co., Ltd.
DCDB27	Huawei Device Co., Ltd.
506391	HUAWEI TECHNOLOGIES CO.,LTD
E8A34E	HUAWEI TECHNOLOGIES CO.,LTD
041892	HUAWEI TECHNOLOGIES CO.,LTD
14656A	HUAWEI TECHNOLOGIES CO.,LTD
6CB7E2	HUAWEI TECHNOLOGIES CO.,LTD
C475EA	HUAWEI TECHNOLOGIES CO.,LTD
9025F2	HUAWEI TECHNOLOGIES CO.,LTD
ACBCB5	Apple, Inc.
082573	Apple, Inc.
AC007A	Apple, Inc.
F01FC7	Apple, Inc.
88200D	Apple, Inc.
B88F27	Realme Chongqing Mobile Telecommunications Corp.,Ltd.
F46D3F	Intel Corporate
DC0539	Cisco Systems, Inc
F4227A	Guangdong Seneasy Intelligent Technology Co., Ltd.
6C60D0	Huawei Device Co., Ltd.
A475B9	Samsung Electronics Co.,Ltd
80549C	Samsung Electronics Co.,Ltd
1CF8D0	Samsung Electronics Co.,Ltd
94D331	Xiaomi Communications Co Ltd
D4430E	Zhejiang Dahua Technology Co., Ltd.
F85E0B	Realme Chongqing Mobile Telecommunications Corp.,Ltd.
90F970	HUAWEI TECHNOLOGIES CO.,LTD
04CAED	HUAWEI TECHNOLOGIES CO.,LTD
448816	Cisco Systems, Inc
E8AC23	HUAWEI TECHNOLOGIES CO.,LTD
68D927	HUAWEI TECHNOLOGIES CO.,LTD
B8F0B9	zte corporation
18BB1C	Huawei Device Co., Ltd.
70A983	Cisco Systems, Inc
BCFAEB	Cisco Systems, Inc
D88863	HUAWEI TECHNOLOGIES CO.,LTD
C03E50	HUAWEI TECHNOLOGIES CO.,LTD
806036	HUAWEI TECHNOLOGIES CO.,LTD
24CF24	Beijing Xiaomi Mobile Software Co., Ltd
F06C5D	Xiaomi Communications Co Ltd
0C7BC8	Cisco Meraki
1C0D7D	Apple, Inc.
14F287	Apple, Inc.
585595	Apple, Inc.
14946C	Apple, Inc.
B06E72	Realme Chongqing Mobile Telecommunications Corp.,Ltd.
5CA4F4	zte corporation
246C60	Huawei Device Co., Ltd.
88FC5D	Cisco Systems, Inc
F4C88A	Intel Corporate
303EA7	Intel Corporate
50284A	Intel Corporate
08EBF6	HUAWEI TECHNOLOGIES CO.,LTD
F84E58	Samsung Electronics Co.,Ltd
B47064	Samsung Electronics Co.,Ltd
4C2E5E	Samsung Electronics Co.,Ltd
645DF4	Samsung Electronics Co.,Ltd
DCA956	GUANGDONG OPPO MOBILE TELECOMMUNICATIONS CORP.,LTD
78AF08	Intel Corporate
A0092E	zte corporation
4827C5	HUAWEI TECHNOLOGIES CO.,LTD
BCD206	HUAWEI TECHNOLOGIES CO.,LTD
14755B	Intel Corporate
2CF295	Huawei Device Co., Ltd.
BC6193	Xiaomi Communications Co Ltd
F8E57E	Cisco Systems, Inc
68FCCA	Samsung Electronics Co.,Ltd
AC77B9	Nanjing Yufei Intelligent Control Technology Co.,LTD
A85BB7	Apple, Inc.
8C17B6	Huawei Device Co., Ltd.
B82B68	Huawei Device Co., Ltd.
0010E6	APPLIED INTELLIGENT SYSTEMS, INC.
482E72	Cisco Systems, Inc
E04102	zte corporation
D84008	HUAWEI TECHNOLOGIES CO.,LTD
6C047A	HUAWEI TECHNOLOGIES CO.,LTD
6C558D	HUAWEI TECHNOLOGIES CO.,LTD
A42A95	D-Link International
74EF4B	GUANGDONG OPPO MOBILE TELECOMMUNICATIONS CORP.,LTD
448C00	Realme Chongqing Mobile Telecommunications Corp.,Ltd.
3C8B7F	Cisco Systems, Inc
C0F87F	Cisco Systems, Inc
F4F647	zte corporation
E88175	zte corporation
1C7125	Apple, Inc.
34FE77	Apple, Inc.
6CE5C9	Apple, Inc.
04FF08	Huawei Device Co., Ltd.
00A45F	Huawei Device Co., Ltd.
FCE26C	Apple, Inc.
4C7975	Apple, Inc.
78F238	Samsung Electronics Co.,Ltd
64D0D6	Samsung Electronics Co.,Ltd
78EB46	HUAWEI TECHNOLOGIES CO.,LTD
C416C8	HUAWEI TECHNOLOGIES CO.,LTD
E4DCCC	HUAWEI TECHNOLOGIES CO.,LTD
3CA161	HUAWEI TECHNOLOGIES CO.,LTD
3083D2	Motorola Mobility LLC, a Lenovo Company
047975	Honor Device Co., Ltd.
9C0567	Honor Device Co., Ltd.
B08B92	zte corporation
789FAA	Huawei Device Co., Ltd.
C85CCC	Beijing Xiaomi Mobile Software Co., Ltd
C48BA3	Cisco Meraki
E09D13	Samsung Electronics Co.,Ltd
A00F37	Cisco Systems, Inc
4C445B	Intel Corporate
BC6EE2	Intel Corporate
C08B05	HUAWEI TECHNOLOGIES CO.,LTD
046865	Apple, Inc.
DC5392	Apple, Inc.
1CB3C9	Apple, Inc.
FCAA81	Apple, Inc.
609316	Apple, Inc.
646D2F	Apple, Inc.
387A0E	Intel Corporate
042084	zte corporation
B45F84	zte corporation
00DF1D	Cisco Systems, Inc
C06B55	Motorola Mobility LLC, a Lenovo Company
DC84E9	Shenzhen Qihoo Intelligent Technology Co.,Ltd
080205	HUAWEI TECHNOLOGIES CO.,LTD
6C3C7C	CANON INC.
304F00	GUANGDONG OPPO MOBILE TELECOMMUNICATIONS CORP.,LTD
DC9166	Huawei Device Co., Ltd.
B894E7	Xiaomi Communications Co Ltd
34B98D	Xiaomi Communications Co Ltd
D876AE	HUAWEI TECHNOLOGIES CO.,LTD
0C8408	HUAWEI TECHNOLOGIES CO.,LTD
A09F7A	D-Link Middle East FZCO
E86E44	zte corporation
00E7E3	zte corporation
D81F12	Tuya Smart Inc.
F0704F	Samsung Electronics Co.,Ltd
AC6C90	Samsung Electronics Co.,Ltd
90B622	Samsung Electronics Co.,Ltd
0C02BD	Samsung Electronics Co.,Ltd
5C5230	Apple, Inc.
645A36	Apple, Inc.
6C71D2	HUAWEI TECHNOLOGIES CO.,LTD
F800A1	HUAWEI TECHNOLOGIES CO.,LTD
2032C6	Apple, Inc.
A0D05B	Samsung Electronics Co.,Ltd
B437D8	D-Link (Shanghai) Limited Corp.
9CD57D	Cisco Systems, Inc
605375	HUAWEI TECHNOLOGIES CO.,LTD
78DD33	HUAWEI TECHNOLOGIES CO.,LTD
A031DB	HUAWEI TECHNOLOGIES CO.,LTD
08E7E5	Huawei Device Co., Ltd.
A0445C	HUAWEI TECHNOLOGIES CO.,LTD
646D4E	HUAWEI TECHNOLOGIES CO.,LTD
085C1B	HUAWEI TECHNOLOGIES CO.,LTD
509A88	HUAWEI TECHNOLOGIES CO.,LTD
B83BCC	Xiaomi Communications Co Ltd
70CD0D	Intel Corporate
1856C3	Apple, Inc.
6881E0	HUAWEI TECHNOLOGIES CO.,LTD
4CD629	HUAWEI TECHNOLOGIES CO.,LTD
F0C478	HUAWEI TECHNOLOGIES CO.,LTD
D86D17	HUAWEI TECHNOLOGIES CO.,LTD
7C1AC0	HUAWEI TECHNOLOGIES CO.,LTD
44E517	Intel Corporate
AC49DB	Apple, Inc.
44F09E	Apple, Inc.
08FF44	Apple, Inc.
D0C24E	Samsung Electronics Co.,Ltd
B88D12	Apple, Inc.
88A0BE	HUAWEI TECHNOLOGIES CO.,LTD
949010	HUAWEI TECHNOLOGIES CO.,LTD
98F083	HUAWEI TECHNOLOGIES CO.,LTD
28DFEB	Intel Corporate
28FBAE	HUAWEI TECHNOLOGIES CO.,LTD
A47806	Cisco Systems, Inc
CCB5D1	Beijing Xiaomi Mobile Software Co., Ltd
508A06	Tuya Smart Inc.
C48025	Huawei Device Co., Ltd.
B8145C	Huawei Device Co., Ltd.
C89D18	Huawei Device Co., Ltd.
5414F3	Intel Corporate
18BB41	Huawei Device Co., Ltd.
7818A8	Huawei Device Co., Ltd.
807264	Huawei Device Co., Ltd.
E8F654	HUAWEI TECHNOLOGIES CO.,LTD
2087EC	HUAWEI TECHNOLOGIES CO.,LTD
086AC5	Intel Corporate
6CFE54	Intel Corporate
3C195E	Samsung Electronics Co.,Ltd
6C9466	Intel Corporate
54F6E2	HUAWEI TECHNOLOGIES CO.,LTD
A85081	HUAWEI TECHNOLOGIES CO.,LTD
A0D7A0	Huawei Device Co., Ltd.
E0DA90	HUAWEI TECHNOLOGIES CO.,LTD
A4A46B	HUAWEI TECHNOLOGIES CO.,LTD
8CD9D6	Xiaomi Communications Co Ltd
143B42	Realfit(Shenzhen) Intelligent Technology Co., Ltd
F4B1C2	Zhejiang Dahua Technology Co., Ltd.
F02F4B	Apple, Inc.
40E64B	Apple, Inc.
D47798	Cisco Systems, Inc
B4FA48	Apple, Inc.
38B3F7	Huawei Device Co., Ltd.
84E986	Huawei Device Co., Ltd.
1409B4	zte corporation
101081	zte corporation
78CFF9	Huawei Device Co., Ltd.
3CE36B	Zhejiang Dahua Technology Co., Ltd.
F0625A	Realme Chongqing Mobile Telecommunications Corp.,Ltd.
94A4F9	HUAWEI TECHNOLOGIES CO.,LTD
6C3491	HUAWEI TECHNOLOGIES CO.,LTD
E84D74	HUAWEI TECHNOLOGIES CO.,LTD
CC895E	HUAWEI TECHNOLOGIES CO.,LTD
EC63D7	Intel Corporate
5C1720	Huawei Device Co., Ltd.
605E4F	Huawei Device Co., Ltd.
1CE6AD	Huawei Device Co., Ltd.
14857F	Intel Corporate
94E23C	Intel Corporate
5856C2	HUAWEI TECHNOLOGIES CO.,LTD
A03679	HUAWEI TECHNOLOGIES CO.,LTD
B8D6F6	HUAWEI TECHNOLOGIES CO.,LTD
2C52AF	HUAWEI TECHNOLOGIES CO.,LTD
48684A	Intel Corporate
1489CB	HUAWEI TECHNOLOGIES CO.,LTD
6C2636	HUAWEI TECHNOLOGIES CO.,LTD
BCF171	Intel Corporate
84716A	Huawei Device Co., Ltd.
488C63	Huawei Device Co., Ltd.
70DDEF	Huawei Device Co., Ltd.
54A6DB	Huawei Device Co., Ltd.
149877	Apple, Inc.
88665A	Apple, Inc.
B0E5F9	Apple, Inc.
14EB08	HUAWEI TECHNOLOGIES CO.,LTD
B01656	HUAWEI TECHNOLOGIES CO.,LTD
540764	Huawei Device Co., Ltd.
DCD7A0	Huawei Device Co., Ltd.
F88F07	Samsung Electronics Co.,Ltd
8CEA48	Samsung Electronics Co.,Ltd
503DC6	Xiaomi Communications Co Ltd
08798C	HUAWEI TECHNOLOGIES CO.,LTD
5C9AA1	Huawei Device Co., Ltd.
BCF45F	zte corporation
548ABA	Cisco Systems, Inc
64A198	Huawei Device Co., Ltd.
1418C3	Intel Corporate
44AE25	Cisco Systems, Inc
BCE712	Cisco Systems, Inc
CCCC81	HUAWEI TECHNOLOGIES CO.,LTD
C0E3FB	HUAWEI TECHNOLOGIES CO.,LTD
F8A73A	Cisco Systems, Inc
B8114B	Cisco Systems, Inc
2C0786	Huawei Device Co., Ltd.
A86E4E	Huawei Device Co., Ltd.
C40B31	Apple, Inc.
5CC0A0	HUAWEI TECHNOLOGIES CO.,LTD
04F352	HUAWEI TECHNOLOGIES CO.,LTD
488B0A	Cisco Systems, Inc
185BB3	Samsung Electronics Co.,Ltd
9C5FB0	Samsung Electronics Co.,Ltd
E87F6B	Samsung Electronics Co.,Ltd
ECA1D1	HUAWEI TECHNOLOGIES CO.,LTD
A46DA4	HUAWEI TECHNOLOGIES CO.,LTD
24A487	Huawei Device Co., Ltd.
C45A86	Huawei Device Co., Ltd.
FCB69D	Zhejiang Dahua Technology Co., Ltd.
B0ECDD	HUAWEI TECHNOLOGIES CO.,LTD
E4DC43	Huawei Device Co., Ltd.
2430F8	Huawei Device Co., Ltd.
64A200	Xiaomi Communications Co Ltd
84CC63	Huawei Device Co., Ltd.
C07831	Huawei Device Co., Ltd.
C4FBAA	HUAWEI TECHNOLOGIES CO.,LTD
B0A651	Cisco Systems, Inc
0017C9	Samsung Electronics Co.,Ltd
3898E9	Huawei Device Co., Ltd.
48A516	Huawei Device Co., Ltd.
ACDCCA	HUAWEI TECHNOLOGIES CO.,LTD
B85FB0	HUAWEI TECHNOLOGIES CO.,LTD
BCA5A9	Apple, Inc.
C41688	Huawei Device Co., Ltd.
64B0E8	Huawei Device Co., Ltd.
30A998	Huawei Device Co., Ltd.
04E795	HUAWEI TECHNOLOGIES CO.,LTD
20E2A8	Apple, Inc.
A0FBC5	Apple, Inc.
007D60	Apple, Inc.
28C21F	SAMSUNG ELECTRO-MECHANICS(THAILAND)
400634	Huawei Device Co., Ltd.
C42B44	Huawei Device Co., Ltd.
F8A26D	CANON INC.
689E0B	Cisco Systems, Inc
004238	Intel Corporate
B07D64	Intel Corporate
E4246C	Zhejiang Dahua Technology Co., Ltd.
B0A460	Intel Corporate
00146A	Cisco Systems, Inc
941700	Xiaomi Communications Co Ltd
D8EF42	Huawei Device Co., Ltd.
80CC12	Huawei Device Co., Ltd.
18AA0F	Huawei Device Co., Ltd.
54D9C6	Huawei Device Co., Ltd.
308AF7	Huawei Device Co., Ltd.
64E7D8	Samsung Electronics Co.,Ltd
00E406	HUAWEI TECHNOLOGIES CO.,LTD
44227C	HUAWEI TECHNOLOGIES CO.,LTD
CCB182	HUAWEI TECHNOLOGIES CO.,LTD
083869	Hong Kong AMobile Intelligent Corp. Limited Taiwan Branch
2481C7	Huawei Device Co., Ltd.
FC862A	Huawei Device Co., Ltd.
EC753E	HUAWEI TECHNOLOGIES CO.,LTD
7C2ADB	Xiaomi Communications Co Ltd
F864B8	zte corporation
145120	Huawei Device Co., Ltd.
C0D193	Huawei Device Co., Ltd.
7804E3	Huawei Device Co., Ltd.
A43B0E	Huawei Device Co., Ltd.
1C3D2F	HUAWEI TECHNOLOGIES CO.,LTD
18AB1D	Samsung Electronics Co.,Ltd
B0761B	HUAWEI TECHNOLOGIES CO.,LTD
8C0E60	Nanjing Juplink Intelligent Technologies Co., Ltd.
340A33	D-Link International
8437D5	Samsung Electronics Co.,Ltd
3482C5	Samsung Electronics Co.,Ltd
98063C	Samsung Electronics Co.,Ltd
7C6DF8	Apple, Inc.
E87F95	Apple, Inc.
88C08B	Apple, Inc.
4C7CD9	Apple, Inc.
98F621	Xiaomi Communications Co Ltd
1413FB	HUAWEI TECHNOLOGIES CO.,LTD
C0395A	Zhejiang Dahua Technology Co., Ltd.
2064CB	GUANGDONG OPPO MOBILE TELECOMMUNICATIONS CORP.,LTD
F05501	Huawei Device Co., Ltd.
EC6CB5	zte corporation
C0B101	zte corporation
80CFA2	Huawei Device Co., Ltd.
0094EC	Huawei Device Co., Ltd.
74452D	Huawei Device Co., Ltd.
140152	Samsung Electronics Co.,Ltd
DC1BA1	Intel Corporate
EC237B	zte corporation
90173F	HUAWEI TECHNOLOGIES CO.,LTD
607ECD	HUAWEI TECHNOLOGIES CO.,LTD
BC4A56	Cisco Systems, Inc
F8AF05	Huawei Device Co., Ltd.
94E9EE	Huawei Device Co., Ltd.
64BC58	Intel Corporate
AC1203	Intel Corporate
28E34E	HUAWEI TECHNOLOGIES CO.,LTD
BC2DEF	Realme Chongqing Mobile Telecommunications Corp.,Ltd.
445CE9	Samsung Electronics Co.,Ltd
8C683A	HUAWEI TECHNOLOGIES CO.,LTD
B46E08	HUAWEI TECHNOLOGIES CO.,LTD
2864B0	Huawei Device Co., Ltd.
04F169	Huawei Device Co., Ltd.
5021EC	Huawei Device Co., Ltd.
C858C0	Intel Corporate
4CB16C	HUAWEI TECHNOLOGIES CO.,LTD
BC0963	Apple, Inc.
D84C90	Apple, Inc.
24D0DF	Apple, Inc.
6C4A85	Apple, Inc.
28F033	Apple, Inc.
9CA513	Samsung Electronics Co.,Ltd
309048	Apple, Inc.
444ADB	Apple, Inc.
8C5AC1	Huawei Device Co., Ltd.
A85AE0	Huawei Device Co., Ltd.
A4B61E	Huawei Device Co., Ltd.
C4FE5B	GUANGDONG OPPO MOBILE TELECOMMUNICATIONS CORP.,LTD
B44C3B	Zhejiang Dahua Technology Co., Ltd.
C467D1	HUAWEI TECHNOLOGIES CO.,LTD
0433C2	Intel Corporate
C8C465	HUAWEI TECHNOLOGIES CO.,LTD
1C4363	HUAWEI TECHNOLOGIES CO.,LTD
444687	Realme Chongqing MobileTelecommunications Corp Ltd
E0F442	Huawei Device Co., Ltd.
F0C42F	Huawei Device Co., Ltd.
C0B47D	Huawei Device Co., Ltd.
F4A59D	Huawei Device Co., Ltd.
A4B439	Cisco Systems, Inc
A0B439	Cisco Systems, Inc
B4A5AC	GUANGDONG OPPO MOBILE TELECOMMUNICATIONS CORP.,LTD
D4B709	zte corporation
E0CCF8	Xiaomi Communications Co Ltd
AC675D	Intel Corporate
84C5A6	Intel Corporate
5C80B6	Intel Corporate
F07807	Apple, Inc.
082CB6	Apple, Inc.
F84E73	Apple, Inc.
3CCD36	Apple, Inc.
F8E4E3	Intel Corporate
9C5F5A	GUANGDONG OPPO MOBILE TELECOMMUNICATIONS CORP.,LTD
A01C8D	HUAWEI TECHNOLOGIES CO.,LTD
F4DEAF	HUAWEI TECHNOLOGIES CO.,LTD
60123C	HUAWEI TECHNOLOGIES CO.,LTD
C0D2DD	Samsung Electronics Co.,Ltd
942DDC	Samsung Electronics Co.,Ltd
7CB37B	Qingdao Intelligent&Precise Electronics Co.,Ltd.
7C310E	Cisco Systems, Inc
484C86	Huawei Device Co., Ltd.
54F294	Huawei Device Co., Ltd.
245AB5	Samsung Electronics Co.,Ltd
7C210E	Cisco Systems, Inc
F4E5F2	HUAWEI TECHNOLOGIES CO.,LTD
541310	HUAWEI TECHNOLOGIES CO.,LTD
8CE5EF	HUAWEI TECHNOLOGIES CO.,LTD
4C710D	Cisco Systems, Inc
4C710C	Cisco Systems, Inc
E447B3	zte corporation
A4C939	GUANGDONG OPPO MOBILE TELECOMMUNICATIONS CORP.,LTD
48794D	Samsung Electronics Co.,Ltd
C0DCDA	Samsung Electronics Co.,Ltd
04B429	Samsung Electronics Co.,Ltd
74DA88	TP-LINK TECHNOLOGIES CO.,LTD.
CC32E5	TP-LINK TECHNOLOGIES CO.,LTD.
1C3BF3	TP-LINK TECHNOLOGIES CO.,LTD.
A8C252	Huawei Device Co., Ltd.
A04147	Huawei Device Co., Ltd.
1CCCD6	Xiaomi Communications Co Ltd
684AAE	HUAWEI TECHNOLOGIES CO.,LTD
60D755	HUAWEI TECHNOLOGIES CO.,LTD
1CAECB	HUAWEI TECHNOLOGIES CO.,LTD
04ED33	Intel Corporate
044A6C	HUAWEI TECHNOLOGIES CO.,LTD
38FB14	HUAWEI TECHNOLOGIES CO.,LTD
F0E4A2	HUAWEI TECHNOLOGIES CO.,LTD
7CB27D	Intel Corporate
582059	Xiaomi Communications Co Ltd
74E1B6	Apple, Inc.
24A52C	HUAWEI TECHNOLOGIES CO.,LTD
0024E9	Samsung Electronics Co.,Ltd
683B78	Cisco Systems, Inc
F40E01	Apple, Inc.
1495CE	Apple, Inc.
50DE06	Apple, Inc.
CC660A	Apple, Inc.
FC1D43	Apple, Inc.
80E82C	Hewlett Packard
D4ADBD	Cisco Systems, Inc
1CB796	HUAWEI TECHNOLOGIES CO.,LTD
3847BC	HUAWEI TECHNOLOGIES CO.,LTD
549209	HUAWEI TECHNOLOGIES CO.,LTD
745909	HUAWEI TECHNOLOGIES CO.,LTD
7C942A	HUAWEI TECHNOLOGIES CO.,LTD
E47E9A	zte corporation
5C5AC7	Cisco Systems, Inc
C8A776	HUAWEI TECHNOLOGIES CO.,LTD
A400E2	HUAWEI TECHNOLOGIES CO.,LTD
C4C603	Cisco Systems, Inc
2C4F52	Cisco Systems, Inc
68A03E	HUAWEI TECHNOLOGIES CO.,LTD
B8C385	HUAWEI TECHNOLOGIES CO.,LTD
C4F7D5	Cisco Systems, Inc
04D9F5	ASUSTek COMPUTER INC.
B4C4FC	Xiaomi Communications Co Ltd
7CD661	Xiaomi Communications Co Ltd
4CBC48	Cisco Systems, Inc
D4789B	Cisco Systems, Inc
483FE9	HUAWEI TECHNOLOGIES CO.,LTD
143CC3	HUAWEI TECHNOLOGIES CO.,LTD
A8E544	HUAWEI TECHNOLOGIES CO.,LTD
ECADE0	D-Link International
1C7F2C	HUAWEI TECHNOLOGIES CO.,LTD
88BCC1	HUAWEI TECHNOLOGIES CO.,LTD
8C426D	HUAWEI TECHNOLOGIES CO.,LTD
A4C3F0	Intel Corporate
489507	GUANGDONG OPPO MOBILE TELECOMMUNICATIONS CORP.,LTD
5462E2	Apple, Inc.
149D99	Apple, Inc.
B8B2F8	Apple, Inc.
98460A	Apple, Inc.
B85D0A	Apple, Inc.
7C9A1D	Apple, Inc.
103025	Apple, Inc.
E446DA	Xiaomi Communications Co Ltd
58D9C3	Motorola Mobility LLC, a Lenovo Company
F4B5AA	zte corporation
E8ACAD	zte corporation
2C73A0	Cisco Systems, Inc
04BA8D	Samsung Electronics Co.,Ltd
D85575	Samsung Electronics Co.,Ltd
D411A3	Samsung Electronics Co.,Ltd
8C5AF8	Beijing Xiaomi Electronics Co., Ltd.
0029C2	Cisco Systems, Inc
34DAB7	zte corporation
40B076	ASUSTek COMPUTER INC.
D4AD71	Cisco Systems, Inc
B8BC5B	Samsung Electronics Co.,Ltd
F48CEB	D-Link International
2C4E7D	Chunghua Intelligent Network Equipment Inc.
CC70ED	Cisco Systems, Inc
34F8E7	Cisco Systems, Inc
ECF0FE	zte corporation
70B317	Cisco Systems, Inc
D8CE3A	Xiaomi Communications Co Ltd
B0907E	Cisco Systems, Inc
E4CA12	zte corporation
D49E05	zte corporation
585FF6	zte corporation
94B01F	Apple, Inc.
B8C74A	GUANGDONG OPPO MOBILE TELECOMMUNICATIONS CORP.,LTD
94F6D6	Apple, Inc.
F82D7C	Apple, Inc.
C09AD0	Apple, Inc.
5076AF	Intel Corporate
A89042	Beijing Wanwei Intelligent Technology Co., Ltd.
0CB4A4	Xintai Automobile Intelligent Network Technology
90633B	Samsung Electronics Co.,Ltd
FCAAB6	Samsung Electronics Co.,Ltd
782327	Samsung Electronics Co.,Ltd
DCF756	Samsung Electronics Co.,Ltd
1C599B	HUAWEI TECHNOLOGIES CO.,LTD
806933	HUAWEI TECHNOLOGIES CO.,LTD
BC26C7	Cisco Systems, Inc
74B587	Apple, Inc.
FCB6D8	Apple, Inc.
D80D17	TP-LINK TECHNOLOGIES CO.,LTD.
7405A5	TP-LINK TECHNOLOGIES CO.,LTD.
1C427D	GUANGDONG OPPO MOBILE TELECOMMUNICATIONS CORP.,LTD
18810E	Apple, Inc.
608C4A	Apple, Inc.
241B7A	Apple, Inc.
8CFE57	Apple, Inc.
C0A600	Apple, Inc.
E4DB6D	Beijing Xiaomi Electronics Co., Ltd.
DC3979	Cisco Systems, Inc
58D56E	D-Link International
DC9088	HUAWEI TECHNOLOGIES CO.,LTD
304B07	Motorola Mobility LLC, a Lenovo Company
345ABA	tcloud intelligence
502FA8	Cisco Systems, Inc
CC2119	Samsung Electronics Co.,Ltd
00451D	Cisco Systems, Inc
000393	Apple, Inc.
902BD2	HUAWEI TECHNOLOGIES CO.,LTD
B46921	Intel Corporate
702AD5	Samsung Electronics Co.,Ltd
40EEDD	HUAWEI TECHNOLOGIES CO.,LTD
AC751D	HUAWEI TECHNOLOGIES CO.,LTD
289E97	HUAWEI TECHNOLOGIES CO.,LTD
8C15C7	HUAWEI TECHNOLOGIES CO.,LTD
60FA9D	HUAWEI TECHNOLOGIES CO.,LTD
386E88	zte corporation
DC9914	HUAWEI TECHNOLOGIES CO.,LTD
74EB80	Samsung Electronics Co.,Ltd
0CE0DC	Samsung Electronics Co.,Ltd
D868C3	Samsung Electronics Co.,Ltd
C493D9	Samsung Electronics Co.,Ltd
A82BB9	Samsung Electronics Co.,Ltd
B4B686	Hewlett Packard
F4BF80	HUAWEI TECHNOLOGIES CO.,LTD
304596	HUAWEI TECHNOLOGIES CO.,LTD
C0F4E6	HUAWEI TECHNOLOGIES CO.,LTD
68572D	Tuya Smart Inc.
7001B5	Cisco Systems, Inc
4CEDFB	ASUSTek COMPUTER INC.
E0191D	HUAWEI TECHNOLOGIES CO.,LTD
1C1AC0	Apple, Inc.
3C15FB	HUAWEI TECHNOLOGIES CO.,LTD
E0383F	zte corporation
D47226	zte corporation
0C2C54	HUAWEI TECHNOLOGIES CO.,LTD
881196	HUAWEI TECHNOLOGIES CO.,LTD
E40EEE	HUAWEI TECHNOLOGIES CO.,LTD
88AE07	Apple, Inc.
40831D	Apple, Inc.
DCD3A2	Apple, Inc.
5C1DD9	Apple, Inc.
68FEF7	Apple, Inc.
70695A	Cisco Systems, Inc
00BF77	Cisco Systems, Inc
D07714	Motorola Mobility LLC, a Lenovo Company
587A6A	GUANGDONG OPPO MOBILE TELECOMMUNICATIONS CORP.,LTD
047970	HUAWEI TECHNOLOGIES CO.,LTD
A057E3	HUAWEI TECHNOLOGIES CO.,LTD
B02680	Cisco Systems, Inc
D46D6D	Intel Corporate
B41C30	zte corporation
705AAC	Samsung Electronics Co.,Ltd
38DEAD	Intel Corporate
847460	zte corporation
2C61F6	Apple, Inc.
D4A33D	Apple, Inc.
0CA8A7	Samsung Electronics Co.,Ltd
F0766F	Apple, Inc.
4098AD	Apple, Inc.
6C4D73	Apple, Inc.
685ACF	Samsung Electronics Co.,Ltd
D86375	Xiaomi Communications Co Ltd
68EF43	Apple, Inc.
D02B20	Apple, Inc.
1806FF	Acer Computer(Shanghai) Limited.
EC1D8B	Cisco Systems, Inc
18F0E4	Xiaomi Communications Co Ltd
380E4D	Cisco Systems, Inc
9C8C6E	Samsung Electronics Co.,Ltd
9CE33F	Apple, Inc.
7867D7	Apple, Inc.
B8C111	Apple, Inc.
001248	Dell EMC
006048	Dell EMC
7CC95A	Dell EMC
00BF61	Samsung Electronics Co.,Ltd
389D92	Seiko Epson Corporation
DC5583	GUANGDONG OPPO MOBILE TELECOMMUNICATIONS CORP.,LTD
F8F21E	Intel Corporate
707DB9	Cisco Systems, Inc
D00401	Motorola Mobility LLC, a Lenovo Company
A407B6	Samsung Electronics Co.,Ltd
087808	Samsung Electronics Co.,Ltd
887598	Samsung Electronics Co.,Ltd
C0174D	Samsung Electronics Co.,Ltd
002291	Cisco Systems, Inc
04D6AA	SAMSUNG ELECTRO-MECHANICS(THAILAND)
F4F5DB	Xiaomi Communications Co Ltd
08152F	Samsung Electronics Co., Ltd. ARTIK
186024	Hewlett Packard
BC3D85	HUAWEI TECHNOLOGIES CO.,LTD
2054FA	HUAWEI TECHNOLOGIES CO.,LTD
38378B	HUAWEI TECHNOLOGIES CO.,LTD
C0A53E	Apple, Inc.
ECD09F	Xiaomi Communications Co Ltd
A8BE27	Apple, Inc.
002EC7	HUAWEI TECHNOLOGIES CO.,LTD
488EEF	HUAWEI TECHNOLOGIES CO.,LTD
409BCD	D-Link International
94D029	GUANGDONG OPPO MOBILE TELECOMMUNICATIONS CORP.,LTD
308454	GUANGDONG OPPO MOBILE TELECOMMUNICATIONS CORP.,LTD
5C0339	HUAWEI TECHNOLOGIES CO.,LTD
547595	TP-LINK TECHNOLOGIES CO.,LTD.
C47154	TP-LINK TECHNOLOGIES CO.,LTD.
0840F3	Tenda Technology Co.,Ltd.Dongguan branch
5C5181	Samsung Electronics Co.,Ltd
608E08	Samsung Electronics Co.,Ltd
F430B9	Hewlett Packard
8C210A	TP-LINK TECHNOLOGIES CO.,LTD.
4C189A	GUANGDONG OPPO MOBILE TELECOMMUNICATIONS CORP.,LTD
206BE7	TP-LINK TECHNOLOGIES CO.,LTD.
58C5CB	Samsung Electronics Co.,Ltd
B4BFF6	Samsung Electronics Co.,Ltd
00A38E	Cisco Systems, Inc
84C0EF	Samsung Electronics Co.,Ltd
48A74E	zte corporation
28C63F	Intel Corporate
3C5282	Hewlett Packard
84A9C4	HUAWEI TECHNOLOGIES CO.,LTD
A0086F	HUAWEI TECHNOLOGIES CO.,LTD
D06F82	HUAWEI TECHNOLOGIES CO.,LTD
A0F479	HUAWEI TECHNOLOGIES CO.,LTD
844765	HUAWEI TECHNOLOGIES CO.,LTD
C4FF1F	HUAWEI TECHNOLOGIES CO.,LTD
C40BCB	Xiaomi Communications Co Ltd
B83765	GUANGDONG OPPO MOBILE TELECOMMUNICATIONS CORP.,LTD
34CE00	XIAOMI Electronics,CO.,LTD
D4619D	Apple, Inc.
14BD61	Apple, Inc.
002CC8	Cisco Systems, Inc
802689	D-Link International
7C5049	Apple, Inc.
9CDA3E	Intel Corporate
D83214	Tenda Technology Co.,Ltd.Dongguan branch
C4B9CD	Cisco Systems, Inc
C0D3C0	Samsung Electronics Co.,Ltd
948BC1	Samsung Electronics Co.,Ltd
14568E	Samsung Electronics Co.,Ltd
887873	Intel Corporate
F87588	HUAWEI TECHNOLOGIES CO.,LTD
F44C7F	HUAWEI TECHNOLOGIES CO.,LTD
64B473	Xiaomi Communications Co Ltd
7451BA	Xiaomi Communications Co Ltd
F8A5C5	Cisco Systems, Inc
7802F8	Xiaomi Communications Co Ltd
2C4D54	ASUSTek COMPUTER INC.
349672	TP-LINK TECHNOLOGIES CO.,LTD.
A0A33B	HUAWEI TECHNOLOGIES CO.,LTD
EC01EE	GUANGDONG OPPO MOBILE TELECOMMUNICATIONS CORP.,LTD
7C67A2	Intel Corporate
2816AD	Intel Corporate
D0FF98	HUAWEI TECHNOLOGIES CO.,LTD
848DC7	Cisco SPVTG
682737	Samsung Electronics Co.,Ltd
3CF862	Intel Corporate
B0E5ED	HUAWEI TECHNOLOGIES CO.,LTD
C486E9	HUAWEI TECHNOLOGIES CO.,LTD
2C0BE9	Cisco Systems, Inc
20AB37	Apple, Inc.
60F445	Apple, Inc.
58404E	Apple, Inc.
D0C5F3	Apple, Inc.
BC9FEF	Apple, Inc.
C0BFC0	HUAWEI TECHNOLOGIES CO.,LTD
A08CF8	HUAWEI TECHNOLOGIES CO.,LTD
44D244	Seiko Epson Corporation
C8F733	Intel Corporate
A03D6F	Cisco Systems, Inc
A0E0AF	Cisco Systems, Inc
3CEF8C	Zhejiang Dahua Technology Co., Ltd.
B49691	Intel Corporate
007686	Cisco Systems, Inc
D0608C	zte corporation
701CE7	Intel Corporate
C82158	Intel Corporate
14A51A	HUAWEI TECHNOLOGIES CO.,LTD
047503	HUAWEI TECHNOLOGIES CO.,LTD
2C0E3D	SAMSUNG ELECTRO-MECHANICS(THAILAND)
2CBABA	Samsung Electronics Co.,Ltd
40D3AE	Samsung Electronics Co.,Ltd
88E87F	Apple, Inc.
9CF48E	Apple, Inc.
5CF7E6	Apple, Inc.
B853AC	Apple, Inc.
203CAE	Apple, Inc.
A03BE3	Apple, Inc.
4C3275	Apple, Inc.
9C7DA3	HUAWEI TECHNOLOGIES CO.,LTD
A4C64F	HUAWEI TECHNOLOGIES CO.,LTD
00D78F	Cisco Systems, Inc
502B73	Tenda Technology Co.,Ltd.Dongguan branch
702E22	zte corporation
3816D1	Samsung Electronics Co.,Ltd
D0176A	Samsung Electronics Co.,Ltd
D48890	Samsung Electronics Co.,Ltd
5492BE	Samsung Electronics Co.,Ltd
A0AB1B	D-Link International
001A8A	Samsung Electronics Co.,Ltd
3C5A37	Samsung Electronics Co.,Ltd
F49F54	Samsung Electronics Co.,Ltd
34C3AC	Samsung Electronics Co.,Ltd
44F459	Samsung Electronics Co.,Ltd
00265D	Samsung Electronics Co.,Ltd
002567	Samsung Electronics Co.,Ltd
BCB1F3	Samsung Electronics Co.,Ltd
5C0A5B	SAMSUNG ELECTRO MECHANICS CO., LTD.
000278	SAMSUNG ELECTRO MECHANICS CO., LTD.
002399	Samsung Electronics Co.,Ltd
7CF854	Samsung Electronics Co.,Ltd
C4731E	Samsung Electronics Co.,Ltd
001C43	Samsung Electronics Co.,Ltd
0023D6	Samsung Electronics Co.,Ltd
001B98	Samsung Electronics Co.,Ltd
002A10	Cisco Systems, Inc
00A289	Cisco Systems, Inc
B8BF83	Intel Corporate
D83062	Apple, Inc.
EC1F72	SAMSUNG ELECTRO-MECHANICS(THAILAND)
8C0D76	HUAWEI TECHNOLOGIES CO.,LTD
84BE52	HUAWEI TECHNOLOGIES CO.,LTD
849FB5	HUAWEI TECHNOLOGIES CO.,LTD
A4CAA0	HUAWEI TECHNOLOGIES CO.,LTD
14F42A	Samsung Electronics Co.,Ltd
0808C2	Samsung Electronics Co.,Ltd
CCFE3C	Samsung Electronics Co.,Ltd
28BAB5	Samsung Electronics Co.,Ltd
E440E2	Samsung Electronics Co.,Ltd
103B59	Samsung Electronics Co.,Ltd
D890E8	Samsung Electronics Co.,Ltd
E4121D	Samsung Electronics Co.,Ltd
E8508B	SAMSUNG ELECTRO-MECHANICS(THAILAND)
F8042E	SAMSUNG ELECTRO-MECHANICS(THAILAND)
1C62B8	Samsung Electronics Co.,Ltd
CCF9E8	Samsung Electronics Co.,Ltd
D857EF	Samsung Electronics Co.,Ltd
18E2C2	Samsung Electronics Co.,Ltd
9852B1	Samsung Electronics Co.,Ltd
C462EA	Samsung Electronics Co.,Ltd
182666	Samsung Electronics Co.,Ltd
30D6C9	Samsung Electronics Co.,Ltd
CC07AB	Samsung Electronics Co.,Ltd
B43A28	Samsung Electronics Co.,Ltd
78A873	Samsung Electronics Co.,Ltd
58FB84	Intel Corporate
C81FBE	HUAWEI TECHNOLOGIES CO.,LTD
203DB2	HUAWEI TECHNOLOGIES CO.,LTD
48D539	HUAWEI TECHNOLOGIES CO.,LTD
C88D83	HUAWEI TECHNOLOGIES CO.,LTD
000AEB	TP-LINK TECHNOLOGIES CO.,LTD.
00A742	Cisco Systems, Inc
540955	zte corporation
18339D	Cisco Systems, Inc
0821EF	Samsung Electronics Co.,Ltd
34145F	Samsung Electronics Co.,Ltd
D4A148	HUAWEI TECHNOLOGIES CO.,LTD
D065CA	HUAWEI TECHNOLOGIES CO.,LTD
8CEBC6	HUAWEI TECHNOLOGIES CO.,LTD
B08900	HUAWEI TECHNOLOGIES CO.,LTD
E4029B	Intel Corporate
9CDD1F	Intelligent Steward Co.,Ltd
845181	Samsung Electronics Co.,Ltd
00EBD5	Cisco Systems, Inc
C4A366	zte corporation
6073BC	zte corporation
D0577B	Intel Corporate
08C021	HUAWEI TECHNOLOGIES CO.,LTD
600810	HUAWEI TECHNOLOGIES CO.,LTD
48435A	HUAWEI TECHNOLOGIES CO.,LTD
78009E	Samsung Electronics Co.,Ltd
ACC33A	Samsung Electronics Co.,Ltd
54F201	Samsung Electronics Co.,Ltd
70288B	Samsung Electronics Co.,Ltd
348A7B	Samsung Electronics Co.,Ltd
7CB0C2	Intel Corporate
E00EDA	Cisco Systems, Inc
8C8EF2	Apple, Inc.
90B0ED	Apple, Inc.
04D3CF	Apple, Inc.
042AE2	Cisco Systems, Inc
C4F081	HUAWEI TECHNOLOGIES CO.,LTD
801382	HUAWEI TECHNOLOGIES CO.,LTD
94FE22	HUAWEI TECHNOLOGIES CO.,LTD
608334	HUAWEI TECHNOLOGIES CO.,LTD
E47E66	HUAWEI TECHNOLOGIES CO.,LTD
94DBDA	HUAWEI TECHNOLOGIES CO.,LTD
1C3ADE	Samsung Electronics Co.,Ltd
98DED0	TP-LINK TECHNOLOGIES CO.,LTD.
509EA7	Samsung Electronics Co.,Ltd
A88195	Samsung Electronics Co.,Ltd
88ADD2	Samsung Electronics Co.,Ltd
A4BF01	Intel Corporate
B805AB	zte corporation
789682	zte corporation
D017C2	ASUSTek COMPUTER INC.
9C52F8	HUAWEI TECHNOLOGIES CO.,LTD
00CCFC	Cisco Systems, Inc
AC5F3E	SAMSUNG ELECTRO-MECHANICS(THAILAND)
B48B19	Apple, Inc.
BCEC5D	Apple, Inc.
28A02B	Apple, Inc.
A0C589	Intel Corporate
0C1167	Cisco Systems, Inc
50F520	Samsung Electronics Co.,Ltd
64B310	Samsung Electronics Co.,Ltd
A4EBD3	Samsung Electronics Co.,Ltd
B8C68E	Samsung Electronics Co.,Ltd
04FE31	Samsung Electronics Co.,Ltd
4CBCA5	Samsung Electronics Co.,Ltd
D831CF	Samsung Electronics Co.,Ltd
B0D09C	Samsung Electronics Co.,Ltd
50C8E5	Samsung Electronics Co.,Ltd
188331	Samsung Electronics Co.,Ltd
9C65B0	Samsung Electronics Co.,Ltd
8455A5	Samsung Electronics Co.,Ltd
A87C01	Samsung Electronics Co.,Ltd
343759	zte corporation
BC620E	HUAWEI TECHNOLOGIES CO.,LTD
74A528	HUAWEI TECHNOLOGIES CO.,LTD
5CF6DC	Samsung Electronics Co.,Ltd
EC086B	TP-LINK TECHNOLOGIES CO.,LTD.
A0D37A	Intel Corporate
009027	Intel Corporation
00A0C9	Intel Corporation
B80305	Intel Corporate
E09796	HUAWEI TECHNOLOGIES CO.,LTD
C48508	Intel Corporate
6805CA	Intel Corporate
8CA982	Intel Corporate
BC7737	Intel Corporate
1430C6	Motorola Mobility LLC, a Lenovo Company
141AA3	Motorola Mobility LLC, a Lenovo Company
247703	Intel Corporate
74E50B	Intel Corporate
D8FC93	Intel Corporate
0057D2	Cisco Systems, Inc
78E3B5	Hewlett Packard
78ACC0	Hewlett Packard
68B599	Hewlett Packard
1CC1DE	Hewlett Packard
000D88	D-Link Corporation
001195	D-Link Corporation
B8A386	D-Link International
1C7EE5	D-Link International
00E0FC	HUAWEI TECHNOLOGIES CO.,LTD
001346	D-Link Corporation
1CBDB9	D-Link International
606944	Apple, Inc.
A42BB0	TP-LINK TECHNOLOGIES CO.,LTD.
6416F0	HUAWEI TECHNOLOGIES CO.,LTD
ACCF85	HUAWEI TECHNOLOGIES CO.,LTD
188B45	Cisco Systems, Inc
00D0B7	Intel Corporation
3871DE	Apple, Inc.
7081EB	Apple, Inc.
000E35	Intel Corporation
0007E9	Intel Corporation
0013E8	Intel Corporate
0013CE	Intel Corporate
B8B81E	Intel Corporate
B46D83	Intel Corporate
2C768A	Hewlett Packard
C8348E	Intel Corporate
4C3488	Intel Corporate
1002B5	Intel Corporate
001708	Hewlett Packard
0017A4	Hewlett Packard
BCEAFA	Hewlett Packard
000BCD	Hewlett Packard
000F20	Hewlett Packard
00110A	Hewlett Packard
5820B1	Hewlett Packard
9457A5	Hewlett Packard
000EB3	Hewlett Packard
080009	Hewlett Packard
0030C1	Hewlett Packard
0080A0	Hewlett Packard
D48564	Hewlett Packard
24BE05	Hewlett Packard
FC3FDB	Hewlett Packard
74A78E	zte corporation
AC162D	Hewlett Packard
80C16E	Hewlett Packard
B4B52F	Hewlett Packard
D07E28	Hewlett Packard
D0BF9C	Hewlett Packard
308D99	Hewlett Packard
7446A0	Hewlett Packard
2C44FD	Hewlett Packard
443192	Hewlett Packard
A0D3C1	Hewlett Packard
38EAA7	Hewlett Packard
0452F3	Apple, Inc.
002127	TP-LINK TECHNOLOGIES CO.,LTD.
EC888F	TP-LINK TECHNOLOGIES CO.,LTD.
6466B3	TP-LINK TECHNOLOGIES CO.,LTD.
F0F336	TP-LINK TECHNOLOGIES CO.,LTD.
BC4699	TP-LINK TECHNOLOGIES CO.,LTD.
F483CD	TP-LINK TECHNOLOGIES CO.,LTD.
FCD733	TP-LINK TECHNOLOGIES CO.,LTD.
5C899A	TP-LINK TECHNOLOGIES CO.,LTD.
A81B5A	GUANGDONG OPPO MOBILE TELECOMMUNICATIONS CORP.,LTD
2C5BB8	GUANGDONG OPPO MOBILE TELECOMMUNICATIONS CORP.,LTD
5C63BF	TP-LINK TECHNOLOGIES CO.,LTD.
E005C5	TP-LINK TECHNOLOGIES CO.,LTD.
388345	TP-LINK TECHNOLOGIES CO.,LTD.
98F537	zte corporation
5C4CA9	HUAWEI TECHNOLOGIES CO.,LTD
F4C714	HUAWEI TECHNOLOGIES CO.,LTD
286ED4	HUAWEI TECHNOLOGIES CO.,LTD
001E10	HUAWEI TECHNOLOGIES CO.,LTD
5439DF	HUAWEI TECHNOLOGIES CO.,LTD
74882A	HUAWEI TECHNOLOGIES CO.,LTD
88E3AB	HUAWEI TECHNOLOGIES CO.,LTD
C40528	HUAWEI TECHNOLOGIES CO.,LTD
3CDFBD	HUAWEI TECHNOLOGIES CO.,LTD
509F27	HUAWEI TECHNOLOGIES CO.,LTD
8C34FD	HUAWEI TECHNOLOGIES CO.,LTD
587F66	HUAWEI TECHNOLOGIES CO.,LTD
64A651	HUAWEI TECHNOLOGIES CO.,LTD
283CE4	HUAWEI TECHNOLOGIES CO.,LTD
086361	HUAWEI TECHNOLOGIES CO.,LTD
80717A	HUAWEI TECHNOLOGIES CO.,LTD
D4970B	Xiaomi Communications Co Ltd
8CBEBE	Xiaomi Communications Co Ltd
14F65A	Xiaomi Communications Co Ltd
009EC8	Xiaomi Communications Co Ltd
0C1DAF	Xiaomi Communications Co Ltd
3480B3	Xiaomi Communications Co Ltd
F48B32	Xiaomi Communications Co Ltd
ACF7F3	Xiaomi Communications Co Ltd
0819A6	HUAWEI TECHNOLOGIES CO.,LTD
3CF808	HUAWEI TECHNOLOGIES CO.,LTD
486276	HUAWEI TECHNOLOGIES CO.,LTD
B41513	HUAWEI TECHNOLOGIES CO.,LTD
AC4E91	HUAWEI TECHNOLOGIES CO.,LTD
283152	HUAWEI TECHNOLOGIES CO.,LTD
009021	Cisco Systems, Inc
0090B1	Cisco Systems, Inc
04BD70	HUAWEI TECHNOLOGIES CO.,LTD
00102F	Cisco Systems, Inc
00100D	Cisco Systems, Inc
001007	Cisco Systems, Inc
001014	Cisco Systems, Inc
00400B	Cisco Systems, Inc
0090BF	Cisco Systems, Inc
0050D1	Cisco Systems, Inc
0090D9	Cisco Systems, Inc
009092	Cisco Systems, Inc
006070	Cisco Systems, Inc
00E01E	Cisco Systems, Inc
1CE6C7	Cisco Systems, Inc
00112F	ASUSTek COMPUTER INC.
18E728	Cisco Systems, Inc
D072DC	Cisco Systems, Inc
28C7CE	Cisco Systems, Inc
F40F1B	Cisco Systems, Inc
F8C288	Cisco Systems, Inc
BCAEC5	ASUSTek COMPUTER INC.
10BF48	ASUSTek COMPUTER INC.
6C9989	Cisco Systems, Inc
1C6A7A	Cisco Systems, Inc
5067AE	Cisco Systems, Inc
F09E63	Cisco Systems, Inc
001BFC	ASUSTek COMPUTER INC.
485B39	ASUSTek COMPUTER INC.
CCD539	Cisco Systems, Inc
500604	Cisco Systems, Inc
4C0082	Cisco Systems, Inc
7C95F3	Cisco Systems, Inc
34DBFD	Cisco Systems, Inc
885A92	Cisco Systems, Inc
046C9D	Cisco Systems, Inc
84B261	Cisco Systems, Inc
00101F	Cisco Systems, Inc
54A274	Cisco Systems, Inc
A0554F	Cisco Systems, Inc
204C9E	Cisco Systems, Inc
84B802	Cisco Systems, Inc
B0AA77	Cisco Systems, Inc
BCC493	Cisco Systems, Inc
A46C2A	Cisco Systems, Inc
D0A5A6	Cisco Systems, Inc
3C5EC3	Cisco Systems, Inc
64F69D	Cisco Systems, Inc
484487	Cisco SPVTG
38C85C	Cisco SPVTG
E448C7	Cisco SPVTG
001217	Cisco-Linksys, LLC
001310	Cisco-Linksys, LLC
001EE5	Cisco-Linksys, LLC
001D4F	Apple, Inc.
002312	Apple, Inc.
80E01D	Cisco Systems, Inc
000A27	Apple, Inc.
3451C9	Apple, Inc.
406C8F	Apple, Inc.
D023DB	Apple, Inc.
70DEE2	Apple, Inc.
F0CBA1	Apple, Inc.
182032	Apple, Inc.
60FACD	Apple, Inc.
003EE1	Apple, Inc.
FC253F	Apple, Inc.
183451	Apple, Inc.
0C771A	Apple, Inc.
D8A25E	Apple, Inc.
5855CA	Apple, Inc.
DC2B61	Apple, Inc.
40A6D9	Apple, Inc.
286ABA	Apple, Inc.
4CB199	Apple, Inc.
C09F42	Apple, Inc.
705681	Apple, Inc.
04F7E4	Apple, Inc.
34C059	Apple, Inc.
F0D1A9	Apple, Inc.
040CCE	Apple, Inc.
403CFC	Apple, Inc.
4860BC	Apple, Inc.
AC3C0B	Apple, Inc.
701124	Apple, Inc.
60FB42	Apple, Inc.
64B9E8	Apple, Inc.
14109F	Apple, Inc.
042665	Apple, Inc.
EC3586	Apple, Inc.
54EAA8	Apple, Inc.
28E14C	Apple, Inc.
E4C63D	Apple, Inc.
54E43A	Apple, Inc.
04DB56	Apple, Inc.
DC9B9C	Apple, Inc.
54724F	Apple, Inc.
8C7C92	Apple, Inc.
B03495	Apple, Inc.
F437B7	Apple, Inc.
78FD94	Apple, Inc.
2CBE08	Apple, Inc.
E8802E	Apple, Inc.
006171	Apple, Inc.
04E536	Apple, Inc.
A8BBCF	Apple, Inc.
AC7F3E	Apple, Inc.
20A2E4	Apple, Inc.
BC4CC4	Apple, Inc.
280B5C	Apple, Inc.
ACFDEC	Apple, Inc.
D8CF9C	Apple, Inc.
DC3714	Apple, Inc.
6C4008	Apple, Inc.
28F076	Apple, Inc.
40331A	Apple, Inc.
CCC760	Apple, Inc.
A4DEC9	QLove Mobile Intelligence Information Technology (W.H.) Co. Ltd.
7C0191	Apple, Inc.
AC6462	zte corporation
84100D	Motorola Mobility LLC, a Lenovo Company
48137E	Samsung Electronics Co.,Ltd
908D78	D-Link International
E435C8	HUAWEI TECHNOLOGIES CO.,LTD
80D605	Apple, Inc.
DC2B2A	Apple, Inc.
E8BDD1	HUAWEI TECHNOLOGIES CO.,LTD
382DE8	Samsung Electronics Co.,Ltd
C08997	Samsung Electronics Co.,Ltd
90D8F3	zte corporation
6C7220	D-Link International
E0553D	Cisco Meraki
380195	Samsung Electronics Co.,Ltd
5045F7	Liuhe Intelligence Technology Ltd.
5CB395	HUAWEI TECHNOLOGIES CO.,LTD
5C5188	Motorola Mobility LLC, a Lenovo Company
14DDA9	ASUSTek COMPUTER INC.
DC15DB	Ge Ruili Intelligent Technology ( Beijing ) Co., Ltd.
30F335	HUAWEI TECHNOLOGIES CO.,LTD
1816C9	Samsung Electronics Co.,Ltd
842E27	Samsung Electronics Co.,Ltd
E0DB10	Samsung Electronics Co.,Ltd
3CDA2A	zte corporation
1432D1	Samsung Electronics Co.,Ltd
48EE0C	D-Link International
9000DB	Samsung Electronics Co.,Ltd
B4EF39	Samsung Electronics Co.,Ltd
D87495	zte corporation
183A2D	Samsung Electronics Co.,Ltd
74A063	HUAWEI TECHNOLOGIES CO.,LTD
1436C6	Lenovo Mobile Communication Technology Ltd.
382C4A	ASUSTek COMPUTER INC.
049B9C	Eadingcore  Intelligent Technology Co., Ltd.
C09879	Acer Inc.
88708C	Lenovo Mobile Communication Technology Ltd.
F4F26D	TP-LINK TECHNOLOGIES CO.,LTD.
6C2F2C	Samsung Electronics Co.,Ltd
70720D	Lenovo Mobile Communication Technology Ltd.
206E9C	Samsung Electronics Co.,Ltd
18227E	Samsung Electronics Co.,Ltd
30C7AE	Samsung Electronics Co.,Ltd
90AE1B	TP-LINK TECHNOLOGIES CO.,LTD.
60E327	TP-LINK TECHNOLOGIES CO.,LTD.
7062B8	D-Link International
709383	Intelligent Optical Network High Tech CO.,LTD.
34DE34	zte corporation
085700	TP-LINK TECHNOLOGIES CO.,LTD.
30B5C2	TP-LINK TECHNOLOGIES CO.,LTD.
9C216A	TP-LINK TECHNOLOGIES CO.,LTD.
C0C687	Cisco SPVTG
AC220B	ASUSTek COMPUTER INC.
30F31D	zte corporation
A0EC80	zte corporation
78A106	TP-LINK TECHNOLOGIES CO.,LTD.
6C8B2F	zte corporation
CC1AFA	zte corporation
CC0DEC	Cisco SPVTG
0C722C	TP-LINK TECHNOLOGIES CO.,LTD.
60A44C	ASUSTek COMPUTER INC.
CC3A61	SAMSUNG ELECTRO MECHANICS CO., LTD.
10EA59	Cisco SPVTG
08606E	ASUSTek COMPUTER INC.
EC89F5	Lenovo Mobile Communication Technology Ltd.
B49842	zte corporation
34BDFA	Cisco SPVTG
DC028E	zte corporation
C8FB26	Cisco SPVTG
105F49	Cisco SPVTG
F47F35	Cisco Systems, Inc
3CCE73	Cisco Systems, Inc
F0F755	Cisco Systems, Inc
6C9CED	Cisco Systems, Inc
006BA0	SHENZHEN UNIVERSAL INTELLISYS PTE LTD
5404A6	ASUSTek COMPUTER INC.
30E4DB	Cisco Systems, Inc
00077D	Cisco Systems, Inc
6400F1	Cisco Systems, Inc
405539	Cisco Systems, Inc
586D8F	Cisco-Linksys, LLC
C471FE	Cisco Systems, Inc
340804	D-Link Corporation
0006F6	Cisco Systems, Inc
EC2368	IntelliVoice Co.,Ltd.
F866F2	Cisco Systems, Inc
D87157	Lenovo Mobile Communication Technology Ltd.
003A9C	Cisco Systems, Inc
64168D	Cisco Systems, Inc
0026CA	Cisco Systems, Inc
0026FD	Interactive Intelligence
002652	Cisco Systems, Inc
002498	Cisco Systems, Inc
0023AB	Cisco Systems, Inc
002256	Cisco Systems, Inc
002156	Cisco Systems, Inc
0021D8	Cisco Systems, Inc
0021D7	Cisco Systems, Inc
00211C	Cisco Systems, Inc
001F9E	Cisco Systems, Inc
001EF7	Cisco Systems, Inc
001F0C	Intelligent Digital Services GmbH
001F59	Kronback Tracers
001CB0	Cisco Systems, Inc
001C57	Cisco Systems, Inc
001B53	Cisco Systems, Inc
001B67	Cisco Systems Inc
001B2B	Cisco Systems, Inc
001A70	Cisco-Linksys, LLC
001AA1	Cisco Systems, Inc
0019E7	Cisco Systems, Inc
001955	Cisco Systems, Inc
001818	Cisco Systems, Inc
001873	Cisco Systems, Inc
0017DF	Cisco Systems, Inc
001563	Cisco Systems, Inc
00151F	Multivision Intelligent Surveillance (Hong Kong) Ltd
001380	Cisco Systems, Inc
001360	Cisco Systems, Inc
001352	Naztec, Inc.
0012FE	Lenovo Mobile Communication Technology Ltd.
0012D9	Cisco Systems, Inc
001201	Cisco Systems, Inc
001200	Cisco Systems, Inc
001244	Cisco Systems, Inc
001193	Cisco Systems, Inc
001120	Cisco Systems, Inc
000F8F	Cisco Systems, Inc
000F23	Cisco Systems, Inc
000F24	Cisco Systems, Inc
000F35	Cisco Systems, Inc
000E83	Cisco Systems, Inc
000ED6	Cisco Systems, Inc
000E39	Cisco Systems, Inc
000DAE	SAMSUNG HEAVY INDUSTRIES CO., LTD.
000D28	Cisco Systems, Inc
000C31	Cisco Systems, Inc
000BBF	Cisco Systems, Inc
000B46	Cisco Systems, Inc
000AF4	Cisco Systems, Inc
000A41	Cisco Systems, Inc
000A42	Cisco Systems, Inc
0009B7	Cisco Systems, Inc
000911	Cisco Systems, Inc
000912	Cisco Systems, Inc
0008E2	Cisco Systems, Inc
000784	Cisco Systems, Inc
000653	Cisco Systems, Inc
0004DE	Cisco Systems, Inc
000531	Cisco Systems, Inc
00049B	Cisco Systems, Inc
00044E	Cisco Systems, Inc
0003FD	Cisco Systems, Inc
0003FE	Cisco Systems, Inc
000427	Cisco Systems, Inc
0002FD	Cisco Systems, Inc
000331	Cisco Systems, Inc
00036B	Cisco Systems, Inc
00036C	Cisco Systems, Inc
0002B9	Cisco Systems, Inc
0002BA	Cisco Systems, Inc
00024B	Cisco Systems, Inc
0001C9	Cisco Systems, Inc
00B0C2	Cisco Systems, Inc
000143	Cisco Systems, Inc
003019	Cisco Systems, Inc
003024	Cisco Systems, Inc
00D0BC	Cisco Systems, Inc
00D006	Cisco Systems, Inc
00D0BB	Cisco Systems, Inc
00D05D	INTELLIWORXX, INC.
00D0C0	Cisco Systems, Inc
0000E2	ACER TECHNOLOGIES CORP.
2883C9	Apple, Inc.
183F70	Apple, Inc.
A4F6E8	Apple, Inc.
6441E6	Apple, Inc.
70BB5B	Apple, Inc.
740EA4	Apple, Inc.
6057C8	Apple, Inc.
44A038	Huawei Device Co., Ltd.
D0D7BE	HUAWEI TECHNOLOGIES CO.,LTD
206BF4	Huawei Device Co., Ltd.
E82BC5	Huawei Device Co., Ltd.
08276B	Huawei Device Co., Ltd.
3C13BB	HUAWEI TECHNOLOGIES CO.,LTD
CC36CF	Cisco Systems, Inc
F4DD06	Samsung Electronics Co.,Ltd
6451F4	Huawei Device Co., Ltd.
486345	Huawei Device Co., Ltd.
3890AF	zte corporation
1879FD	zte corporation
0C6743	HUAWEI TECHNOLOGIES CO.,LTD
F47946	HUAWEI TECHNOLOGIES CO.,LTD
9433D8	Cisco Systems, Inc
D06B78	Apple, Inc.
0C53B7	Apple, Inc.
7CF34D	Apple, Inc.
70BC48	Cisco Systems, Inc
D0C730	zte corporation
A0BC6F	Cisco Systems, Inc
B08D57	Cisco Systems, Inc
189341	Intel Corporate
DC4546	Intel Corporate
94CE0F	Huawei Device Co., Ltd.
883F27	Huawei Device Co., Ltd.
24E29D	Huawei Device Co., Ltd.
2C2080	Huawei Device Co., Ltd.
CCBC2B	Huawei Device Co., Ltd.
DC97BA	Intel Corporate
A0D365	Intel Corporate
5C167D	HUAWEI TECHNOLOGIES CO.,LTD
A4A490	Samsung Electronics Co.,Ltd
B8A825	Samsung Electronics Co.,Ltd
CCF9F0	Samsung Electronics Co.,Ltd
DCC49C	Samsung Electronics Co.,Ltd
F84288	Apple, Inc.
88B7EB	Apple, Inc.
10A2D3	Apple, Inc.
98D7E1	Cisco Systems, Inc
F83918	Cisco Systems, Inc
4C97CC	Apple, Inc.
34EE16	Apple, Inc.
600F6B	Apple, Inc.
349677	zte corporation
2475FC	zte corporation
9440F3	HUAWEI TECHNOLOGIES CO.,LTD
406F27	HUAWEI TECHNOLOGIES CO.,LTD
18CAA7	zte corporation
E04C12	Realme Chongqing Mobile Telecommunications Corp.,Ltd.
9C3818	Cisco Systems, Inc
B44C90	Cisco Systems, Inc
DCEAE7	D-Link Corporation
4CA919	Tuya Smart Inc.
BC629C	zte corporation
D41761	Xiaomi Communications Co Ltd
684983	HUAWEI TECHNOLOGIES CO.,LTD
E8DA3E	Huawei Device Co., Ltd.
ECB878	Huawei Device Co., Ltd.
E0DAD7	zte corporation
281DFB	HUAWEI TECHNOLOGIES CO.,LTD
0C238D	HUAWEI TECHNOLOGIES CO.,LTD
DC6180	HUAWEI TECHNOLOGIES CO.,LTD
702AD7	New H3C Intelligence Terminal Co., Ltd.
ECC342	zte corporation
AC0775	Apple, Inc.
842F57	Apple, Inc.
6CF2D8	CANON INC.
683421	Intel Corporate
34E3FB	Samsung Electronics Co.,Ltd
985F41	Intel Corporate
AC3971	Realme Chongqing Mobile Telecommunications Corp.,Ltd.
985A98	HUAWEI TECHNOLOGIES CO.,LTD
E0AD9B	HUAWEI TECHNOLOGIES CO.,LTD
640C91	Apple, Inc.
5893E8	Apple, Inc.
F004E1	Apple, Inc.
708CF2	Apple, Inc.
F873DF	Apple, Inc.
141BA0	Apple, Inc.
9C4FAC	zte corporation
CC817D	Apple, Inc.
2C0B97	Xiaomi Communications Co Ltd
74238D	zte corporation
D069C1	HUAWEI TECHNOLOGIES CO.,LTD
542F2B	HUAWEI TECHNOLOGIES CO.,LTD
E82689	Hewlett Packard Enterprise
B8D4E7	Hewlett Packard Enterprise
F860F0	Hewlett Packard Enterprise
1C28AF	Hewlett Packard Enterprise
28DE65	Hewlett Packard Enterprise
88E9A4	Hewlett Packard Enterprise 
9CDC71	Hewlett Packard Enterprise 
303FBB	Hewlett Packard Enterprise 
F42E7F	Hewlett Packard Enterprise
B83A5A	Hewlett Packard Enterprise
A8BD27	Hewlett Packard Enterprise 
40B93C	Hewlett Packard Enterprise 
E0071B	Hewlett Packard Enterprise 
D89403	Hewlett Packard Enterprise 
186472	Hewlett Packard Enterprise
6CF37F	Hewlett Packard Enterprise
24DEC6	Hewlett Packard Enterprise
84D47E	Hewlett Packard Enterprise
943FC2	Hewlett Packard Enterprise 
9440C9	Hewlett Packard Enterprise 
3810F0	Hewlett Packard Enterprise
CC88C7	Hewlett Packard Enterprise
EC0273	Hewlett Packard Enterprise
D04DC6	Hewlett Packard Enterprise
9460D5	Hewlett Packard Enterprise
882510	Hewlett Packard Enterprise
D4E053	Hewlett Packard Enterprise
441244	Hewlett Packard Enterprise
54F0B1	Hewlett Packard Enterprise
B837B2	Hewlett Packard Enterprise
44A3BB	Intel Corporate
94B609	Intel Corporate
1CEAAC	Beijing Xiaomi Mobile Software Co., Ltd
783409	HUAWEI TECHNOLOGIES CO.,LTD
149AA3	HUAWEI TECHNOLOGIES CO.,LTD
A0AD62	HUAWEI TECHNOLOGIES CO.,LTD
8CC5D0	Samsung Electronics Co.,Ltd
28B591	Cisco Systems, Inc
08023C	Samsung Electronics Co.,Ltd
78B6FE	Samsung Electronics Co.,Ltd
2CCA16	Apple, Inc.
14147D	Apple, Inc.
C8608F	Cisco Systems, Inc
1C6A1B	Ubiquiti Inc
008320	Huawei Device Co., Ltd.
7C68B9	Huawei Device Co., Ltd.
20A200	HUAWEI TECHNOLOGIES CO.,LTD
7CA8EC	Hewlett Packard Enterprise
F4D0A7	Zhejiang Weilai Jingling Artificial Intelligence Technology Co., Ltd.
20F307	zte corporation
CCDA20	Beijing Xiaomi Mobile Software Co., Ltd
B0F2F6	Samsung Electronics Co.,Ltd
84FFC2	Cisco Systems, Inc
788517	Cisco Systems, Inc
741EB1	Samsung Electronics Co.,Ltd
A49FE7	Samsung Electronics Co.,Ltd
A41A6E	zte corporation
CC3F36	Apple, Inc.
102FCA	Apple, Inc.
2CEADA	ICC Intelligent Platforms GmbH
C0470E	Dell Inc.
8006D9	zte corporation
80C01E	Intel Corporate
C88234	Cisco Systems, Inc
30DDAA	ZHEJIANG DAHUA TECHNOLOGYCO.,LTD
709AC4	Huawei Device Co., Ltd.
344A1B	zte corporation
A0334F	Cisco Systems, Inc
A0A47F	Cisco Systems, Inc
ACB480	Dell Inc.
24AECC	Honor Device Co., Ltd.
10A30F	HUAWEI TECHNOLOGIES CO.,LTD
C4F7C1	Apple, Inc.
386233	Apple, Inc.
74866F	zte corporation
546CAC	Intelbras
D4A365	Xiaomi Communications Co Ltd
7C60DB	zte corporation
C8E5E0	HUAWEI TECHNOLOGIES CO.,LTD
504F3B	Beijing Xiaomi Mobile Software Co., Ltd
BCFF54	zte corporation
4C2B3B	Huawei Device Co., Ltd.
E4B107	Huawei Device Co., Ltd.
58B18F	Huawei Device Co., Ltd.
8C902D	TP-Link Systems Inc.
B07ADF	HUAWEI TECHNOLOGIES CO.,LTD
34FFF3	HUAWEI TECHNOLOGIES CO.,LTD
5C4071	Xiaomi Communications Co Ltd
9C67D6	Intel Corporate
6C1270	Apple, Inc.
105725	Cisco Systems, Inc
9CA9B8	Cisco Systems, Inc
40F49F	Cisco Systems, Inc
30294B	HUAWEI TECHNOLOGIES CO.,LTD
E04E5D	HUAWEI TECHNOLOGIES CO.,LTD
9C4929	HUAWEI TECHNOLOGIES CO.,LTD
9C8306	Samsung Electronics Co.,Ltd
68DFE4	Samsung Electronics Co.,Ltd
7826A6	zte corporation
CC20AC	Samsung Electronics Co.,Ltd
3001AF	Cisco Systems, Inc
B4CADD	Cisco Systems, Inc
30E4D8	Huawei Device Co., Ltd.
9C4782	TP-LINK TECHNOLOGIES CO.,LTD.
38AA09	Cisco Systems, Inc
E4FE43	Beijing Xiaomi Mobile Software Co., Ltd
A09A8E	Apple, Inc.
BC9F58	Apple, Inc.
90CDE8	Apple, Inc.
84FE40	HUAWEI TECHNOLOGIES CO.,LTD
ECE9F5	HUAWEI TECHNOLOGIES CO.,LTD
6C7DB7	Cisco Meraki
B05A7B	Huawei Device Co., Ltd.
BCCD99	Intel Corporate
AC45EF	Intel Corporate
280C50	Intel Corporate
387F8B	Apple, Inc.
5C13CC	Apple, Inc.
4CCDB6	Apple, Inc.
A04839	HUAWEI TECHNOLOGIES CO.,LTD
F48918	HUAWEI TECHNOLOGIES CO.,LTD
F46802	HUAWEI TECHNOLOGIES CO.,LTD
44A7F4	Apple, Inc.
44FEEF	GUANGDONG OPPO MOBILE TELECOMMUNICATIONS CORP.,LTD
2475B3	GUANGDONG OPPO MOBILE TELECOMMUNICATIONS CORP.,LTD
A0AD9F	ASUSTek COMPUTER INC.
203462	Xiaomi Communications Co Ltd
90B942	zte corporation
201E1D	HUAWEI TECHNOLOGIES CO.,LTD
98FE3E	Intel Corporate
C4710F	Xiaomi Communications Co Ltd
389E4C	Hewlett Packard Enterprise
C0A810	Intel Corporate
04F0EE	Intel Corporate
BCF105	Intel Corporate
383FE8	HUAWEI TECHNOLOGIES CO.,LTD
20BBBC	Hangzhou Ezviz Software Co.,Ltd.
F868FF	Cisco Systems, Inc
0CEF15	TP-Link Systems Inc.
C4CCF9	zte corporation
202051	zte corporation
785237	zte corporation
60BD83	HUAWEI TECHNOLOGIES CO.,LTD
1067A3	HUAWEI TECHNOLOGIES CO.,LTD
3C32B9	GUANGDONG OPPO MOBILE TELECOMMUNICATIONS CORP.,LTD
7CF17E	TP-Link Systems Inc
FC4CEF	Huawei Device Co., Ltd.
98254A	TP-Link Systems Inc
ACC3E5	Cisco Meraki
74FECE	TP-Link Systems Inc
242FD0	TP-Link Systems Inc
88225B	Hewlett Packard Enterprise
DC6279	TP-Link Systems Inc
D032C3	D-Link Corporation
005F67	TP-Link Systems Inc
60A4B7	TP-Link Systems Inc
5CE931	TP-Link Systems Inc
8CB50E	Cisco Systems, Inc
A84616	HUAWEI TECHNOLOGIES CO.,LTD
A4C788	Xiaomi Communications Co Ltd
A4F6E6	Apple, Inc.
D463C0	Apple, Inc.
840511	Apple, Inc.
84D7DE	HUAWEI TECHNOLOGIES CO.,LTD
8C3066	Ubiquiti Inc
6083F8	SICHUAN HUAKUN ZHENYU INTELLIGENT TECHNOLOGY CO.,LTD
5CA64F	TP-Link Systems Inc.
AC17C8	Cisco Meraki
981888	Cisco Meraki
4CC8A1	Cisco Meraki
B00B22	Huawei Device Co., Ltd.
8C0572	Huawei Device Co., Ltd.
54A637	HUAWEI TECHNOLOGIES CO.,LTD
3061A2	HUAWEI TECHNOLOGIES CO.,LTD
E0426D	GUANGDONG OPPO MOBILE TELECOMMUNICATIONS CORP.,LTD
80030D	CANON INC.
F843EF	Xiaomi Communications Co Ltd
A4FF9F	Xiaomi Communications Co Ltd
2025CC	Xiaomi Communications Co Ltd
647520	zte corporation
00C84E	Hewlett Packard Enterprise
98171A	Beijing Xiaomi Mobile Software Co., Ltd
EC1055	Beijing Xiaomi Electronics Co.,Ltd
A49700	Cisco Systems, Inc
D853AD	Cisco Meraki
68A593	Apple, Inc.
A82C89	Apple, Inc.
801242	Apple, Inc.
B8011F	Apple, Inc.
DC9396	Apple, Inc.
18E671	Apple, Inc.
D0C67F	HUAWEI TECHNOLOGIES CO.,LTD
98F3F6	HUAWEI TECHNOLOGIES CO.,LTD
24F40A	Samsung Electronics Co.,Ltd
78C11D	Samsung Electronics Co.,Ltd
E8C913	Samsung Electronics Co.,Ltd
4CA954	Intel Corporate
08EB21	Intel Corporate
2C0DCF	Xiaomi Communications Co Ltd
140589	Motorola Mobility LLC, a Lenovo Company
54DD21	Huawei Device Co., Ltd.
8C44BB	SHEN ZHEN TENDA TECHNOLOGY CO.,LTD
C8E31D	HUAWEI TECHNOLOGIES CO.,LTD
50ACB9	HUAWEI TECHNOLOGIES CO.,LTD
28575D	Apple, Inc.
3410BE	Apple, Inc.
F433B7	Apple, Inc.
D4BED7	Dell Inc.
E0D491	Cisco Systems, Inc
A4DCD5	Cisco Systems, Inc
2036D0	Motorola Mobility LLC, a Lenovo Company
64244D	Hangzhou Ezviz Software Co.,Ltd.
0CA64C	Hangzhou Ezviz Software Co.,Ltd.
34C6DD	Hangzhou Ezviz Software Co.,Ltd.
AC1C26	Hangzhou Ezviz Software Co.,Ltd.
B85213	zte corporation
787984	Apple, Inc.
70EBA5	Huawei Device Co., Ltd.
C890F7	HUAWEI TECHNOLOGIES CO.,LTD
50FE39	Beijing Xiaomi Mobile Software Co., Ltd
2812D0	Motorola Mobility LLC, a Lenovo Company
C878F7	Cisco Systems, Inc
F4E1FC	Hewlett Packard Enterprise
E07256	Intel Corporate
84D1C1	Intel Corporate
DC83BF	Seiko Epson Corporation
0C7165	Motorola Mobility LLC, a Lenovo Company
CC033D	Beijing Xiaomi Mobile Software Co., Ltd
145EBC	HUAWEI TECHNOLOGIES CO.,LTD
1088D3	HUAWEI TECHNOLOGIES CO.,LTD
ACA7F1	TP-Link Systems Inc.
FC8827	Apple, Inc.
0434CF	Apple, Inc.
60DE18	Apple, Inc.
10BC36	Huawei Device Co., Ltd.
B4F49B	Huawei Device Co., Ltd.
742435	Huawei Device Co., Ltd.
0C0ECB	Huawei Device Co., Ltd.
E880E7	Huawei Device Co., Ltd.
68B5E3	HUAWEI TECHNOLOGIES CO.,LTD
C46DD1	HUAWEI TECHNOLOGIES CO.,LTD
34A137	HUAWEI TECHNOLOGIES CO.,LTD
7CA53E	Motorola Mobility LLC, a Lenovo Company
D83139	zte corporation
A05911	Cisco Meraki
14E22A	Cisco Systems, Inc
709751	Beijing Xiaomi Mobile Software Co., Ltd
5CD33D	Samsung Electronics Co.,Ltd
681A47	Apple, Inc.
2849E9	Apple, Inc.
78960D	Apple, Inc.
801D39	Apple, Inc.
CC722A	Apple, Inc.
841623	zte corporation
D0F815	HUAWEI TECHNOLOGIES CO.,LTD
58D812	TP-Link Systems Inc.
A4431B	Dreamtek Intelligent Technology Co., Ltd
2C63A1	Huawei Device Co., Ltd.
B49107	HUAWEI TECHNOLOGIES CO.,LTD
FCEFD7	HUAWEI TECHNOLOGIES CO.,LTD
9047C2	Intel Corporate
4840D5	Intel Corporate
841DE8	 CJ intelligent technology LTD.
C484C0	Motorola Mobility LLC, a Lenovo Company
A4F8FF	Ubiquiti Inc
CC35D9	Ubiquiti Inc
507164	Cisco Systems, Inc
18A084	Apple, Inc.
582A93	Apple, Inc.
64C905	Apple, Inc.
506382	HUAWEI TECHNOLOGIES CO.,LTD
BC68C3	HUAWEI TECHNOLOGIES CO.,LTD
3CBFD7	Apple, Inc.
887E9B	Apple, Inc.
542A43	Apple, Inc.
A493FE	HUAWEI TECHNOLOGIES CO.,LTD
E868B1	GUANGDONG OPPO MOBILE TELECOMMUNICATIONS CORP.,LTD
B0F079	GUANGDONG OPPO MOBILE TELECOMMUNICATIONS CORP.,LTD
449A52	zte corporation
64CA80	Realme Chongqing Mobile Telecommunications Corp.,Ltd.
40BA09	Dell Inc.
ACE606	Honor Device Co., Ltd.
CCFA95	Honor Device Co., Ltd.
64ACE0	Samsung Electronics Co.,Ltd
DCB87D	Hewlett Packard Enterprise
982BA6	Motorola Mobility LLC, a Lenovo Company
246800	Samsung Electronics Co.,Ltd
F067B1	Samsung Electronics Co.,Ltd
900A48	Samsung Electronics Co.,Ltd
ECB9A5	Huawei Device Co., Ltd.
04801A	Huawei Device Co., Ltd.
FCEB7B	HUAWEI TECHNOLOGIES CO.,LTD
00CC05	HUAWEI TECHNOLOGIES CO.,LTD
B41584	Samsung Electronics Co.,Ltd
041C6C	Intel Corporate
109ABA	Intel Corporate
AC05C7	Intel Corporate
44EF26	Qingdao Intelligent&Precise Electronics Co.,Ltd.
689268	Motorola Mobility LLC, a Lenovo Company
143EC2	Intel Corporate
44321D	HUAWEI TECHNOLOGIES CO.,LTD
944667	Cisco Systems, Inc
8C142A	Cisco Systems, Inc
20AEB6	Huawei Device Co., Ltd.
7C162A	Huawei Device Co., Ltd.
E0A447	zte corporation
B0DE31	Samsung Electronics Co.,Ltd
80E8A4	zte corporation
84016E	Honor Device Co., Ltd.
904DE2	Apple, Inc.
ECDCAA	Apple, Inc.
08240B	Apple, Inc.
84DD84	Cisco Systems, Inc
306222	Samsung Electronics Co.,Ltd
3C846A	TP-LINK TECHNOLOGIES CO.,LTD.
84D81B	TP-LINK TECHNOLOGIES CO.,LTD.
D84732	TP-LINK TECHNOLOGIES CO.,LTD.
245A5F	TP-LINK TECHNOLOGIES CO.,LTD.
485F08	TP-LINK TECHNOLOGIES CO.,LTD.
F86FB0	TP-LINK TECHNOLOGIES CO.,LTD.
E47010	Apple, Inc.
EC6073	TP-LINK TECHNOLOGIES CO.,LTD.
A41A3A	TP-LINK TECHNOLOGIES CO.,LTD.
7CB59B	TP-LINK TECHNOLOGIES CO.,LTD.
84B890	TP-LINK TECHNOLOGIES CO.,LTD.
D8C262	Ubiquiti Inc
C0582E	Cisco Systems, Inc
E4135C	Cisco Systems, Inc
D8C960	Huawei Device Co., Ltd.
30E226	Apple, Inc.
842789	Apple, Inc.
D032E7	Tuya Smart Inc.
4890F0	Dell Inc.
88F2CE	Apple, Inc.
881032	Apple, Inc.
34C386	Apple, Inc.
ACE6FB	Apple, Inc.
74DDF0	SHEN ZHEN TENDA TECHNOLOGY CO.,LTD
803FD4	Apple, Inc.
44E853	Apple, Inc.
DCE541	Apple, Inc.
B42802	Intel Corporate
987552	Xiaomi Communications Co Ltd
34AC2F	zte corporation
843CFC	HUAWEI TECHNOLOGIES CO.,LTD
103B54	HUAWEI TECHNOLOGIES CO.,LTD
34EFD7	HUAWEI TECHNOLOGIES CO.,LTD
3C75DE	GUANGDONG OPPO MOBILE TELECOMMUNICATIONS CORP.,LTD
7849D7	Samsung Electronics Co.,Ltd
90F80C	Samsung Electronics Co.,Ltd
1C84A6	Cisco Systems, Inc
1C2226	Cisco Systems, Inc
4882DF	Huawei Device Co., Ltd.
4C3CE2	Huawei Device Co., Ltd.
74518F	Jiangsu Hetai Intelligent Control Technology Co., Ltd
F48974	Cisco Systems, Inc
ACF878	Tuya Smart Inc.
A8DDBC	Tuya Smart Inc.
C8B0B2	zte corporation
D89333	HUAWEI TECHNOLOGIES CO.,LTD
7C1960	HUAWEI TECHNOLOGIES CO.,LTD
247755	Huawei Device Co., Ltd.
4CCBEA	Huawei Device Co., Ltd.
38C1ED	Xiaomi Communications Co Ltd
14A6B9	Samsung Electronics Co.,Ltd
7C0CF1	Beijing Xiaomi Mobile Software Co., Ltd
802A13	Realme Chongqing Mobile Telecommunications Corp.,Ltd.
BCEBE8	Samsung Electronics Co.,Ltd
F0E426	Samsung Electronics Co.,Ltd
94B43A	Samsung Electronics Co.,Ltd
687DAC	Samsung Electronics Co.,Ltd
20CC73	Samsung Electronics Co.,Ltd
780E3E	HUAWEI TECHNOLOGIES CO.,LTD
F8293A	HUAWEI TECHNOLOGIES CO.,LTD
342D0F	zte corporation
E407B4	HUAWEI TECHNOLOGIES CO.,LTD
909412	GUANGDONG OPPO MOBILE TELECOMMUNICATIONS CORP.,LTD
140498	Apple, Inc.
14D55C	Apple, Inc.
186FA7	SHEN ZHEN TENDA TECHNOLOGY CO.,LTD
AC4E74	SHEN ZHEN TENDA TECHNOLOGY CO.,LTD
808426	Huawei Device Co., Ltd.
D05D01	TP-Link Systems Inc.
